Blender 4.5.3 LTS (hash 67807e1800cc built 2025-09-09 01:33:39)
Fra:1 Mem:15.21M (Peak 15.21M) | Time:00:00.01 | Mem:0.00M, Peak:0.00M | Scene, ViewLayer | Synchronizing object | Flight armor
Fra:1 Mem:15.21M (Peak 15.21M) | Time:00:00.01 | Mem:0.00M, Peak:0.00M | Scene, ViewLayer | Synchronizing object | Belt pouch
Fra:1 Mem:15.21M (Peak 15.21M) | Time:00:00.01 | Mem:0.00M, Peak:0.00M | Scene, ViewLayer | Synchronizing object | Thigh
Fra:1 Mem:17.22M (Peak 17.22M) | Time:00:00.01 | Mem:0.00M, Peak:0.00M | Scene, ViewLayer | Synchronizing object | Knee gasket
Fra:1 Mem:17.23M (Peak 17.23M) | Time:00:00.01 | Mem:0.00M, Peak:0.00M | Scene, ViewLayer | Synchronizing object | Knee plate
Fra:1 Mem:17.26M (Peak 17.26M) | Time:00:00.01 | Mem:0.00M, Peak:0.00M | Scene, ViewLayer | Synchronizing object | Rim
Fra:1 Mem:17.26M (Peak 17.26M) | Time:00:00.01 | Mem:0.00M, Peak:0.00M | Scene, ViewLayer | Synchronizing object | Key
Fra:1 Mem:17.26M (Peak 17.26M) | Time:00:00.01 | Mem:0.00M, Peak:0.00M | Scene, ViewLayer | Synchronizing object | Rear hair locks.001
Fra:1 Mem:17.32M (Peak 17.32M) | Time:00:00.01 | Mem:0.00M, Peak:0.00M | Scene, ViewLayer | Synchronizing object | Rear hair locks
Fra:1 Mem:17.32M (Peak 17.32M) | Time:00:00.01 | Mem:0.00M, Peak:0.00M | Scene, ViewLayer | Synchronizing object | Toe plate
Fra:1 Mem:17.34M (Peak 17.34M) | Time:00:00.01 | Mem:0.00M, Peak:0.00M | Scene, ViewLayer | Synchronizing object | Expedition cape
Fra:1 Mem:17.34M (Peak 17.34M) | Time:00:00.01 | Mem:0.00M, Peak:0.00M | Scene, ViewLayer | Synchronizing object | Mouth
Fra:1 Mem:17.37M (Peak 17.37M) | Time:00:00.01 | Mem:0.00M, Peak:0.00M | Scene, ViewLayer | Synchronizing object | Boot trim
Fra:1 Mem:17.55M (Peak 17.55M) | Time:00:00.01 | Mem:0.00M, Peak:0.00M | Scene, ViewLayer | Synchronizing object | Upper sleeve
Fra:1 Mem:17.53M (Peak 17.55M) | Time:00:00.01 | Mem:0.00M, Peak:0.00M | Scene, ViewLayer | Synchronizing object | Mission stripe
Fra:1 Mem:17.62M (Peak 17.62M) | Time:00:00.01 | Mem:0.00M, Peak:0.00M | Scene, ViewLayer | Synchronizing object | Elbow joint
Fra:1 Mem:17.62M (Peak 17.62M) | Time:00:00.01 | Mem:0.00M, Peak:0.00M | Scene, ViewLayer | Synchronizing object | Nose
Fra:1 Mem:17.52M (Peak 17.62M) | Time:00:00.01 | Mem:0.00M, Peak:0.00M | Scene, ViewLayer | Synchronizing object | Gauntlet
Fra:1 Mem:17.55M (Peak 17.62M) | Time:00:00.01 | Mem:0.00M, Peak:0.00M | Scene, ViewLayer | Synchronizing object | Knee gasket.001
Fra:1 Mem:17.56M (Peak 17.62M) | Time:00:00.01 | Mem:0.00M, Peak:0.00M | Scene, ViewLayer | Synchronizing object | Boot.001
Fra:1 Mem:17.57M (Peak 17.62M) | Time:00:00.01 | Mem:0.00M, Peak:0.00M | Scene, ViewLayer | Synchronizing object | Toe plate.001
Fra:1 Mem:17.62M (Peak 17.62M) | Time:00:00.01 | Mem:0.00M, Peak:0.00M | Scene, ViewLayer | Synchronizing object | Boot trim.001
Fra:1 Mem:17.64M (Peak 17.64M) | Time:00:00.01 | Mem:0.00M, Peak:0.00M | Scene, ViewLayer | Synchronizing object | Upper sleeve.001
Fra:1 Mem:17.67M (Peak 17.67M) | Time:00:00.01 | Mem:0.00M, Peak:0.00M | Scene, ViewLayer | Synchronizing object | Eye.001
Fra:1 Mem:17.67M (Peak 17.67M) | Time:00:00.01 | Mem:0.00M, Peak:0.00M | Scene, ViewLayer | Synchronizing object | Gauntlet.001
Fra:1 Mem:17.71M (Peak 17.71M) | Time:00:00.01 | Mem:0.00M, Peak:0.00M | Scene, ViewLayer | Synchronizing object | Glove.001
Fra:1 Mem:17.77M (Peak 17.77M) | Time:00:00.01 | Mem:0.00M, Peak:0.00M | Scene, ViewLayer | Synchronizing object | Wrist display.001
Fra:1 Mem:17.78M (Peak 17.78M) | Time:00:00.01 | Mem:0.00M, Peak:0.00M | Scene, ViewLayer | Synchronizing object | Chest cuirass
Fra:1 Mem:17.80M (Peak 17.80M) | Time:00:00.01 | Mem:0.00M, Peak:0.00M | Scene, ViewLayer | Synchronizing object | Chest seam
Fra:1 Mem:17.84M (Peak 17.84M) | Time:00:00.01 | Mem:0.00M, Peak:0.00M | Scene, ViewLayer | Synchronizing object | Scarf collar
Fra:1 Mem:17.89M (Peak 17.89M) | Time:00:00.01 | Mem:0.00M, Peak:0.00M | Scene, ViewLayer | Synchronizing object | Face
Fra:1 Mem:17.85M (Peak 17.89M) | Time:00:00.01 | Mem:0.00M, Peak:0.00M | Scene, ViewLayer | Synchronizing object | Side hair.001
Fra:1 Mem:17.86M (Peak 17.89M) | Time:00:00.01 | Mem:0.00M, Peak:0.00M | Scene, ViewLayer | Synchronizing object | Silver fringe
Fra:1 Mem:17.89M (Peak 17.89M) | Time:00:00.01 | Mem:0.00M, Peak:0.00M | Scene, ViewLayer | Synchronizing object | Silver fringe.001
Fra:1 Mem:17.91M (Peak 17.91M) | Time:00:00.01 | Mem:0.00M, Peak:0.00M | Scene, ViewLayer | Synchronizing object | Silver fringe.003
Fra:1 Mem:17.91M (Peak 17.91M) | Time:00:00.01 | Mem:0.00M, Peak:0.00M | Scene, ViewLayer | Synchronizing object | Eye
Fra:1 Mem:17.99M (Peak 17.99M) | Time:00:00.01 | Mem:0.00M, Peak:0.00M | Scene, ViewLayer | Synchronizing object | Eye light
Fra:1 Mem:18.09M (Peak 18.09M) | Time:00:00.01 | Mem:0.00M, Peak:0.00M | Scene, ViewLayer | Initializing
Fra:1 Mem:14.95M (Peak 18.09M) | Time:00:00.01 | Mem:0.00M, Peak:0.00M | Scene, ViewLayer | Waiting for render to start
Fra:1 Mem:14.95M (Peak 18.09M) | Time:00:00.01 | Mem:0.00M, Peak:0.00M | Scene, ViewLayer | Updating Scene
Fra:1 Mem:14.95M (Peak 18.09M) | Time:00:00.01 | Mem:0.00M, Peak:0.00M | Scene, ViewLayer | Updating Shaders
Fra:1 Mem:14.95M (Peak 18.09M) | Time:00:00.01 | Mem:0.00M, Peak:0.00M | Scene, ViewLayer | Loading render kernels (may take a few minutes the first time)
Fra:1 Mem:15.04M (Peak 18.09M) | Time:00:00.01 | Mem:0.01M, Peak:0.01M | Scene, ViewLayer | Updating Procedurals
Fra:1 Mem:15.04M (Peak 18.09M) | Time:00:00.01 | Mem:0.01M, Peak:0.01M | Scene, ViewLayer | Updating Background
Fra:1 Mem:15.04M (Peak 18.09M) | Time:00:00.01 | Mem:0.01M, Peak:0.01M | Scene, ViewLayer | Updating Camera
Fra:1 Mem:15.04M (Peak 18.09M) | Time:00:00.01 | Mem:0.01M, Peak:0.01M | Scene, ViewLayer | Updating Meshes Flags
Fra:1 Mem:15.04M (Peak 18.09M) | Time:00:00.01 | Mem:0.01M, Peak:0.01M | Scene, ViewLayer | Updating Objects
Fra:1 Mem:15.04M (Peak 18.09M) | Time:00:00.01 | Mem:0.01M, Peak:0.01M | Scene, ViewLayer | Updating Objects | Copying Transformations to device
Fra:1 Mem:15.05M (Peak 18.09M) | Time:00:00.01 | Mem:0.02M, Peak:0.02M | Scene, ViewLayer | Updating Particle Systems
Fra:1 Mem:15.05M (Peak 18.09M) | Time:00:00.01 | Mem:0.02M, Peak:0.02M | Scene, ViewLayer | Updating Particle Systems | Copying Particles to device
Fra:1 Mem:15.05M (Peak 18.09M) | Time:00:00.01 | Mem:0.02M, Peak:0.02M | Scene, ViewLayer | Updating Meshes
Fra:1 Mem:15.05M (Peak 18.09M) | Time:00:00.01 | Mem:0.02M, Peak:0.02M | Scene, ViewLayer | Updating Objects | Applying Static Transformations
Fra:1 Mem:15.05M (Peak 18.09M) | Time:00:00.01 | Mem:0.02M, Peak:0.02M | Scene, ViewLayer | Updating Mesh | Computing attributes
Fra:1 Mem:15.16M (Peak 18.09M) | Time:00:00.01 | Mem:0.02M, Peak:0.02M | Scene, ViewLayer | Updating Mesh | Copying Attributes to device
Fra:1 Mem:15.16M (Peak 18.09M) | Time:00:00.01 | Mem:0.12M, Peak:0.12M | Scene, ViewLayer | Updating Scene BVH | Building
Fra:1 Mem:15.16M (Peak 18.09M) | Time:00:00.01 | Mem:0.12M, Peak:0.12M | Scene, ViewLayer | Updating Scene BVH | Building BVH
Fra:1 Mem:15.16M (Peak 18.09M) | Time:00:00.01 | Mem:0.43M, Peak:0.43M | Scene, ViewLayer | Updating Scene BVH | Building BVH 0%
Fra:1 Mem:15.16M (Peak 18.09M) | Time:00:00.01 | Mem:0.76M, Peak:1.06M | Scene, ViewLayer | Updating Scene BVH | Copying BVH to device
Fra:1 Mem:15.16M (Peak 18.09M) | Time:00:00.01 | Mem:0.76M, Peak:1.06M | Scene, ViewLayer | Updating Mesh | Computing normals
Fra:1 Mem:15.51M (Peak 18.09M) | Time:00:00.01 | Mem:0.76M, Peak:1.06M | Scene, ViewLayer | Updating Mesh | Copying Mesh to device
Fra:1 Mem:15.51M (Peak 18.09M) | Time:00:00.01 | Mem:1.11M, Peak:1.11M | Scene, ViewLayer | Updating Objects Flags
Fra:1 Mem:15.51M (Peak 18.09M) | Time:00:00.01 | Mem:1.11M, Peak:1.11M | Scene, ViewLayer | Updating Primitive Offsets
Fra:1 Mem:15.51M (Peak 18.09M) | Time:00:00.01 | Mem:1.11M, Peak:1.11M | Scene, ViewLayer | Updating Images
Fra:1 Mem:15.51M (Peak 18.09M) | Time:00:00.01 | Mem:1.11M, Peak:1.11M | Scene, ViewLayer | Updating Camera Volume
Fra:1 Mem:15.51M (Peak 18.09M) | Time:00:00.01 | Mem:1.11M, Peak:1.11M | Scene, ViewLayer | Updating Lookup Tables
Fra:1 Mem:15.51M (Peak 18.09M) | Time:00:00.01 | Mem:1.19M, Peak:1.19M | Scene, ViewLayer | Updating Lights
Fra:1 Mem:15.51M (Peak 18.09M) | Time:00:00.01 | Mem:1.19M, Peak:1.19M | Scene, ViewLayer | Updating Lights | Computing tree
Fra:1 Mem:15.51M (Peak 18.09M) | Time:00:00.01 | Mem:1.19M, Peak:1.19M | Scene, ViewLayer | Updating Integrator
Fra:1 Mem:15.51M (Peak 18.09M) | Time:00:00.01 | Mem:1.19M, Peak:1.19M | Scene, ViewLayer | Updating Film
Fra:1 Mem:15.51M (Peak 18.09M) | Time:00:00.01 | Mem:1.11M, Peak:1.19M | Scene, ViewLayer | Updating Lookup Tables
Fra:1 Mem:15.51M (Peak 18.09M) | Time:00:00.01 | Mem:1.20M, Peak:1.20M | Scene, ViewLayer | Updating Baking
Fra:1 Mem:15.51M (Peak 18.09M) | Time:00:00.01 | Mem:1.20M, Peak:1.20M | Scene, ViewLayer | Updating Device | Writing constant memory
Fra:1 Mem:15.52M (Peak 18.09M) | Time:00:00.01 | Mem:1.20M, Peak:1.20M | Scene, ViewLayer | Loading denoising kernels (may take a few minutes the first time)
Fra:1 Mem:15.52M (Peak 18.09M) | Time:00:00.01 | Mem:1.20M, Peak:1.20M | Scene, ViewLayer | Sample 0/32
Fra:1 Mem:21.61M (Peak 21.61M) | Time:00:00.02 | Remaining:00:00.17 | Mem:7.14M, Peak:7.14M | Scene, ViewLayer | Sample 1/32
Fra:1 Mem:24.12M (Peak 27.87M) | Time:00:00.31 | Mem:7.14M, Peak:7.14M | Scene, ViewLayer | Sample 32/32
Fra:1 Mem:24.12M (Peak 27.87M) | Time:00:00.31 | Mem:7.14M, Peak:7.14M | Scene, ViewLayer | Finished
Saved: '/Users/al/git/Starbase2/.local/character-frames/captain/front-0.png'
Time: 00:00.33 (Saving: 00:00.01)

Fra:1 Mem:17.31M (Peak 17.31M) | Time:00:00.00 | Mem:0.00M, Peak:0.00M | Scene, ViewLayer | Synchronizing object | Utility belt
Fra:1 Mem:17.32M (Peak 17.32M) | Time:00:00.00 | Mem:0.00M, Peak:0.00M | Scene, ViewLayer | Synchronizing object | Belt pouch.001
Fra:1 Mem:17.34M (Peak 17.34M) | Time:00:00.00 | Mem:0.00M, Peak:0.00M | Scene, ViewLayer | Synchronizing object | Knee plate
Fra:1 Mem:17.40M (Peak 17.40M) | Time:00:00.00 | Mem:0.00M, Peak:0.00M | Scene, ViewLayer | Synchronizing object | Shin
Fra:1 Mem:17.40M (Peak 17.40M) | Time:00:00.00 | Mem:0.00M, Peak:0.00M | Scene, ViewLayer | Synchronizing object | Boot
Fra:1 Mem:17.41M (Peak 17.41M) | Time:00:00.00 | Mem:0.00M, Peak:0.00M | Scene, ViewLayer | Synchronizing object | Toe plate
Fra:1 Mem:17.44M (Peak 17.44M) | Time:00:00.00 | Mem:0.00M, Peak:0.00M | Scene, ViewLayer | Synchronizing object | Boot trim
Fra:1 Mem:17.47M (Peak 17.47M) | Time:00:00.00 | Mem:0.00M, Peak:0.00M | Scene, ViewLayer | Synchronizing object | Upper sleeve
Fra:1 Mem:17.52M (Peak 17.52M) | Time:00:00.00 | Mem:0.00M, Peak:0.00M | Scene, ViewLayer | Synchronizing object | Rim
Fra:1 Mem:17.53M (Peak 17.53M) | Time:00:00.00 | Mem:0.00M, Peak:0.00M | Scene, ViewLayer | Synchronizing object | Key
Fra:1 Mem:17.51M (Peak 17.53M) | Time:00:00.00 | Mem:0.00M, Peak:0.00M | Scene, ViewLayer | Synchronizing object | Rear hair locks.001
Fra:1 Mem:17.52M (Peak 17.53M) | Time:00:00.00 | Mem:0.00M, Peak:0.00M | Scene, ViewLayer | Synchronizing object | Mission stripe
Fra:1 Mem:17.54M (Peak 17.54M) | Time:00:00.00 | Mem:0.00M, Peak:0.00M | Scene, ViewLayer | Synchronizing object | Elbow joint
Fra:1 Mem:17.55M (Peak 17.55M) | Time:00:00.00 | Mem:0.00M, Peak:0.00M | Scene, ViewLayer | Synchronizing object | Gauntlet
Fra:1 Mem:17.54M (Peak 17.55M) | Time:00:00.00 | Mem:0.00M, Peak:0.00M | Scene, ViewLayer | Synchronizing object | Glove
Fra:1 Mem:17.56M (Peak 17.56M) | Time:00:00.00 | Mem:0.00M, Peak:0.00M | Scene, ViewLayer | Synchronizing object | Knee gasket.001
Fra:1 Mem:17.58M (Peak 17.58M) | Time:00:00.00 | Mem:0.00M, Peak:0.00M | Scene, ViewLayer | Synchronizing object | Shin.001
Fra:1 Mem:17.62M (Peak 17.62M) | Time:00:00.00 | Mem:0.00M, Peak:0.00M | Scene, ViewLayer | Synchronizing object | Boot.001
Fra:1 Mem:17.60M (Peak 17.62M) | Time:00:00.00 | Mem:0.00M, Peak:0.00M | Scene, ViewLayer | Synchronizing object | Toe plate.001
Fra:1 Mem:17.62M (Peak 17.62M) | Time:00:00.00 | Mem:0.00M, Peak:0.00M | Scene, ViewLayer | Synchronizing object | Boot trim.001
Fra:1 Mem:17.70M (Peak 17.70M) | Time:00:00.00 | Mem:0.00M, Peak:0.00M | Scene, ViewLayer | Synchronizing object | Shoulder shell.001
Fra:1 Mem:17.73M (Peak 17.73M) | Time:00:00.00 | Mem:0.00M, Peak:0.00M | Scene, ViewLayer | Synchronizing object | Gauntlet.001
Fra:1 Mem:17.74M (Peak 17.74M) | Time:00:00.00 | Mem:0.00M, Peak:0.00M | Scene, ViewLayer | Synchronizing object | Glove.001
Fra:1 Mem:17.74M (Peak 17.74M) | Time:00:00.00 | Mem:0.00M, Peak:0.00M | Scene, ViewLayer | Synchronizing object | Wrist display.001
Fra:1 Mem:17.76M (Peak 17.76M) | Time:00:00.00 | Mem:0.00M, Peak:0.00M | Scene, ViewLayer | Synchronizing object | Chest cuirass
Fra:1 Mem:17.78M (Peak 17.78M) | Time:00:00.00 | Mem:0.00M, Peak:0.00M | Scene, ViewLayer | Synchronizing object | Expedition cape
Fra:1 Mem:17.77M (Peak 17.78M) | Time:00:00.00 | Mem:0.00M, Peak:0.00M | Scene, ViewLayer | Synchronizing object | Scarf collar
Fra:1 Mem:17.79M (Peak 17.79M) | Time:00:00.00 | Mem:0.00M, Peak:0.00M | Scene, ViewLayer | Synchronizing object | Mouth
Fra:1 Mem:17.80M (Peak 17.80M) | Time:00:00.00 | Mem:0.00M, Peak:0.00M | Scene, ViewLayer | Synchronizing object | Face
Fra:1 Mem:17.86M (Peak 17.86M) | Time:00:00.00 | Mem:0.00M, Peak:0.00M | Scene, ViewLayer | Synchronizing object | Hair crown
Fra:1 Mem:17.90M (Peak 17.90M) | Time:00:00.00 | Mem:0.00M, Peak:0.00M | Scene, ViewLayer | Synchronizing object | Side hair
Fra:1 Mem:17.89M (Peak 17.90M) | Time:00:00.00 | Mem:0.00M, Peak:0.00M | Scene, ViewLayer | Synchronizing object | Silver fringe
Fra:1 Mem:17.94M (Peak 17.94M) | Time:00:00.00 | Mem:0.00M, Peak:0.00M | Scene, ViewLayer | Synchronizing object | Silver fringe.001
Fra:1 Mem:17.98M (Peak 17.98M) | Time:00:00.00 | Mem:0.00M, Peak:0.00M | Scene, ViewLayer | Synchronizing object | Silver fringe.002
Fra:1 Mem:17.99M (Peak 17.99M) | Time:00:00.00 | Mem:0.00M, Peak:0.00M | Scene, ViewLayer | Synchronizing object | Eye outline
Fra:1 Mem:18.03M (Peak 18.03M) | Time:00:00.00 | Mem:0.00M, Peak:0.00M | Scene, ViewLayer | Synchronizing object | Eye
Fra:1 Mem:18.00M (Peak 18.03M) | Time:00:00.00 | Mem:0.00M, Peak:0.00M | Scene, ViewLayer | Synchronizing object | Eye light
Fra:1 Mem:18.01M (Peak 18.03M) | Time:00:00.00 | Mem:0.00M, Peak:0.00M | Scene, ViewLayer | Synchronizing object | Eye light.001
Fra:1 Mem:18.05M (Peak 18.05M) | Time:00:00.00 | Mem:0.00M, Peak:0.00M | Scene, ViewLayer | Synchronizing object | Nose
Fra:1 Mem:18.09M (Peak 18.09M) | Time:00:00.00 | Mem:0.00M, Peak:0.00M | Scene, ViewLayer | Initializing
Fra:1 Mem:14.95M (Peak 18.09M) | Time:00:00.00 | Mem:0.00M, Peak:0.00M | Scene, ViewLayer | Waiting for render to start
Fra:1 Mem:14.95M (Peak 18.09M) | Time:00:00.00 | Mem:0.00M, Peak:0.00M | Scene, ViewLayer | Updating Scene
Fra:1 Mem:14.95M (Peak 18.09M) | Time:00:00.00 | Mem:0.00M, Peak:0.00M | Scene, ViewLayer | Updating Shaders
Fra:1 Mem:14.95M (Peak 18.09M) | Time:00:00.00 | Mem:0.00M, Peak:0.00M | Scene, ViewLayer | Loading render kernels (may take a few minutes the first time)
Fra:1 Mem:15.04M (Peak 18.09M) | Time:00:00.00 | Mem:0.01M, Peak:0.01M | Scene, ViewLayer | Updating Procedurals
Fra:1 Mem:15.04M (Peak 18.09M) | Time:00:00.00 | Mem:0.01M, Peak:0.01M | Scene, ViewLayer | Updating Background
Fra:1 Mem:15.04M (Peak 18.09M) | Time:00:00.00 | Mem:0.01M, Peak:0.01M | Scene, ViewLayer | Updating Camera
Fra:1 Mem:15.04M (Peak 18.09M) | Time:00:00.00 | Mem:0.01M, Peak:0.01M | Scene, ViewLayer | Updating Meshes Flags
Fra:1 Mem:15.04M (Peak 18.09M) | Time:00:00.00 | Mem:0.01M, Peak:0.01M | Scene, ViewLayer | Updating Objects
Fra:1 Mem:15.04M (Peak 18.09M) | Time:00:00.00 | Mem:0.01M, Peak:0.01M | Scene, ViewLayer | Updating Objects | Copying Transformations to device
Fra:1 Mem:15.05M (Peak 18.09M) | Time:00:00.00 | Mem:0.02M, Peak:0.02M | Scene, ViewLayer | Updating Particle Systems
Fra:1 Mem:15.05M (Peak 18.09M) | Time:00:00.00 | Mem:0.02M, Peak:0.02M | Scene, ViewLayer | Updating Particle Systems | Copying Particles to device
Fra:1 Mem:15.05M (Peak 18.09M) | Time:00:00.00 | Mem:0.02M, Peak:0.02M | Scene, ViewLayer | Updating Meshes
Fra:1 Mem:15.05M (Peak 18.09M) | Time:00:00.00 | Mem:0.02M, Peak:0.02M | Scene, ViewLayer | Updating Objects | Applying Static Transformations
Fra:1 Mem:15.05M (Peak 18.09M) | Time:00:00.00 | Mem:0.02M, Peak:0.02M | Scene, ViewLayer | Updating Mesh | Computing attributes
Fra:1 Mem:15.16M (Peak 18.09M) | Time:00:00.00 | Mem:0.02M, Peak:0.02M | Scene, ViewLayer | Updating Mesh | Copying Attributes to device
Fra:1 Mem:15.16M (Peak 18.09M) | Time:00:00.00 | Mem:0.12M, Peak:0.12M | Scene, ViewLayer | Updating Scene BVH | Building
Fra:1 Mem:15.16M (Peak 18.09M) | Time:00:00.00 | Mem:0.12M, Peak:0.12M | Scene, ViewLayer | Updating Scene BVH | Building BVH
Fra:1 Mem:15.16M (Peak 18.09M) | Time:00:00.00 | Mem:0.43M, Peak:0.43M | Scene, ViewLayer | Updating Scene BVH | Building BVH 0%
Fra:1 Mem:15.16M (Peak 18.09M) | Time:00:00.00 | Mem:0.76M, Peak:1.06M | Scene, ViewLayer | Updating Scene BVH | Copying BVH to device
Fra:1 Mem:15.16M (Peak 18.09M) | Time:00:00.00 | Mem:0.76M, Peak:1.06M | Scene, ViewLayer | Updating Mesh | Computing normals
Fra:1 Mem:15.51M (Peak 18.09M) | Time:00:00.00 | Mem:0.76M, Peak:1.06M | Scene, ViewLayer | Updating Mesh | Copying Mesh to device
Fra:1 Mem:15.51M (Peak 18.09M) | Time:00:00.00 | Mem:1.11M, Peak:1.11M | Scene, ViewLayer | Updating Objects Flags
Fra:1 Mem:15.51M (Peak 18.09M) | Time:00:00.00 | Mem:1.11M, Peak:1.11M | Scene, ViewLayer | Updating Primitive Offsets
Fra:1 Mem:15.51M (Peak 18.09M) | Time:00:00.00 | Mem:1.11M, Peak:1.11M | Scene, ViewLayer | Updating Images
Fra:1 Mem:15.51M (Peak 18.09M) | Time:00:00.00 | Mem:1.11M, Peak:1.11M | Scene, ViewLayer | Updating Camera Volume
Fra:1 Mem:15.51M (Peak 18.09M) | Time:00:00.00 | Mem:1.11M, Peak:1.11M | Scene, ViewLayer | Updating Lookup Tables
Fra:1 Mem:15.51M (Peak 18.09M) | Time:00:00.00 | Mem:1.19M, Peak:1.19M | Scene, ViewLayer | Updating Lights
Fra:1 Mem:15.51M (Peak 18.09M) | Time:00:00.00 | Mem:1.19M, Peak:1.19M | Scene, ViewLayer | Updating Lights | Computing tree
Fra:1 Mem:15.51M (Peak 18.09M) | Time:00:00.00 | Mem:1.19M, Peak:1.19M | Scene, ViewLayer | Updating Integrator
Fra:1 Mem:15.51M (Peak 18.09M) | Time:00:00.00 | Mem:1.19M, Peak:1.19M | Scene, ViewLayer | Updating Film
Fra:1 Mem:15.51M (Peak 18.09M) | Time:00:00.00 | Mem:1.11M, Peak:1.19M | Scene, ViewLayer | Updating Lookup Tables
Fra:1 Mem:15.51M (Peak 18.09M) | Time:00:00.00 | Mem:1.20M, Peak:1.20M | Scene, ViewLayer | Updating Baking
Fra:1 Mem:15.51M (Peak 18.09M) | Time:00:00.00 | Mem:1.20M, Peak:1.20M | Scene, ViewLayer | Updating Device | Writing constant memory
Fra:1 Mem:15.52M (Peak 18.09M) | Time:00:00.00 | Mem:1.20M, Peak:1.20M | Scene, ViewLayer | Loading denoising kernels (may take a few minutes the first time)
Fra:1 Mem:15.52M (Peak 18.09M) | Time:00:00.00 | Mem:1.20M, Peak:1.20M | Scene, ViewLayer | Sample 0/32
Fra:1 Mem:21.61M (Peak 21.61M) | Time:00:00.00 | Remaining:00:00.12 | Mem:7.14M, Peak:7.14M | Scene, ViewLayer | Sample 1/32
Fra:1 Mem:24.12M (Peak 27.87M) | Time:00:00.25 | Mem:7.14M, Peak:7.14M | Scene, ViewLayer | Sample 32/32
Fra:1 Mem:24.12M (Peak 27.87M) | Time:00:00.25 | Mem:7.14M, Peak:7.14M | Scene, ViewLayer | Finished
Saved: '/Users/al/git/Starbase2/.local/character-frames/captain/front-1.png'
Time: 00:00.25 (Saving: 00:00.00)

Fra:1 Mem:17.31M (Peak 17.31M) | Time:00:00.00 | Mem:0.00M, Peak:0.00M | Scene, ViewLayer | Synchronizing object | Flight armor
Fra:1 Mem:17.32M (Peak 17.32M) | Time:00:00.00 | Mem:0.00M, Peak:0.00M | Scene, ViewLayer | Synchronizing object | Belt pouch.001
Fra:1 Mem:17.33M (Peak 17.33M) | Time:00:00.00 | Mem:0.00M, Peak:0.00M | Scene, ViewLayer | Synchronizing object | Thigh
Fra:1 Mem:17.36M (Peak 17.36M) | Time:00:00.00 | Mem:0.00M, Peak:0.00M | Scene, ViewLayer | Synchronizing object | Shin
Fra:1 Mem:17.44M (Peak 17.44M) | Time:00:00.00 | Mem:0.00M, Peak:0.00M | Scene, ViewLayer | Synchronizing object | Boot
Fra:1 Mem:17.46M (Peak 17.46M) | Time:00:00.00 | Mem:0.00M, Peak:0.00M | Scene, ViewLayer | Synchronizing object | Toe plate
Fra:1 Mem:17.49M (Peak 17.49M) | Time:00:00.00 | Mem:0.00M, Peak:0.00M | Scene, ViewLayer | Synchronizing object | Rim
Fra:1 Mem:17.49M (Peak 17.49M) | Time:00:00.00 | Mem:0.00M, Peak:0.00M | Scene, ViewLayer | Synchronizing object | Shoulder shell
Fra:1 Mem:17.46M (Peak 17.49M) | Time:00:00.00 | Mem:0.00M, Peak:0.00M | Scene, ViewLayer | Synchronizing object | Glove
Fra:1 Mem:17.48M (Peak 17.49M) | Time:00:00.00 | Mem:0.00M, Peak:0.00M | Scene, ViewLayer | Synchronizing object | Wrist display
Fra:1 Mem:17.49M (Peak 17.49M) | Time:00:00.00 | Mem:0.00M, Peak:0.00M | Scene, ViewLayer | Synchronizing object | Thigh.001
Fra:1 Mem:17.53M (Peak 17.53M) | Time:00:00.00 | Mem:0.00M, Peak:0.00M | Scene, ViewLayer | Synchronizing object | Rear hair locks.001
Fra:1 Mem:17.55M (Peak 17.55M) | Time:00:00.00 | Mem:0.00M, Peak:0.00M | Scene, ViewLayer | Synchronizing object | Knee gasket.001
Fra:1 Mem:17.57M (Peak 17.57M) | Time:00:00.00 | Mem:0.00M, Peak:0.00M | Scene, ViewLayer | Synchronizing object | Rear hair locks
Fra:1 Mem:17.57M (Peak 17.57M) | Time:00:00.00 | Mem:0.00M, Peak:0.00M | Scene, ViewLayer | Synchronizing object | Knee plate.001
Fra:1 Mem:17.57M (Peak 17.57M) | Time:00:00.00 | Mem:0.00M, Peak:0.00M | Scene, ViewLayer | Synchronizing object | Expedition cape
Fra:1 Mem:17.59M (Peak 17.59M) | Time:00:00.00 | Mem:0.00M, Peak:0.00M | Scene, ViewLayer | Synchronizing object | Boot.001
Fra:1 Mem:17.61M (Peak 17.61M) | Time:00:00.00 | Mem:0.00M, Peak:0.00M | Scene, ViewLayer | Synchronizing object | Mouth
Fra:1 Mem:17.62M (Peak 17.62M) | Time:00:00.00 | Mem:0.00M, Peak:0.00M | Scene, ViewLayer | Synchronizing object | Toe plate.001
Fra:1 Mem:17.62M (Peak 17.62M) | Time:00:00.00 | Mem:0.00M, Peak:0.00M | Scene, ViewLayer | Synchronizing object | Boot trim.001
Fra:1 Mem:17.66M (Peak 17.66M) | Time:00:00.00 | Mem:0.00M, Peak:0.00M | Scene, ViewLayer | Synchronizing object | Upper sleeve.001
Fra:1 Mem:17.71M (Peak 17.71M) | Time:00:00.00 | Mem:0.00M, Peak:0.00M | Scene, ViewLayer | Synchronizing object | Shoulder shell.001
Fra:1 Mem:17.72M (Peak 17.72M) | Time:00:00.00 | Mem:0.00M, Peak:0.00M | Scene, ViewLayer | Synchronizing object | Mission stripe.001
Fra:1 Mem:17.75M (Peak 17.75M) | Time:00:00.00 | Mem:0.00M, Peak:0.00M | Scene, ViewLayer | Synchronizing object | Gauntlet.001
Fra:1 Mem:17.82M (Peak 17.82M) | Time:00:00.00 | Mem:0.00M, Peak:0.00M | Scene, ViewLayer | Synchronizing object | Glove.001
Fra:1 Mem:17.85M (Peak 17.85M) | Time:00:00.00 | Mem:0.00M, Peak:0.00M | Scene, ViewLayer | Synchronizing object | Wrist display.001
Fra:1 Mem:17.88M (Peak 17.88M) | Time:00:00.00 | Mem:0.00M, Peak:0.00M | Scene, ViewLayer | Synchronizing object | Chest cuirass
Fra:1 Mem:17.92M (Peak 17.92M) | Time:00:00.00 | Mem:0.00M, Peak:0.00M | Scene, ViewLayer | Synchronizing object | Chest seam
Fra:1 Mem:17.97M (Peak 17.97M) | Time:00:00.00 | Mem:0.00M, Peak:0.00M | Scene, ViewLayer | Synchronizing object | Expedition insignia
Fra:1 Mem:17.97M (Peak 17.97M) | Time:00:00.00 | Mem:0.00M, Peak:0.00M | Scene, ViewLayer | Synchronizing object | Scarf collar
Fra:1 Mem:17.96M (Peak 17.97M) | Time:00:00.00 | Mem:0.00M, Peak:0.00M | Scene, ViewLayer | Synchronizing object | Face
Fra:1 Mem:17.92M (Peak 17.97M) | Time:00:00.00 | Mem:0.00M, Peak:0.00M | Scene, ViewLayer | Synchronizing object | Side hair.001
Fra:1 Mem:17.92M (Peak 17.97M) | Time:00:00.00 | Mem:0.00M, Peak:0.00M | Scene, ViewLayer | Synchronizing object | Silver fringe.001
Fra:1 Mem:17.92M (Peak 17.97M) | Time:00:00.00 | Mem:0.00M, Peak:0.00M | Scene, ViewLayer | Synchronizing object | Eye light.001
Fra:1 Mem:17.93M (Peak 17.97M) | Time:00:00.00 | Mem:0.00M, Peak:0.00M | Scene, ViewLayer | Synchronizing object | Eye outline
Fra:1 Mem:17.95M (Peak 17.97M) | Time:00:00.00 | Mem:0.00M, Peak:0.00M | Scene, ViewLayer | Synchronizing object | Eye light
Fra:1 Mem:17.96M (Peak 17.97M) | Time:00:00.00 | Mem:0.00M, Peak:0.00M | Scene, ViewLayer | Synchronizing object | Eye.001
Fra:1 Mem:18.09M (Peak 18.09M) | Time:00:00.00 | Mem:0.00M, Peak:0.00M | Scene, ViewLayer | Initializing
Fra:1 Mem:14.95M (Peak 18.09M) | Time:00:00.00 | Mem:0.00M, Peak:0.00M | Scene, ViewLayer | Waiting for render to start
Fra:1 Mem:14.95M (Peak 18.09M) | Time:00:00.00 | Mem:0.00M, Peak:0.00M | Scene, ViewLayer | Updating Scene
Fra:1 Mem:14.95M (Peak 18.09M) | Time:00:00.00 | Mem:0.00M, Peak:0.00M | Scene, ViewLayer | Updating Shaders
Fra:1 Mem:14.95M (Peak 18.09M) | Time:00:00.00 | Mem:0.00M, Peak:0.00M | Scene, ViewLayer | Loading render kernels (may take a few minutes the first time)
Fra:1 Mem:15.04M (Peak 18.09M) | Time:00:00.00 | Mem:0.01M, Peak:0.01M | Scene, ViewLayer | Updating Procedurals
Fra:1 Mem:15.04M (Peak 18.09M) | Time:00:00.00 | Mem:0.01M, Peak:0.01M | Scene, ViewLayer | Updating Background
Fra:1 Mem:15.04M (Peak 18.09M) | Time:00:00.00 | Mem:0.01M, Peak:0.01M | Scene, ViewLayer | Updating Camera
Fra:1 Mem:15.04M (Peak 18.09M) | Time:00:00.00 | Mem:0.01M, Peak:0.01M | Scene, ViewLayer | Updating Meshes Flags
Fra:1 Mem:15.04M (Peak 18.09M) | Time:00:00.00 | Mem:0.01M, Peak:0.01M | Scene, ViewLayer | Updating Objects
Fra:1 Mem:15.04M (Peak 18.09M) | Time:00:00.00 | Mem:0.01M, Peak:0.01M | Scene, ViewLayer | Updating Objects | Copying Transformations to device
Fra:1 Mem:15.05M (Peak 18.09M) | Time:00:00.00 | Mem:0.02M, Peak:0.02M | Scene, ViewLayer | Updating Particle Systems
Fra:1 Mem:15.05M (Peak 18.09M) | Time:00:00.00 | Mem:0.02M, Peak:0.02M | Scene, ViewLayer | Updating Particle Systems | Copying Particles to device
Fra:1 Mem:15.05M (Peak 18.09M) | Time:00:00.00 | Mem:0.02M, Peak:0.02M | Scene, ViewLayer | Updating Meshes
Fra:1 Mem:15.05M (Peak 18.09M) | Time:00:00.00 | Mem:0.02M, Peak:0.02M | Scene, ViewLayer | Updating Objects | Applying Static Transformations
Fra:1 Mem:15.05M (Peak 18.09M) | Time:00:00.00 | Mem:0.02M, Peak:0.02M | Scene, ViewLayer | Updating Mesh | Computing attributes
Fra:1 Mem:15.16M (Peak 18.09M) | Time:00:00.00 | Mem:0.02M, Peak:0.02M | Scene, ViewLayer | Updating Mesh | Copying Attributes to device
Fra:1 Mem:15.16M (Peak 18.09M) | Time:00:00.00 | Mem:0.12M, Peak:0.12M | Scene, ViewLayer | Updating Scene BVH | Building
Fra:1 Mem:15.16M (Peak 18.09M) | Time:00:00.00 | Mem:0.12M, Peak:0.12M | Scene, ViewLayer | Updating Scene BVH | Building BVH
Fra:1 Mem:15.16M (Peak 18.09M) | Time:00:00.00 | Mem:0.43M, Peak:0.43M | Scene, ViewLayer | Updating Scene BVH | Building BVH 0%
Fra:1 Mem:15.16M (Peak 18.09M) | Time:00:00.00 | Mem:0.76M, Peak:1.06M | Scene, ViewLayer | Updating Scene BVH | Copying BVH to device
Fra:1 Mem:15.16M (Peak 18.09M) | Time:00:00.00 | Mem:0.76M, Peak:1.06M | Scene, ViewLayer | Updating Mesh | Computing normals
Fra:1 Mem:15.51M (Peak 18.09M) | Time:00:00.00 | Mem:0.76M, Peak:1.06M | Scene, ViewLayer | Updating Mesh | Copying Mesh to device
Fra:1 Mem:15.51M (Peak 18.09M) | Time:00:00.00 | Mem:1.11M, Peak:1.11M | Scene, ViewLayer | Updating Objects Flags
Fra:1 Mem:15.51M (Peak 18.09M) | Time:00:00.00 | Mem:1.11M, Peak:1.11M | Scene, ViewLayer | Updating Primitive Offsets
Fra:1 Mem:15.51M (Peak 18.09M) | Time:00:00.00 | Mem:1.11M, Peak:1.11M | Scene, ViewLayer | Updating Images
Fra:1 Mem:15.51M (Peak 18.09M) | Time:00:00.00 | Mem:1.11M, Peak:1.11M | Scene, ViewLayer | Updating Camera Volume
Fra:1 Mem:15.51M (Peak 18.09M) | Time:00:00.00 | Mem:1.11M, Peak:1.11M | Scene, ViewLayer | Updating Lookup Tables
Fra:1 Mem:15.51M (Peak 18.09M) | Time:00:00.00 | Mem:1.19M, Peak:1.19M | Scene, ViewLayer | Updating Lights
Fra:1 Mem:15.51M (Peak 18.09M) | Time:00:00.00 | Mem:1.19M, Peak:1.19M | Scene, ViewLayer | Updating Lights | Computing tree
Fra:1 Mem:15.51M (Peak 18.09M) | Time:00:00.00 | Mem:1.19M, Peak:1.19M | Scene, ViewLayer | Updating Integrator
Fra:1 Mem:15.51M (Peak 18.09M) | Time:00:00.00 | Mem:1.19M, Peak:1.19M | Scene, ViewLayer | Updating Film
Fra:1 Mem:15.51M (Peak 18.09M) | Time:00:00.00 | Mem:1.11M, Peak:1.19M | Scene, ViewLayer | Updating Lookup Tables
Fra:1 Mem:15.51M (Peak 18.09M) | Time:00:00.00 | Mem:1.20M, Peak:1.20M | Scene, ViewLayer | Updating Baking
Fra:1 Mem:15.51M (Peak 18.09M) | Time:00:00.00 | Mem:1.20M, Peak:1.20M | Scene, ViewLayer | Updating Device | Writing constant memory
Fra:1 Mem:15.52M (Peak 18.09M) | Time:00:00.00 | Mem:1.20M, Peak:1.20M | Scene, ViewLayer | Loading denoising kernels (may take a few minutes the first time)
Fra:1 Mem:15.52M (Peak 18.09M) | Time:00:00.00 | Mem:1.20M, Peak:1.20M | Scene, ViewLayer | Sample 0/32
Fra:1 Mem:21.61M (Peak 21.61M) | Time:00:00.00 | Remaining:00:00.11 | Mem:7.14M, Peak:7.14M | Scene, ViewLayer | Sample 1/32
Fra:1 Mem:24.12M (Peak 27.87M) | Time:00:00.24 | Mem:7.14M, Peak:7.14M | Scene, ViewLayer | Sample 32/32
Fra:1 Mem:24.12M (Peak 27.87M) | Time:00:00.24 | Mem:7.14M, Peak:7.14M | Scene, ViewLayer | Finished
Saved: '/Users/al/git/Starbase2/.local/character-frames/captain/front-2.png'
Time: 00:00.25 (Saving: 00:00.00)

Fra:1 Mem:17.31M (Peak 17.31M) | Time:00:00.00 | Mem:0.00M, Peak:0.00M | Scene, ViewLayer | Synchronizing object | Flight armor
Fra:1 Mem:17.32M (Peak 17.32M) | Time:00:00.00 | Mem:0.00M, Peak:0.00M | Scene, ViewLayer | Synchronizing object | Thigh
Fra:1 Mem:17.33M (Peak 17.33M) | Time:00:00.00 | Mem:0.00M, Peak:0.00M | Scene, ViewLayer | Synchronizing object | Knee plate
Fra:1 Mem:17.43M (Peak 17.43M) | Time:00:00.00 | Mem:0.00M, Peak:0.00M | Scene, ViewLayer | Synchronizing object | Shin
Fra:1 Mem:17.45M (Peak 17.45M) | Time:00:00.00 | Mem:0.00M, Peak:0.00M | Scene, ViewLayer | Synchronizing object | Toe plate
Fra:1 Mem:17.47M (Peak 17.47M) | Time:00:00.00 | Mem:0.00M, Peak:0.00M | Scene, ViewLayer | Synchronizing object | Boot trim
Fra:1 Mem:17.49M (Peak 17.49M) | Time:00:00.00 | Mem:0.00M, Peak:0.00M | Scene, ViewLayer | Synchronizing object | Rim
Fra:1 Mem:17.51M (Peak 17.51M) | Time:00:00.00 | Mem:0.00M, Peak:0.00M | Scene, ViewLayer | Synchronizing object | Upper sleeve
Fra:1 Mem:17.52M (Peak 17.52M) | Time:00:00.00 | Mem:0.00M, Peak:0.00M | Scene, ViewLayer | Synchronizing object | Shoulder shell
Fra:1 Mem:17.54M (Peak 17.54M) | Time:00:00.00 | Mem:0.00M, Peak:0.00M | Scene, ViewLayer | Synchronizing object | Elbow joint
Fra:1 Mem:17.53M (Peak 17.54M) | Time:00:00.00 | Mem:0.00M, Peak:0.00M | Scene, ViewLayer | Synchronizing object | Rear hair locks.001
Fra:1 Mem:17.51M (Peak 17.54M) | Time:00:00.00 | Mem:0.00M, Peak:0.00M | Scene, ViewLayer | Synchronizing object | Gauntlet
Fra:1 Mem:17.53M (Peak 17.54M) | Time:00:00.00 | Mem:0.00M, Peak:0.00M | Scene, ViewLayer | Synchronizing object | Rear hair locks
Fra:1 Mem:17.56M (Peak 17.56M) | Time:00:00.00 | Mem:0.00M, Peak:0.00M | Scene, ViewLayer | Synchronizing object | Knee gasket.001
Fra:1 Mem:17.57M (Peak 17.57M) | Time:00:00.00 | Mem:0.00M, Peak:0.00M | Scene, ViewLayer | Synchronizing object | Knee plate.001
Fra:1 Mem:17.57M (Peak 17.57M) | Time:00:00.00 | Mem:0.00M, Peak:0.00M | Scene, ViewLayer | Synchronizing object | Boot.001
Fra:1 Mem:17.68M (Peak 17.68M) | Time:00:00.00 | Mem:0.00M, Peak:0.00M | Scene, ViewLayer | Synchronizing object | Toe plate.001
Fra:1 Mem:17.69M (Peak 17.69M) | Time:00:00.00 | Mem:0.00M, Peak:0.00M | Scene, ViewLayer | Synchronizing object | Boot trim.001
Fra:1 Mem:17.68M (Peak 17.69M) | Time:00:00.00 | Mem:0.00M, Peak:0.00M | Scene, ViewLayer | Synchronizing object | Upper sleeve.001
Fra:1 Mem:17.68M (Peak 17.69M) | Time:00:00.00 | Mem:0.00M, Peak:0.00M | Scene, ViewLayer | Synchronizing object | Elbow joint.001
Fra:1 Mem:17.71M (Peak 17.71M) | Time:00:00.00 | Mem:0.00M, Peak:0.00M | Scene, ViewLayer | Synchronizing object | Gauntlet.001
Fra:1 Mem:17.69M (Peak 17.71M) | Time:00:00.00 | Mem:0.00M, Peak:0.00M | Scene, ViewLayer | Synchronizing object | Glove.001
Fra:1 Mem:17.72M (Peak 17.72M) | Time:00:00.00 | Mem:0.00M, Peak:0.00M | Scene, ViewLayer | Synchronizing object | Wrist display.001
Fra:1 Mem:17.76M (Peak 17.76M) | Time:00:00.00 | Mem:0.00M, Peak:0.00M | Scene, ViewLayer | Synchronizing object | Chest cuirass
Fra:1 Mem:17.77M (Peak 17.77M) | Time:00:00.00 | Mem:0.00M, Peak:0.00M | Scene, ViewLayer | Synchronizing object | Expedition insignia
Fra:1 Mem:17.76M (Peak 17.77M) | Time:00:00.00 | Mem:0.00M, Peak:0.00M | Scene, ViewLayer | Synchronizing object | Scarf collar
Fra:1 Mem:17.82M (Peak 17.82M) | Time:00:00.00 | Mem:0.00M, Peak:0.00M | Scene, ViewLayer | Synchronizing object | Face
Fra:1 Mem:17.85M (Peak 17.85M) | Time:00:00.00 | Mem:0.00M, Peak:0.00M | Scene, ViewLayer | Synchronizing object | Side hair
Fra:1 Mem:17.89M (Peak 17.89M) | Time:00:00.00 | Mem:0.00M, Peak:0.00M | Scene, ViewLayer | Synchronizing object | Silver fringe
Fra:1 Mem:17.91M (Peak 17.91M) | Time:00:00.00 | Mem:0.00M, Peak:0.00M | Scene, ViewLayer | Synchronizing object | Silver fringe.001
Fra:1 Mem:17.94M (Peak 17.94M) | Time:00:00.00 | Mem:0.00M, Peak:0.00M | Scene, ViewLayer | Synchronizing object | Silver fringe.003
Fra:1 Mem:17.95M (Peak 17.95M) | Time:00:00.00 | Mem:0.00M, Peak:0.00M | Scene, ViewLayer | Synchronizing object | Eye outline
Fra:1 Mem:17.96M (Peak 17.96M) | Time:00:00.00 | Mem:0.00M, Peak:0.00M | Scene, ViewLayer | Synchronizing object | Eye light
Fra:1 Mem:17.97M (Peak 17.97M) | Time:00:00.00 | Mem:0.00M, Peak:0.00M | Scene, ViewLayer | Synchronizing object | Eye outline.001
Fra:1 Mem:17.98M (Peak 17.98M) | Time:00:00.00 | Mem:0.00M, Peak:0.00M | Scene, ViewLayer | Synchronizing object | Eye light.001
Fra:1 Mem:18.00M (Peak 18.00M) | Time:00:00.00 | Mem:0.00M, Peak:0.00M | Scene, ViewLayer | Synchronizing object | Nose
Fra:1 Mem:18.09M (Peak 18.09M) | Time:00:00.00 | Mem:0.00M, Peak:0.00M | Scene, ViewLayer | Initializing
Fra:1 Mem:14.95M (Peak 18.09M) | Time:00:00.00 | Mem:0.00M, Peak:0.00M | Scene, ViewLayer | Waiting for render to start
Fra:1 Mem:14.95M (Peak 18.09M) | Time:00:00.00 | Mem:0.00M, Peak:0.00M | Scene, ViewLayer | Updating Scene
Fra:1 Mem:14.95M (Peak 18.09M) | Time:00:00.00 | Mem:0.00M, Peak:0.00M | Scene, ViewLayer | Updating Shaders
Fra:1 Mem:14.95M (Peak 18.09M) | Time:00:00.00 | Mem:0.00M, Peak:0.00M | Scene, ViewLayer | Loading render kernels (may take a few minutes the first time)
Fra:1 Mem:15.04M (Peak 18.09M) | Time:00:00.00 | Mem:0.01M, Peak:0.01M | Scene, ViewLayer | Updating Procedurals
Fra:1 Mem:15.04M (Peak 18.09M) | Time:00:00.00 | Mem:0.01M, Peak:0.01M | Scene, ViewLayer | Updating Background
Fra:1 Mem:15.04M (Peak 18.09M) | Time:00:00.00 | Mem:0.01M, Peak:0.01M | Scene, ViewLayer | Updating Camera
Fra:1 Mem:15.04M (Peak 18.09M) | Time:00:00.00 | Mem:0.01M, Peak:0.01M | Scene, ViewLayer | Updating Meshes Flags
Fra:1 Mem:15.04M (Peak 18.09M) | Time:00:00.00 | Mem:0.01M, Peak:0.01M | Scene, ViewLayer | Updating Objects
Fra:1 Mem:15.04M (Peak 18.09M) | Time:00:00.00 | Mem:0.01M, Peak:0.01M | Scene, ViewLayer | Updating Objects | Copying Transformations to device
Fra:1 Mem:15.05M (Peak 18.09M) | Time:00:00.00 | Mem:0.02M, Peak:0.02M | Scene, ViewLayer | Updating Particle Systems
Fra:1 Mem:15.05M (Peak 18.09M) | Time:00:00.00 | Mem:0.02M, Peak:0.02M | Scene, ViewLayer | Updating Particle Systems | Copying Particles to device
Fra:1 Mem:15.05M (Peak 18.09M) | Time:00:00.00 | Mem:0.02M, Peak:0.02M | Scene, ViewLayer | Updating Meshes
Fra:1 Mem:15.05M (Peak 18.09M) | Time:00:00.00 | Mem:0.02M, Peak:0.02M | Scene, ViewLayer | Updating Objects | Applying Static Transformations
Fra:1 Mem:15.05M (Peak 18.09M) | Time:00:00.00 | Mem:0.02M, Peak:0.02M | Scene, ViewLayer | Updating Mesh | Computing attributes
Fra:1 Mem:15.16M (Peak 18.09M) | Time:00:00.00 | Mem:0.02M, Peak:0.02M | Scene, ViewLayer | Updating Mesh | Copying Attributes to device
Fra:1 Mem:15.16M (Peak 18.09M) | Time:00:00.00 | Mem:0.12M, Peak:0.12M | Scene, ViewLayer | Updating Scene BVH | Building
Fra:1 Mem:15.16M (Peak 18.09M) | Time:00:00.00 | Mem:0.12M, Peak:0.12M | Scene, ViewLayer | Updating Scene BVH | Building BVH
Fra:1 Mem:15.16M (Peak 18.09M) | Time:00:00.00 | Mem:0.43M, Peak:0.43M | Scene, ViewLayer | Updating Scene BVH | Building BVH 0%
Fra:1 Mem:15.16M (Peak 18.09M) | Time:00:00.00 | Mem:0.76M, Peak:1.06M | Scene, ViewLayer | Updating Scene BVH | Copying BVH to device
Fra:1 Mem:15.16M (Peak 18.09M) | Time:00:00.00 | Mem:0.76M, Peak:1.06M | Scene, ViewLayer | Updating Mesh | Computing normals
Fra:1 Mem:15.51M (Peak 18.09M) | Time:00:00.00 | Mem:0.76M, Peak:1.06M | Scene, ViewLayer | Updating Mesh | Copying Mesh to device
Fra:1 Mem:15.51M (Peak 18.09M) | Time:00:00.00 | Mem:1.11M, Peak:1.11M | Scene, ViewLayer | Updating Objects Flags
Fra:1 Mem:15.51M (Peak 18.09M) | Time:00:00.00 | Mem:1.11M, Peak:1.11M | Scene, ViewLayer | Updating Primitive Offsets
Fra:1 Mem:15.51M (Peak 18.09M) | Time:00:00.00 | Mem:1.11M, Peak:1.11M | Scene, ViewLayer | Updating Images
Fra:1 Mem:15.51M (Peak 18.09M) | Time:00:00.00 | Mem:1.11M, Peak:1.11M | Scene, ViewLayer | Updating Camera Volume
Fra:1 Mem:15.51M (Peak 18.09M) | Time:00:00.00 | Mem:1.11M, Peak:1.11M | Scene, ViewLayer | Updating Lookup Tables
Fra:1 Mem:15.51M (Peak 18.09M) | Time:00:00.00 | Mem:1.19M, Peak:1.19M | Scene, ViewLayer | Updating Lights
Fra:1 Mem:15.51M (Peak 18.09M) | Time:00:00.00 | Mem:1.19M, Peak:1.19M | Scene, ViewLayer | Updating Lights | Computing tree
Fra:1 Mem:15.51M (Peak 18.09M) | Time:00:00.00 | Mem:1.19M, Peak:1.19M | Scene, ViewLayer | Updating Integrator
Fra:1 Mem:15.51M (Peak 18.09M) | Time:00:00.00 | Mem:1.19M, Peak:1.19M | Scene, ViewLayer | Updating Film
Fra:1 Mem:15.51M (Peak 18.09M) | Time:00:00.00 | Mem:1.11M, Peak:1.19M | Scene, ViewLayer | Updating Lookup Tables
Fra:1 Mem:15.51M (Peak 18.09M) | Time:00:00.00 | Mem:1.20M, Peak:1.20M | Scene, ViewLayer | Updating Baking
Fra:1 Mem:15.51M (Peak 18.09M) | Time:00:00.00 | Mem:1.20M, Peak:1.20M | Scene, ViewLayer | Updating Device | Writing constant memory
Fra:1 Mem:15.52M (Peak 18.09M) | Time:00:00.00 | Mem:1.20M, Peak:1.20M | Scene, ViewLayer | Loading denoising kernels (may take a few minutes the first time)
Fra:1 Mem:15.52M (Peak 18.09M) | Time:00:00.00 | Mem:1.20M, Peak:1.20M | Scene, ViewLayer | Sample 0/32
Fra:1 Mem:21.61M (Peak 21.61M) | Time:00:00.00 | Remaining:00:00.11 | Mem:7.14M, Peak:7.14M | Scene, ViewLayer | Sample 1/32
Fra:1 Mem:24.12M (Peak 27.87M) | Time:00:00.24 | Mem:7.14M, Peak:7.14M | Scene, ViewLayer | Sample 32/32
Fra:1 Mem:24.12M (Peak 27.87M) | Time:00:00.24 | Mem:7.14M, Peak:7.14M | Scene, ViewLayer | Finished
Saved: '/Users/al/git/Starbase2/.local/character-frames/captain/front-3.png'
Time: 00:00.25 (Saving: 00:00.00)

Fra:1 Mem:17.31M (Peak 17.31M) | Time:00:00.00 | Mem:0.00M, Peak:0.00M | Scene, ViewLayer | Synchronizing object | Flight armor
Fra:1 Mem:17.32M (Peak 17.32M) | Time:00:00.00 | Mem:0.00M, Peak:0.00M | Scene, ViewLayer | Synchronizing object | Belt pouch
Fra:1 Mem:17.33M (Peak 17.33M) | Time:00:00.00 | Mem:0.00M, Peak:0.00M | Scene, ViewLayer | Synchronizing object | Shin
Fra:1 Mem:17.43M (Peak 17.43M) | Time:00:00.00 | Mem:0.00M, Peak:0.00M | Scene, ViewLayer | Synchronizing object | Boot
Fra:1 Mem:17.43M (Peak 17.43M) | Time:00:00.00 | Mem:0.00M, Peak:0.00M | Scene, ViewLayer | Synchronizing object | Toe plate
Fra:1 Mem:17.46M (Peak 17.47M) | Time:00:00.00 | Mem:0.00M, Peak:0.00M | Scene, ViewLayer | Synchronizing object | Rim
Fra:1 Mem:17.51M (Peak 17.51M) | Time:00:00.00 | Mem:0.00M, Peak:0.00M | Scene, ViewLayer | Synchronizing object | Boot trim
Fra:1 Mem:17.51M (Peak 17.51M) | Time:00:00.00 | Mem:0.00M, Peak:0.00M | Scene, ViewLayer | Synchronizing object | Upper sleeve
Fra:1 Mem:17.51M (Peak 17.51M) | Time:00:00.00 | Mem:0.00M, Peak:0.00M | Scene, ViewLayer | Synchronizing object | Elbow joint
Fra:1 Mem:17.53M (Peak 17.53M) | Time:00:00.00 | Mem:0.00M, Peak:0.00M | Scene, ViewLayer | Synchronizing object | Glove
Fra:1 Mem:17.52M (Peak 17.53M) | Time:00:00.00 | Mem:0.00M, Peak:0.00M | Scene, ViewLayer | Synchronizing object | Wrist display
Fra:1 Mem:17.51M (Peak 17.53M) | Time:00:00.00 | Mem:0.00M, Peak:0.00M | Scene, ViewLayer | Synchronizing object | Knee gasket.001
Fra:1 Mem:17.55M (Peak 17.55M) | Time:00:00.00 | Mem:0.00M, Peak:0.00M | Scene, ViewLayer | Synchronizing object | Knee plate.001
Fra:1 Mem:17.63M (Peak 17.63M) | Time:00:00.00 | Mem:0.00M, Peak:0.00M | Scene, ViewLayer | Synchronizing object | Rear hair locks.001
Fra:1 Mem:17.62M (Peak 17.63M) | Time:00:00.00 | Mem:0.00M, Peak:0.00M | Scene, ViewLayer | Synchronizing object | Toe plate.001
Fra:1 Mem:17.62M (Peak 17.63M) | Time:00:00.00 | Mem:0.00M, Peak:0.00M | Scene, ViewLayer | Synchronizing object | Shoulder shell.001
Fra:1 Mem:17.64M (Peak 17.64M) | Time:00:00.00 | Mem:0.00M, Peak:0.00M | Scene, ViewLayer | Synchronizing object | Mission stripe.001
Fra:1 Mem:17.72M (Peak 17.72M) | Time:00:00.00 | Mem:0.00M, Peak:0.00M | Scene, ViewLayer | Synchronizing object | Elbow joint.001
Fra:1 Mem:17.72M (Peak 17.72M) | Time:00:00.00 | Mem:0.00M, Peak:0.00M | Scene, ViewLayer | Synchronizing object | Gauntlet.001
Fra:1 Mem:17.76M (Peak 17.76M) | Time:00:00.00 | Mem:0.00M, Peak:0.00M | Scene, ViewLayer | Synchronizing object | Glove.001
Fra:1 Mem:17.76M (Peak 17.76M) | Time:00:00.00 | Mem:0.00M, Peak:0.00M | Scene, ViewLayer | Synchronizing object | Chest cuirass
Fra:1 Mem:17.75M (Peak 17.76M) | Time:00:00.00 | Mem:0.00M, Peak:0.00M | Scene, ViewLayer | Synchronizing object | Chest seam
Fra:1 Mem:17.74M (Peak 17.76M) | Time:00:00.00 | Mem:0.00M, Peak:0.00M | Scene, ViewLayer | Synchronizing object | Scarf collar
Fra:1 Mem:17.80M (Peak 17.80M) | Time:00:00.00 | Mem:0.00M, Peak:0.00M | Scene, ViewLayer | Synchronizing object | Face
Fra:1 Mem:17.83M (Peak 17.83M) | Time:00:00.00 | Mem:0.00M, Peak:0.00M | Scene, ViewLayer | Synchronizing object | Hair crown
Fra:1 Mem:17.86M (Peak 17.86M) | Time:00:00.00 | Mem:0.00M, Peak:0.00M | Scene, ViewLayer | Synchronizing object | Side hair
Fra:1 Mem:17.87M (Peak 17.87M) | Time:00:00.00 | Mem:0.00M, Peak:0.00M | Scene, ViewLayer | Synchronizing object | Silver fringe.001
Fra:1 Mem:17.87M (Peak 17.87M) | Time:00:00.00 | Mem:0.00M, Peak:0.00M | Scene, ViewLayer | Synchronizing object | Silver fringe.003
Fra:1 Mem:17.91M (Peak 17.91M) | Time:00:00.00 | Mem:0.00M, Peak:0.00M | Scene, ViewLayer | Synchronizing object | Eye outline
Fra:1 Mem:17.91M (Peak 17.91M) | Time:00:00.00 | Mem:0.00M, Peak:0.00M | Scene, ViewLayer | Synchronizing object | Eye
Fra:1 Mem:17.92M (Peak 17.92M) | Time:00:00.00 | Mem:0.00M, Peak:0.00M | Scene, ViewLayer | Synchronizing object | Eye light
Fra:1 Mem:17.94M (Peak 17.94M) | Time:00:00.00 | Mem:0.00M, Peak:0.00M | Scene, ViewLayer | Synchronizing object | Eye outline.001
Fra:1 Mem:17.94M (Peak 17.94M) | Time:00:00.00 | Mem:0.00M, Peak:0.00M | Scene, ViewLayer | Synchronizing object | Eye light.001
Fra:1 Mem:17.96M (Peak 17.96M) | Time:00:00.00 | Mem:0.00M, Peak:0.00M | Scene, ViewLayer | Synchronizing object | Nose
Fra:1 Mem:17.97M (Peak 17.97M) | Time:00:00.00 | Mem:0.00M, Peak:0.00M | Scene, ViewLayer | Synchronizing object | Expedition cape
Fra:1 Mem:18.09M (Peak 18.09M) | Time:00:00.00 | Mem:0.00M, Peak:0.00M | Scene, ViewLayer | Initializing
Fra:1 Mem:14.95M (Peak 18.09M) | Time:00:00.00 | Mem:0.00M, Peak:0.00M | Scene, ViewLayer | Waiting for render to start
Fra:1 Mem:14.95M (Peak 18.09M) | Time:00:00.00 | Mem:0.00M, Peak:0.00M | Scene, ViewLayer | Updating Scene
Fra:1 Mem:14.95M (Peak 18.09M) | Time:00:00.00 | Mem:0.00M, Peak:0.00M | Scene, ViewLayer | Updating Shaders
Fra:1 Mem:14.95M (Peak 18.09M) | Time:00:00.00 | Mem:0.00M, Peak:0.00M | Scene, ViewLayer | Loading render kernels (may take a few minutes the first time)
Fra:1 Mem:15.04M (Peak 18.09M) | Time:00:00.00 | Mem:0.01M, Peak:0.01M | Scene, ViewLayer | Updating Procedurals
Fra:1 Mem:15.04M (Peak 18.09M) | Time:00:00.00 | Mem:0.01M, Peak:0.01M | Scene, ViewLayer | Updating Background
Fra:1 Mem:15.04M (Peak 18.09M) | Time:00:00.00 | Mem:0.01M, Peak:0.01M | Scene, ViewLayer | Updating Camera
Fra:1 Mem:15.04M (Peak 18.09M) | Time:00:00.00 | Mem:0.01M, Peak:0.01M | Scene, ViewLayer | Updating Meshes Flags
Fra:1 Mem:15.04M (Peak 18.09M) | Time:00:00.00 | Mem:0.01M, Peak:0.01M | Scene, ViewLayer | Updating Objects
Fra:1 Mem:15.04M (Peak 18.09M) | Time:00:00.00 | Mem:0.01M, Peak:0.01M | Scene, ViewLayer | Updating Objects | Copying Transformations to device
Fra:1 Mem:15.05M (Peak 18.09M) | Time:00:00.00 | Mem:0.02M, Peak:0.02M | Scene, ViewLayer | Updating Particle Systems
Fra:1 Mem:15.05M (Peak 18.09M) | Time:00:00.00 | Mem:0.02M, Peak:0.02M | Scene, ViewLayer | Updating Particle Systems | Copying Particles to device
Fra:1 Mem:15.05M (Peak 18.09M) | Time:00:00.00 | Mem:0.02M, Peak:0.02M | Scene, ViewLayer | Updating Meshes
Fra:1 Mem:15.05M (Peak 18.09M) | Time:00:00.00 | Mem:0.02M, Peak:0.02M | Scene, ViewLayer | Updating Objects | Applying Static Transformations
Fra:1 Mem:15.05M (Peak 18.09M) | Time:00:00.00 | Mem:0.02M, Peak:0.02M | Scene, ViewLayer | Updating Mesh | Computing attributes
Fra:1 Mem:15.16M (Peak 18.09M) | Time:00:00.00 | Mem:0.02M, Peak:0.02M | Scene, ViewLayer | Updating Mesh | Copying Attributes to device
Fra:1 Mem:15.16M (Peak 18.09M) | Time:00:00.00 | Mem:0.12M, Peak:0.12M | Scene, ViewLayer | Updating Scene BVH | Building
Fra:1 Mem:15.16M (Peak 18.09M) | Time:00:00.00 | Mem:0.12M, Peak:0.12M | Scene, ViewLayer | Updating Scene BVH | Building BVH
Fra:1 Mem:15.16M (Peak 18.09M) | Time:00:00.00 | Mem:0.43M, Peak:0.43M | Scene, ViewLayer | Updating Scene BVH | Building BVH 0%
Fra:1 Mem:15.16M (Peak 18.09M) | Time:00:00.00 | Mem:0.76M, Peak:1.06M | Scene, ViewLayer | Updating Scene BVH | Copying BVH to device
Fra:1 Mem:15.16M (Peak 18.09M) | Time:00:00.00 | Mem:0.76M, Peak:1.06M | Scene, ViewLayer | Updating Mesh | Computing normals
Fra:1 Mem:15.51M (Peak 18.09M) | Time:00:00.00 | Mem:0.76M, Peak:1.06M | Scene, ViewLayer | Updating Mesh | Copying Mesh to device
Fra:1 Mem:15.51M (Peak 18.09M) | Time:00:00.00 | Mem:1.11M, Peak:1.11M | Scene, ViewLayer | Updating Objects Flags
Fra:1 Mem:15.51M (Peak 18.09M) | Time:00:00.00 | Mem:1.11M, Peak:1.11M | Scene, ViewLayer | Updating Primitive Offsets
Fra:1 Mem:15.51M (Peak 18.09M) | Time:00:00.00 | Mem:1.11M, Peak:1.11M | Scene, ViewLayer | Updating Images
Fra:1 Mem:15.51M (Peak 18.09M) | Time:00:00.00 | Mem:1.11M, Peak:1.11M | Scene, ViewLayer | Updating Camera Volume
Fra:1 Mem:15.51M (Peak 18.09M) | Time:00:00.00 | Mem:1.11M, Peak:1.11M | Scene, ViewLayer | Updating Lookup Tables
Fra:1 Mem:15.51M (Peak 18.09M) | Time:00:00.00 | Mem:1.19M, Peak:1.19M | Scene, ViewLayer | Updating Lights
Fra:1 Mem:15.51M (Peak 18.09M) | Time:00:00.00 | Mem:1.19M, Peak:1.19M | Scene, ViewLayer | Updating Lights | Computing tree
Fra:1 Mem:15.51M (Peak 18.09M) | Time:00:00.00 | Mem:1.19M, Peak:1.19M | Scene, ViewLayer | Updating Integrator
Fra:1 Mem:15.51M (Peak 18.09M) | Time:00:00.00 | Mem:1.19M, Peak:1.19M | Scene, ViewLayer | Updating Film
Fra:1 Mem:15.51M (Peak 18.09M) | Time:00:00.00 | Mem:1.11M, Peak:1.19M | Scene, ViewLayer | Updating Lookup Tables
Fra:1 Mem:15.51M (Peak 18.09M) | Time:00:00.00 | Mem:1.20M, Peak:1.20M | Scene, ViewLayer | Updating Baking
Fra:1 Mem:15.51M (Peak 18.09M) | Time:00:00.00 | Mem:1.20M, Peak:1.20M | Scene, ViewLayer | Updating Device | Writing constant memory
Fra:1 Mem:15.52M (Peak 18.09M) | Time:00:00.00 | Mem:1.20M, Peak:1.20M | Scene, ViewLayer | Loading denoising kernels (may take a few minutes the first time)
Fra:1 Mem:15.52M (Peak 18.09M) | Time:00:00.00 | Mem:1.20M, Peak:1.20M | Scene, ViewLayer | Sample 0/32
Fra:1 Mem:21.61M (Peak 21.61M) | Time:00:00.00 | Remaining:00:00.11 | Mem:7.14M, Peak:7.14M | Scene, ViewLayer | Sample 1/32
Fra:1 Mem:24.12M (Peak 27.87M) | Time:00:00.25 | Mem:7.14M, Peak:7.14M | Scene, ViewLayer | Sample 32/32
Fra:1 Mem:24.12M (Peak 27.87M) | Time:00:00.25 | Mem:7.14M, Peak:7.14M | Scene, ViewLayer | Finished
Saved: '/Users/al/git/Starbase2/.local/character-frames/captain/front-4.png'
Time: 00:00.26 (Saving: 00:00.00)

Fra:1 Mem:17.31M (Peak 17.31M) | Time:00:00.00 | Mem:0.00M, Peak:0.00M | Scene, ViewLayer | Synchronizing object | Flight armor
Fra:1 Mem:17.31M (Peak 17.31M) | Time:00:00.00 | Mem:0.00M, Peak:0.00M | Scene, ViewLayer | Synchronizing object | Belt pouch.001
Fra:1 Mem:17.33M (Peak 17.33M) | Time:00:00.00 | Mem:0.00M, Peak:0.00M | Scene, ViewLayer | Synchronizing object | Knee plate
Fra:1 Mem:17.40M (Peak 17.40M) | Time:00:00.00 | Mem:0.00M, Peak:0.00M | Scene, ViewLayer | Synchronizing object | Shin
Fra:1 Mem:17.45M (Peak 17.45M) | Time:00:00.00 | Mem:0.00M, Peak:0.00M | Scene, ViewLayer | Synchronizing object | Boot
Fra:1 Mem:17.46M (Peak 17.46M) | Time:00:00.00 | Mem:0.00M, Peak:0.00M | Scene, ViewLayer | Synchronizing object | Toe plate
Fra:1 Mem:17.46M (Peak 17.46M) | Time:00:00.00 | Mem:0.00M, Peak:0.00M | Scene, ViewLayer | Synchronizing object | Upper sleeve
Fra:1 Mem:17.53M (Peak 17.53M) | Time:00:00.00 | Mem:0.00M, Peak:0.00M | Scene, ViewLayer | Synchronizing object | Mission stripe
Fra:1 Mem:17.50M (Peak 17.53M) | Time:00:00.00 | Mem:0.00M, Peak:0.00M | Scene, ViewLayer | Synchronizing object | Elbow joint
Fra:1 Mem:17.51M (Peak 17.53M) | Time:00:00.00 | Mem:0.00M, Peak:0.00M | Scene, ViewLayer | Synchronizing object | Wrist display
Fra:1 Mem:17.52M (Peak 17.53M) | Time:00:00.00 | Mem:0.00M, Peak:0.00M | Scene, ViewLayer | Synchronizing object | Thigh.001
Fra:1 Mem:17.54M (Peak 17.54M) | Time:00:00.00 | Mem:0.00M, Peak:0.00M | Scene, ViewLayer | Synchronizing object | Knee gasket.001
Fra:1 Mem:17.53M (Peak 17.54M) | Time:00:00.00 | Mem:0.00M, Peak:0.00M | Scene, ViewLayer | Synchronizing object | Knee plate.001
Fra:1 Mem:17.56M (Peak 17.56M) | Time:00:00.00 | Mem:0.00M, Peak:0.00M | Scene, ViewLayer | Synchronizing object | Shin.001
Fra:1 Mem:17.59M (Peak 17.59M) | Time:00:00.00 | Mem:0.00M, Peak:0.00M | Scene, ViewLayer | Synchronizing object | Boot.001
Fra:1 Mem:17.58M (Peak 17.59M) | Time:00:00.00 | Mem:0.00M, Peak:0.00M | Scene, ViewLayer | Synchronizing object | Toe plate.001
Fra:1 Mem:17.60M (Peak 17.60M) | Time:00:00.00 | Mem:0.00M, Peak:0.00M | Scene, ViewLayer | Synchronizing object | Rear hair locks.001
Fra:1 Mem:17.63M (Peak 17.63M) | Time:00:00.00 | Mem:0.00M, Peak:0.00M | Scene, ViewLayer | Synchronizing object | Boot trim.001
Fra:1 Mem:17.64M (Peak 17.64M) | Time:00:00.00 | Mem:0.00M, Peak:0.00M | Scene, ViewLayer | Synchronizing object | Rear hair locks
Fra:1 Mem:17.68M (Peak 17.68M) | Time:00:00.00 | Mem:0.00M, Peak:0.00M | Scene, ViewLayer | Synchronizing object | Expedition cape
Fra:1 Mem:17.67M (Peak 17.68M) | Time:00:00.00 | Mem:0.00M, Peak:0.00M | Scene, ViewLayer | Synchronizing object | Mouth
Fra:1 Mem:17.70M (Peak 17.70M) | Time:00:00.00 | Mem:0.00M, Peak:0.00M | Scene, ViewLayer | Synchronizing object | Upper sleeve.001
Fra:1 Mem:17.74M (Peak 17.74M) | Time:00:00.00 | Mem:0.00M, Peak:0.00M | Scene, ViewLayer | Synchronizing object | Shoulder shell.001
Fra:1 Mem:17.74M (Peak 17.74M) | Time:00:00.00 | Mem:0.00M, Peak:0.00M | Scene, ViewLayer | Synchronizing object | Mission stripe.001
Fra:1 Mem:17.76M (Peak 17.76M) | Time:00:00.00 | Mem:0.00M, Peak:0.00M | Scene, ViewLayer | Synchronizing object | Gauntlet.001
Fra:1 Mem:17.76M (Peak 17.76M) | Time:00:00.00 | Mem:0.00M, Peak:0.00M | Scene, ViewLayer | Synchronizing object | Nose
Fra:1 Mem:17.82M (Peak 17.82M) | Time:00:00.00 | Mem:0.00M, Peak:0.00M | Scene, ViewLayer | Synchronizing object | Wrist display.001
Fra:1 Mem:17.82M (Peak 17.82M) | Time:00:00.00 | Mem:0.00M, Peak:0.00M | Scene, ViewLayer | Synchronizing object | Chest cuirass
Fra:1 Mem:17.84M (Peak 17.84M) | Time:00:00.00 | Mem:0.00M, Peak:0.00M | Scene, ViewLayer | Synchronizing object | Chest seam
Fra:1 Mem:17.87M (Peak 17.87M) | Time:00:00.00 | Mem:0.00M, Peak:0.00M | Scene, ViewLayer | Synchronizing object | Scarf collar
Fra:1 Mem:17.91M (Peak 17.91M) | Time:00:00.00 | Mem:0.00M, Peak:0.00M | Scene, ViewLayer | Synchronizing object | Face
Fra:1 Mem:17.92M (Peak 17.92M) | Time:00:00.00 | Mem:0.00M, Peak:0.00M | Scene, ViewLayer | Synchronizing object | Hair crown
Fra:1 Mem:17.92M (Peak 17.92M) | Time:00:00.00 | Mem:0.00M, Peak:0.00M | Scene, ViewLayer | Synchronizing object | Side hair
Fra:1 Mem:17.95M (Peak 17.95M) | Time:00:00.00 | Mem:0.00M, Peak:0.00M | Scene, ViewLayer | Synchronizing object | Eye.001
Fra:1 Mem:17.94M (Peak 17.95M) | Time:00:00.00 | Mem:0.00M, Peak:0.00M | Scene, ViewLayer | Synchronizing object | Silver fringe.002
Fra:1 Mem:17.94M (Peak 17.95M) | Time:00:00.00 | Mem:0.00M, Peak:0.00M | Scene, ViewLayer | Synchronizing object | Silver fringe.003
Fra:1 Mem:17.96M (Peak 17.96M) | Time:00:00.00 | Mem:0.00M, Peak:0.00M | Scene, ViewLayer | Synchronizing object | Eye outline.001
Fra:1 Mem:17.98M (Peak 17.98M) | Time:00:00.00 | Mem:0.00M, Peak:0.00M | Scene, ViewLayer | Synchronizing object | Eye
Fra:1 Mem:17.98M (Peak 17.98M) | Time:00:00.00 | Mem:0.00M, Peak:0.00M | Scene, ViewLayer | Synchronizing object | Eye light
Fra:1 Mem:18.09M (Peak 18.09M) | Time:00:00.00 | Mem:0.00M, Peak:0.00M | Scene, ViewLayer | Initializing
Fra:1 Mem:14.95M (Peak 18.09M) | Time:00:00.00 | Mem:0.00M, Peak:0.00M | Scene, ViewLayer | Waiting for render to start
Fra:1 Mem:14.95M (Peak 18.09M) | Time:00:00.00 | Mem:0.00M, Peak:0.00M | Scene, ViewLayer | Updating Scene
Fra:1 Mem:14.95M (Peak 18.09M) | Time:00:00.00 | Mem:0.00M, Peak:0.00M | Scene, ViewLayer | Updating Shaders
Fra:1 Mem:14.95M (Peak 18.09M) | Time:00:00.00 | Mem:0.00M, Peak:0.00M | Scene, ViewLayer | Loading render kernels (may take a few minutes the first time)
Fra:1 Mem:15.04M (Peak 18.09M) | Time:00:00.00 | Mem:0.01M, Peak:0.01M | Scene, ViewLayer | Updating Procedurals
Fra:1 Mem:15.04M (Peak 18.09M) | Time:00:00.00 | Mem:0.01M, Peak:0.01M | Scene, ViewLayer | Updating Background
Fra:1 Mem:15.04M (Peak 18.09M) | Time:00:00.00 | Mem:0.01M, Peak:0.01M | Scene, ViewLayer | Updating Camera
Fra:1 Mem:15.04M (Peak 18.09M) | Time:00:00.00 | Mem:0.01M, Peak:0.01M | Scene, ViewLayer | Updating Meshes Flags
Fra:1 Mem:15.04M (Peak 18.09M) | Time:00:00.00 | Mem:0.01M, Peak:0.01M | Scene, ViewLayer | Updating Objects
Fra:1 Mem:15.04M (Peak 18.09M) | Time:00:00.00 | Mem:0.01M, Peak:0.01M | Scene, ViewLayer | Updating Objects | Copying Transformations to device
Fra:1 Mem:15.05M (Peak 18.09M) | Time:00:00.00 | Mem:0.02M, Peak:0.02M | Scene, ViewLayer | Updating Particle Systems
Fra:1 Mem:15.05M (Peak 18.09M) | Time:00:00.00 | Mem:0.02M, Peak:0.02M | Scene, ViewLayer | Updating Particle Systems | Copying Particles to device
Fra:1 Mem:15.05M (Peak 18.09M) | Time:00:00.00 | Mem:0.02M, Peak:0.02M | Scene, ViewLayer | Updating Meshes
Fra:1 Mem:15.05M (Peak 18.09M) | Time:00:00.00 | Mem:0.02M, Peak:0.02M | Scene, ViewLayer | Updating Objects | Applying Static Transformations
Fra:1 Mem:15.05M (Peak 18.09M) | Time:00:00.00 | Mem:0.02M, Peak:0.02M | Scene, ViewLayer | Updating Mesh | Computing attributes
Fra:1 Mem:15.16M (Peak 18.09M) | Time:00:00.00 | Mem:0.02M, Peak:0.02M | Scene, ViewLayer | Updating Mesh | Copying Attributes to device
Fra:1 Mem:15.16M (Peak 18.09M) | Time:00:00.00 | Mem:0.12M, Peak:0.12M | Scene, ViewLayer | Updating Scene BVH | Building
Fra:1 Mem:15.16M (Peak 18.09M) | Time:00:00.00 | Mem:0.12M, Peak:0.12M | Scene, ViewLayer | Updating Scene BVH | Building BVH
Fra:1 Mem:15.16M (Peak 18.09M) | Time:00:00.00 | Mem:0.43M, Peak:0.43M | Scene, ViewLayer | Updating Scene BVH | Building BVH 0%
Fra:1 Mem:15.16M (Peak 18.09M) | Time:00:00.00 | Mem:0.76M, Peak:1.06M | Scene, ViewLayer | Updating Scene BVH | Copying BVH to device
Fra:1 Mem:15.16M (Peak 18.09M) | Time:00:00.00 | Mem:0.76M, Peak:1.06M | Scene, ViewLayer | Updating Mesh | Computing normals
Fra:1 Mem:15.51M (Peak 18.09M) | Time:00:00.00 | Mem:0.76M, Peak:1.06M | Scene, ViewLayer | Updating Mesh | Copying Mesh to device
Fra:1 Mem:15.51M (Peak 18.09M) | Time:00:00.00 | Mem:1.11M, Peak:1.11M | Scene, ViewLayer | Updating Objects Flags
Fra:1 Mem:15.51M (Peak 18.09M) | Time:00:00.00 | Mem:1.11M, Peak:1.11M | Scene, ViewLayer | Updating Primitive Offsets
Fra:1 Mem:15.51M (Peak 18.09M) | Time:00:00.00 | Mem:1.11M, Peak:1.11M | Scene, ViewLayer | Updating Images
Fra:1 Mem:15.51M (Peak 18.09M) | Time:00:00.00 | Mem:1.11M, Peak:1.11M | Scene, ViewLayer | Updating Camera Volume
Fra:1 Mem:15.51M (Peak 18.09M) | Time:00:00.00 | Mem:1.11M, Peak:1.11M | Scene, ViewLayer | Updating Lookup Tables
Fra:1 Mem:15.51M (Peak 18.09M) | Time:00:00.00 | Mem:1.19M, Peak:1.19M | Scene, ViewLayer | Updating Lights
Fra:1 Mem:15.51M (Peak 18.09M) | Time:00:00.00 | Mem:1.19M, Peak:1.19M | Scene, ViewLayer | Updating Lights | Computing tree
Fra:1 Mem:15.51M (Peak 18.09M) | Time:00:00.00 | Mem:1.19M, Peak:1.19M | Scene, ViewLayer | Updating Integrator
Fra:1 Mem:15.51M (Peak 18.09M) | Time:00:00.00 | Mem:1.19M, Peak:1.19M | Scene, ViewLayer | Updating Film
Fra:1 Mem:15.51M (Peak 18.09M) | Time:00:00.00 | Mem:1.11M, Peak:1.19M | Scene, ViewLayer | Updating Lookup Tables
Fra:1 Mem:15.51M (Peak 18.09M) | Time:00:00.00 | Mem:1.20M, Peak:1.20M | Scene, ViewLayer | Updating Baking
Fra:1 Mem:15.51M (Peak 18.09M) | Time:00:00.00 | Mem:1.20M, Peak:1.20M | Scene, ViewLayer | Updating Device | Writing constant memory
Fra:1 Mem:15.52M (Peak 18.09M) | Time:00:00.00 | Mem:1.20M, Peak:1.20M | Scene, ViewLayer | Loading denoising kernels (may take a few minutes the first time)
Fra:1 Mem:15.52M (Peak 18.09M) | Time:00:00.00 | Mem:1.20M, Peak:1.20M | Scene, ViewLayer | Sample 0/32
Fra:1 Mem:21.61M (Peak 21.61M) | Time:00:00.00 | Remaining:00:00.12 | Mem:7.14M, Peak:7.14M | Scene, ViewLayer | Sample 1/32
Fra:1 Mem:24.12M (Peak 27.87M) | Time:00:00.24 | Mem:7.14M, Peak:7.14M | Scene, ViewLayer | Sample 32/32
Fra:1 Mem:24.12M (Peak 27.87M) | Time:00:00.24 | Mem:7.14M, Peak:7.14M | Scene, ViewLayer | Finished
Saved: '/Users/al/git/Starbase2/.local/character-frames/captain/front-5.png'
Time: 00:00.25 (Saving: 00:00.00)

Fra:1 Mem:17.31M (Peak 17.31M) | Time:00:00.00 | Mem:0.00M, Peak:0.00M | Scene, ViewLayer | Synchronizing object | Flight armor
Fra:1 Mem:17.32M (Peak 17.32M) | Time:00:00.00 | Mem:0.00M, Peak:0.00M | Scene, ViewLayer | Synchronizing object | Waist undersuit
Fra:1 Mem:17.33M (Peak 17.33M) | Time:00:00.00 | Mem:0.00M, Peak:0.00M | Scene, ViewLayer | Synchronizing object | Shin
Fra:1 Mem:17.37M (Peak 17.37M) | Time:00:00.00 | Mem:0.00M, Peak:0.00M | Scene, ViewLayer | Synchronizing object | Boot
Fra:1 Mem:17.46M (Peak 17.46M) | Time:00:00.00 | Mem:0.00M, Peak:0.00M | Scene, ViewLayer | Synchronizing object | Toe plate
Fra:1 Mem:17.51M (Peak 17.51M) | Time:00:00.00 | Mem:0.00M, Peak:0.00M | Scene, ViewLayer | Synchronizing object | Boot trim
Fra:1 Mem:17.52M (Peak 17.52M) | Time:00:00.00 | Mem:0.00M, Peak:0.00M | Scene, ViewLayer | Synchronizing object | Shoulder shell
Fra:1 Mem:17.55M (Peak 17.55M) | Time:00:00.00 | Mem:0.00M, Peak:0.00M | Scene, ViewLayer | Synchronizing object | Mission stripe
Fra:1 Mem:17.54M (Peak 17.55M) | Time:00:00.00 | Mem:0.00M, Peak:0.00M | Scene, ViewLayer | Synchronizing object | Elbow joint
Fra:1 Mem:17.59M (Peak 17.59M) | Time:00:00.00 | Mem:0.00M, Peak:0.00M | Scene, ViewLayer | Synchronizing object | Glove
Fra:1 Mem:17.59M (Peak 17.59M) | Time:00:00.00 | Mem:0.00M, Peak:0.00M | Scene, ViewLayer | Synchronizing object | Wrist display
Fra:1 Mem:17.62M (Peak 17.62M) | Time:00:00.00 | Mem:0.00M, Peak:0.00M | Scene, ViewLayer | Synchronizing object | Thigh.001
Fra:1 Mem:17.60M (Peak 17.62M) | Time:00:00.00 | Mem:0.00M, Peak:0.00M | Scene, ViewLayer | Synchronizing object | Shin.001
Fra:1 Mem:17.60M (Peak 17.62M) | Time:00:00.00 | Mem:0.00M, Peak:0.00M | Scene, ViewLayer | Synchronizing object | Boot trim.001
Fra:1 Mem:17.60M (Peak 17.62M) | Time:00:00.00 | Mem:0.00M, Peak:0.00M | Scene, ViewLayer | Synchronizing object | Upper sleeve.001
Fra:1 Mem:17.61M (Peak 17.62M) | Time:00:00.00 | Mem:0.00M, Peak:0.00M | Scene, ViewLayer | Synchronizing object | Rear hair locks.001
Fra:1 Mem:17.61M (Peak 17.62M) | Time:00:00.00 | Mem:0.00M, Peak:0.00M | Scene, ViewLayer | Synchronizing object | Mission stripe.001
Fra:1 Mem:17.62M (Peak 17.62M) | Time:00:00.00 | Mem:0.00M, Peak:0.00M | Scene, ViewLayer | Synchronizing object | Rear hair locks
Fra:1 Mem:17.66M (Peak 17.66M) | Time:00:00.00 | Mem:0.00M, Peak:0.00M | Scene, ViewLayer | Synchronizing object | Expedition cape
Fra:1 Mem:17.68M (Peak 17.68M) | Time:00:00.00 | Mem:0.00M, Peak:0.00M | Scene, ViewLayer | Synchronizing object | Mouth
Fra:1 Mem:17.76M (Peak 17.76M) | Time:00:00.00 | Mem:0.00M, Peak:0.00M | Scene, ViewLayer | Synchronizing object | Elbow joint.001
Fra:1 Mem:17.82M (Peak 17.82M) | Time:00:00.00 | Mem:0.00M, Peak:0.00M | Scene, ViewLayer | Synchronizing object | Gauntlet.001
Fra:1 Mem:17.81M (Peak 17.82M) | Time:00:00.00 | Mem:0.00M, Peak:0.00M | Scene, ViewLayer | Synchronizing object | Glove.001
Fra:1 Mem:17.86M (Peak 17.86M) | Time:00:00.00 | Mem:0.00M, Peak:0.00M | Scene, ViewLayer | Synchronizing object | Chest seam
Fra:1 Mem:17.86M (Peak 17.86M) | Time:00:00.00 | Mem:0.00M, Peak:0.00M | Scene, ViewLayer | Synchronizing object | Expedition insignia
Fra:1 Mem:17.85M (Peak 17.86M) | Time:00:00.00 | Mem:0.00M, Peak:0.00M | Scene, ViewLayer | Synchronizing object | Hair crown
Fra:1 Mem:17.89M (Peak 17.89M) | Time:00:00.00 | Mem:0.00M, Peak:0.00M | Scene, ViewLayer | Synchronizing object | Side hair
Fra:1 Mem:17.87M (Peak 17.89M) | Time:00:00.00 | Mem:0.00M, Peak:0.00M | Scene, ViewLayer | Synchronizing object | Side hair.001
Fra:1 Mem:17.90M (Peak 17.90M) | Time:00:00.00 | Mem:0.00M, Peak:0.00M | Scene, ViewLayer | Synchronizing object | Silver fringe
Fra:1 Mem:17.90M (Peak 17.90M) | Time:00:00.00 | Mem:0.00M, Peak:0.00M | Scene, ViewLayer | Synchronizing object | Silver fringe.001
Fra:1 Mem:17.91M (Peak 17.91M) | Time:00:00.00 | Mem:0.00M, Peak:0.00M | Scene, ViewLayer | Synchronizing object | Silver fringe.002
Fra:1 Mem:17.97M (Peak 17.97M) | Time:00:00.00 | Mem:0.00M, Peak:0.00M | Scene, ViewLayer | Synchronizing object | Silver fringe.003
Fra:1 Mem:17.96M (Peak 17.97M) | Time:00:00.00 | Mem:0.00M, Peak:0.00M | Scene, ViewLayer | Synchronizing object | Eye
Fra:1 Mem:17.98M (Peak 17.98M) | Time:00:00.00 | Mem:0.00M, Peak:0.00M | Scene, ViewLayer | Synchronizing object | Eye light
Fra:1 Mem:18.01M (Peak 18.01M) | Time:00:00.00 | Mem:0.00M, Peak:0.00M | Scene, ViewLayer | Synchronizing object | Eye outline.001
Fra:1 Mem:18.03M (Peak 18.03M) | Time:00:00.00 | Mem:0.00M, Peak:0.00M | Scene, ViewLayer | Synchronizing object | Eye.001
Fra:1 Mem:18.09M (Peak 18.09M) | Time:00:00.00 | Mem:0.00M, Peak:0.00M | Scene, ViewLayer | Initializing
Fra:1 Mem:14.95M (Peak 18.09M) | Time:00:00.00 | Mem:0.00M, Peak:0.00M | Scene, ViewLayer | Waiting for render to start
Fra:1 Mem:14.95M (Peak 18.09M) | Time:00:00.00 | Mem:0.00M, Peak:0.00M | Scene, ViewLayer | Updating Scene
Fra:1 Mem:14.95M (Peak 18.09M) | Time:00:00.00 | Mem:0.00M, Peak:0.00M | Scene, ViewLayer | Updating Shaders
Fra:1 Mem:14.95M (Peak 18.09M) | Time:00:00.00 | Mem:0.00M, Peak:0.00M | Scene, ViewLayer | Loading render kernels (may take a few minutes the first time)
Fra:1 Mem:15.04M (Peak 18.09M) | Time:00:00.00 | Mem:0.01M, Peak:0.01M | Scene, ViewLayer | Updating Procedurals
Fra:1 Mem:15.04M (Peak 18.09M) | Time:00:00.00 | Mem:0.01M, Peak:0.01M | Scene, ViewLayer | Updating Background
Fra:1 Mem:15.04M (Peak 18.09M) | Time:00:00.00 | Mem:0.01M, Peak:0.01M | Scene, ViewLayer | Updating Camera
Fra:1 Mem:15.04M (Peak 18.09M) | Time:00:00.00 | Mem:0.01M, Peak:0.01M | Scene, ViewLayer | Updating Meshes Flags
Fra:1 Mem:15.04M (Peak 18.09M) | Time:00:00.00 | Mem:0.01M, Peak:0.01M | Scene, ViewLayer | Updating Objects
Fra:1 Mem:15.04M (Peak 18.09M) | Time:00:00.00 | Mem:0.01M, Peak:0.01M | Scene, ViewLayer | Updating Objects | Copying Transformations to device
Fra:1 Mem:15.05M (Peak 18.09M) | Time:00:00.00 | Mem:0.02M, Peak:0.02M | Scene, ViewLayer | Updating Particle Systems
Fra:1 Mem:15.05M (Peak 18.09M) | Time:00:00.00 | Mem:0.02M, Peak:0.02M | Scene, ViewLayer | Updating Particle Systems | Copying Particles to device
Fra:1 Mem:15.05M (Peak 18.09M) | Time:00:00.00 | Mem:0.02M, Peak:0.02M | Scene, ViewLayer | Updating Meshes
Fra:1 Mem:15.05M (Peak 18.09M) | Time:00:00.00 | Mem:0.02M, Peak:0.02M | Scene, ViewLayer | Updating Objects | Applying Static Transformations
Fra:1 Mem:15.05M (Peak 18.09M) | Time:00:00.00 | Mem:0.02M, Peak:0.02M | Scene, ViewLayer | Updating Mesh | Computing attributes
Fra:1 Mem:15.16M (Peak 18.09M) | Time:00:00.00 | Mem:0.02M, Peak:0.02M | Scene, ViewLayer | Updating Mesh | Copying Attributes to device
Fra:1 Mem:15.16M (Peak 18.09M) | Time:00:00.00 | Mem:0.12M, Peak:0.12M | Scene, ViewLayer | Updating Scene BVH | Building
Fra:1 Mem:15.16M (Peak 18.09M) | Time:00:00.00 | Mem:0.12M, Peak:0.12M | Scene, ViewLayer | Updating Scene BVH | Building BVH
Fra:1 Mem:15.16M (Peak 18.09M) | Time:00:00.00 | Mem:0.43M, Peak:0.43M | Scene, ViewLayer | Updating Scene BVH | Building BVH 0%
Fra:1 Mem:15.16M (Peak 18.09M) | Time:00:00.00 | Mem:0.76M, Peak:1.06M | Scene, ViewLayer | Updating Scene BVH | Copying BVH to device
Fra:1 Mem:15.16M (Peak 18.09M) | Time:00:00.00 | Mem:0.76M, Peak:1.06M | Scene, ViewLayer | Updating Mesh | Computing normals
Fra:1 Mem:15.51M (Peak 18.09M) | Time:00:00.00 | Mem:0.76M, Peak:1.06M | Scene, ViewLayer | Updating Mesh | Copying Mesh to device
Fra:1 Mem:15.51M (Peak 18.09M) | Time:00:00.00 | Mem:1.11M, Peak:1.11M | Scene, ViewLayer | Updating Objects Flags
Fra:1 Mem:15.51M (Peak 18.09M) | Time:00:00.00 | Mem:1.11M, Peak:1.11M | Scene, ViewLayer | Updating Primitive Offsets
Fra:1 Mem:15.51M (Peak 18.09M) | Time:00:00.00 | Mem:1.11M, Peak:1.11M | Scene, ViewLayer | Updating Images
Fra:1 Mem:15.51M (Peak 18.09M) | Time:00:00.00 | Mem:1.11M, Peak:1.11M | Scene, ViewLayer | Updating Camera Volume
Fra:1 Mem:15.51M (Peak 18.09M) | Time:00:00.00 | Mem:1.11M, Peak:1.11M | Scene, ViewLayer | Updating Lookup Tables
Fra:1 Mem:15.51M (Peak 18.09M) | Time:00:00.00 | Mem:1.19M, Peak:1.19M | Scene, ViewLayer | Updating Lights
Fra:1 Mem:15.51M (Peak 18.09M) | Time:00:00.00 | Mem:1.19M, Peak:1.19M | Scene, ViewLayer | Updating Lights | Computing tree
Fra:1 Mem:15.51M (Peak 18.09M) | Time:00:00.00 | Mem:1.19M, Peak:1.19M | Scene, ViewLayer | Updating Integrator
Fra:1 Mem:15.51M (Peak 18.09M) | Time:00:00.00 | Mem:1.19M, Peak:1.19M | Scene, ViewLayer | Updating Film
Fra:1 Mem:15.51M (Peak 18.09M) | Time:00:00.00 | Mem:1.11M, Peak:1.19M | Scene, ViewLayer | Updating Lookup Tables
Fra:1 Mem:15.51M (Peak 18.09M) | Time:00:00.00 | Mem:1.20M, Peak:1.20M | Scene, ViewLayer | Updating Baking
Fra:1 Mem:15.51M (Peak 18.09M) | Time:00:00.00 | Mem:1.20M, Peak:1.20M | Scene, ViewLayer | Updating Device | Writing constant memory
Fra:1 Mem:15.52M (Peak 18.09M) | Time:00:00.00 | Mem:1.20M, Peak:1.20M | Scene, ViewLayer | Loading denoising kernels (may take a few minutes the first time)
Fra:1 Mem:15.52M (Peak 18.09M) | Time:00:00.00 | Mem:1.20M, Peak:1.20M | Scene, ViewLayer | Sample 0/32
Fra:1 Mem:21.61M (Peak 21.61M) | Time:00:00.00 | Remaining:00:00.11 | Mem:7.14M, Peak:7.14M | Scene, ViewLayer | Sample 1/32
Fra:1 Mem:24.12M (Peak 27.87M) | Time:00:00.24 | Mem:7.14M, Peak:7.14M | Scene, ViewLayer | Sample 32/32
Fra:1 Mem:24.12M (Peak 27.87M) | Time:00:00.24 | Mem:7.14M, Peak:7.14M | Scene, ViewLayer | Finished
Saved: '/Users/al/git/Starbase2/.local/character-frames/captain/front-6.png'
Time: 00:00.25 (Saving: 00:00.00)

Fra:1 Mem:17.31M (Peak 17.31M) | Time:00:00.00 | Mem:0.00M, Peak:0.00M | Scene, ViewLayer | Synchronizing object | Flight armor
Fra:1 Mem:17.33M (Peak 17.33M) | Time:00:00.00 | Mem:0.00M, Peak:0.00M | Scene, ViewLayer | Synchronizing object | Knee plate
Fra:1 Mem:17.34M (Peak 17.34M) | Time:00:00.00 | Mem:0.00M, Peak:0.00M | Scene, ViewLayer | Synchronizing object | Shin
Fra:1 Mem:17.41M (Peak 17.41M) | Time:00:00.00 | Mem:0.00M, Peak:0.00M | Scene, ViewLayer | Synchronizing object | Boot
Fra:1 Mem:17.46M (Peak 17.46M) | Time:00:00.00 | Mem:0.00M, Peak:0.00M | Scene, ViewLayer | Synchronizing object | Toe plate
Fra:1 Mem:17.49M (Peak 17.49M) | Time:00:00.00 | Mem:0.00M, Peak:0.00M | Scene, ViewLayer | Synchronizing object | Boot trim
Fra:1 Mem:17.51M (Peak 17.51M) | Time:00:00.00 | Mem:0.00M, Peak:0.00M | Scene, ViewLayer | Synchronizing object | Rim
Fra:1 Mem:17.54M (Peak 17.54M) | Time:00:00.00 | Mem:0.00M, Peak:0.00M | Scene, ViewLayer | Synchronizing object | Upper sleeve
Fra:1 Mem:17.54M (Peak 17.54M) | Time:00:00.00 | Mem:0.00M, Peak:0.00M | Scene, ViewLayer | Synchronizing object | Shoulder shell
Fra:1 Mem:17.55M (Peak 17.55M) | Time:00:00.00 | Mem:0.00M, Peak:0.00M | Scene, ViewLayer | Synchronizing object | Key
Fra:1 Mem:17.56M (Peak 17.56M) | Time:00:00.00 | Mem:0.00M, Peak:0.00M | Scene, ViewLayer | Synchronizing object | Rear hair locks.001
Fra:1 Mem:17.51M (Peak 17.56M) | Time:00:00.00 | Mem:0.00M, Peak:0.00M | Scene, ViewLayer | Synchronizing object | Glove
Fra:1 Mem:17.51M (Peak 17.56M) | Time:00:00.00 | Mem:0.00M, Peak:0.00M | Scene, ViewLayer | Synchronizing object | Wrist display
Fra:1 Mem:17.53M (Peak 17.56M) | Time:00:00.00 | Mem:0.00M, Peak:0.00M | Scene, ViewLayer | Synchronizing object | Thigh.001
Fra:1 Mem:17.55M (Peak 17.56M) | Time:00:00.00 | Mem:0.00M, Peak:0.00M | Scene, ViewLayer | Synchronizing object | Knee plate.001
Fra:1 Mem:17.58M (Peak 17.58M) | Time:00:00.00 | Mem:0.00M, Peak:0.00M | Scene, ViewLayer | Synchronizing object | Shin.001
Fra:1 Mem:17.63M (Peak 17.63M) | Time:00:00.00 | Mem:0.00M, Peak:0.00M | Scene, ViewLayer | Synchronizing object | Boot.001
Fra:1 Mem:17.66M (Peak 17.66M) | Time:00:00.00 | Mem:0.00M, Peak:0.00M | Scene, ViewLayer | Synchronizing object | Toe plate.001
Fra:1 Mem:17.66M (Peak 17.66M) | Time:00:00.00 | Mem:0.00M, Peak:0.00M | Scene, ViewLayer | Synchronizing object | Boot trim.001
Fra:1 Mem:17.67M (Peak 17.67M) | Time:00:00.00 | Mem:0.00M, Peak:0.00M | Scene, ViewLayer | Synchronizing object | Upper sleeve.001
Fra:1 Mem:17.71M (Peak 17.71M) | Time:00:00.00 | Mem:0.00M, Peak:0.00M | Scene, ViewLayer | Synchronizing object | Mission stripe.001
Fra:1 Mem:17.73M (Peak 17.73M) | Time:00:00.00 | Mem:0.00M, Peak:0.00M | Scene, ViewLayer | Synchronizing object | Elbow joint.001
Fra:1 Mem:17.71M (Peak 17.73M) | Time:00:00.00 | Mem:0.00M, Peak:0.00M | Scene, ViewLayer | Synchronizing object | Expedition cape
Fra:1 Mem:17.72M (Peak 17.73M) | Time:00:00.00 | Mem:0.00M, Peak:0.00M | Scene, ViewLayer | Synchronizing object | Wrist display.001
Fra:1 Mem:17.74M (Peak 17.74M) | Time:00:00.00 | Mem:0.00M, Peak:0.00M | Scene, ViewLayer | Synchronizing object | Chest cuirass
Fra:1 Mem:17.77M (Peak 17.77M) | Time:00:00.00 | Mem:0.00M, Peak:0.00M | Scene, ViewLayer | Synchronizing object | Chest seam
Fra:1 Mem:17.78M (Peak 17.78M) | Time:00:00.00 | Mem:0.00M, Peak:0.00M | Scene, ViewLayer | Synchronizing object | Mouth
Fra:1 Mem:17.79M (Peak 17.79M) | Time:00:00.00 | Mem:0.00M, Peak:0.00M | Scene, ViewLayer | Synchronizing object | Expedition insignia
Fra:1 Mem:17.80M (Peak 17.80M) | Time:00:00.00 | Mem:0.00M, Peak:0.00M | Scene, ViewLayer | Synchronizing object | Scarf collar
Fra:1 Mem:17.83M (Peak 17.83M) | Time:00:00.00 | Mem:0.00M, Peak:0.00M | Scene, ViewLayer | Synchronizing object | Face
Fra:1 Mem:17.85M (Peak 17.85M) | Time:00:00.00 | Mem:0.00M, Peak:0.00M | Scene, ViewLayer | Synchronizing object | Hair crown
Fra:1 Mem:17.85M (Peak 17.85M) | Time:00:00.00 | Mem:0.00M, Peak:0.00M | Scene, ViewLayer | Synchronizing object | Side hair.001
Fra:1 Mem:17.87M (Peak 17.87M) | Time:00:00.00 | Mem:0.00M, Peak:0.00M | Scene, ViewLayer | Synchronizing object | Silver fringe
Fra:1 Mem:17.85M (Peak 17.87M) | Time:00:00.00 | Mem:0.00M, Peak:0.00M | Scene, ViewLayer | Synchronizing object | Silver fringe.002
Fra:1 Mem:17.88M (Peak 17.88M) | Time:00:00.00 | Mem:0.00M, Peak:0.00M | Scene, ViewLayer | Synchronizing object | Silver fringe.003
Fra:1 Mem:17.88M (Peak 17.88M) | Time:00:00.00 | Mem:0.00M, Peak:0.00M | Scene, ViewLayer | Synchronizing object | Eye
Fra:1 Mem:17.93M (Peak 17.93M) | Time:00:00.00 | Mem:0.00M, Peak:0.00M | Scene, ViewLayer | Synchronizing object | Eye light
Fra:1 Mem:17.96M (Peak 17.96M) | Time:00:00.00 | Mem:0.00M, Peak:0.00M | Scene, ViewLayer | Synchronizing object | Eye.001
Fra:1 Mem:17.99M (Peak 17.99M) | Time:00:00.00 | Mem:0.00M, Peak:0.00M | Scene, ViewLayer | Synchronizing object | Nose
Fra:1 Mem:18.09M (Peak 18.09M) | Time:00:00.00 | Mem:0.00M, Peak:0.00M | Scene, ViewLayer | Initializing
Fra:1 Mem:14.95M (Peak 18.09M) | Time:00:00.00 | Mem:0.00M, Peak:0.00M | Scene, ViewLayer | Waiting for render to start
Fra:1 Mem:14.95M (Peak 18.09M) | Time:00:00.00 | Mem:0.00M, Peak:0.00M | Scene, ViewLayer | Updating Scene
Fra:1 Mem:14.95M (Peak 18.09M) | Time:00:00.00 | Mem:0.00M, Peak:0.00M | Scene, ViewLayer | Updating Shaders
Fra:1 Mem:14.95M (Peak 18.09M) | Time:00:00.00 | Mem:0.00M, Peak:0.00M | Scene, ViewLayer | Loading render kernels (may take a few minutes the first time)
Fra:1 Mem:15.04M (Peak 18.09M) | Time:00:00.00 | Mem:0.01M, Peak:0.01M | Scene, ViewLayer | Updating Procedurals
Fra:1 Mem:15.04M (Peak 18.09M) | Time:00:00.00 | Mem:0.01M, Peak:0.01M | Scene, ViewLayer | Updating Background
Fra:1 Mem:15.04M (Peak 18.09M) | Time:00:00.00 | Mem:0.01M, Peak:0.01M | Scene, ViewLayer | Updating Camera
Fra:1 Mem:15.04M (Peak 18.09M) | Time:00:00.00 | Mem:0.01M, Peak:0.01M | Scene, ViewLayer | Updating Meshes Flags
Fra:1 Mem:15.04M (Peak 18.09M) | Time:00:00.00 | Mem:0.01M, Peak:0.01M | Scene, ViewLayer | Updating Objects
Fra:1 Mem:15.04M (Peak 18.09M) | Time:00:00.00 | Mem:0.01M, Peak:0.01M | Scene, ViewLayer | Updating Objects | Copying Transformations to device
Fra:1 Mem:15.05M (Peak 18.09M) | Time:00:00.00 | Mem:0.02M, Peak:0.02M | Scene, ViewLayer | Updating Particle Systems
Fra:1 Mem:15.05M (Peak 18.09M) | Time:00:00.00 | Mem:0.02M, Peak:0.02M | Scene, ViewLayer | Updating Particle Systems | Copying Particles to device
Fra:1 Mem:15.05M (Peak 18.09M) | Time:00:00.00 | Mem:0.02M, Peak:0.02M | Scene, ViewLayer | Updating Meshes
Fra:1 Mem:15.05M (Peak 18.09M) | Time:00:00.00 | Mem:0.02M, Peak:0.02M | Scene, ViewLayer | Updating Objects | Applying Static Transformations
Fra:1 Mem:15.05M (Peak 18.09M) | Time:00:00.00 | Mem:0.02M, Peak:0.02M | Scene, ViewLayer | Updating Mesh | Computing attributes
Fra:1 Mem:15.16M (Peak 18.09M) | Time:00:00.00 | Mem:0.02M, Peak:0.02M | Scene, ViewLayer | Updating Mesh | Copying Attributes to device
Fra:1 Mem:15.16M (Peak 18.09M) | Time:00:00.00 | Mem:0.12M, Peak:0.12M | Scene, ViewLayer | Updating Scene BVH | Building
Fra:1 Mem:15.16M (Peak 18.09M) | Time:00:00.00 | Mem:0.12M, Peak:0.12M | Scene, ViewLayer | Updating Scene BVH | Building BVH
Fra:1 Mem:15.16M (Peak 18.09M) | Time:00:00.00 | Mem:0.43M, Peak:0.43M | Scene, ViewLayer | Updating Scene BVH | Building BVH 0%
Fra:1 Mem:15.16M (Peak 18.09M) | Time:00:00.00 | Mem:0.76M, Peak:1.06M | Scene, ViewLayer | Updating Scene BVH | Copying BVH to device
Fra:1 Mem:15.16M (Peak 18.09M) | Time:00:00.00 | Mem:0.76M, Peak:1.06M | Scene, ViewLayer | Updating Mesh | Computing normals
Fra:1 Mem:15.51M (Peak 18.09M) | Time:00:00.00 | Mem:0.76M, Peak:1.06M | Scene, ViewLayer | Updating Mesh | Copying Mesh to device
Fra:1 Mem:15.51M (Peak 18.09M) | Time:00:00.00 | Mem:1.11M, Peak:1.11M | Scene, ViewLayer | Updating Objects Flags
Fra:1 Mem:15.51M (Peak 18.09M) | Time:00:00.00 | Mem:1.11M, Peak:1.11M | Scene, ViewLayer | Updating Primitive Offsets
Fra:1 Mem:15.51M (Peak 18.09M) | Time:00:00.00 | Mem:1.11M, Peak:1.11M | Scene, ViewLayer | Updating Images
Fra:1 Mem:15.51M (Peak 18.09M) | Time:00:00.00 | Mem:1.11M, Peak:1.11M | Scene, ViewLayer | Updating Camera Volume
Fra:1 Mem:15.51M (Peak 18.09M) | Time:00:00.00 | Mem:1.11M, Peak:1.11M | Scene, ViewLayer | Updating Lookup Tables
Fra:1 Mem:15.51M (Peak 18.09M) | Time:00:00.00 | Mem:1.19M, Peak:1.19M | Scene, ViewLayer | Updating Lights
Fra:1 Mem:15.51M (Peak 18.09M) | Time:00:00.00 | Mem:1.19M, Peak:1.19M | Scene, ViewLayer | Updating Lights | Computing tree
Fra:1 Mem:15.51M (Peak 18.09M) | Time:00:00.00 | Mem:1.19M, Peak:1.19M | Scene, ViewLayer | Updating Integrator
Fra:1 Mem:15.51M (Peak 18.09M) | Time:00:00.00 | Mem:1.19M, Peak:1.19M | Scene, ViewLayer | Updating Film
Fra:1 Mem:15.51M (Peak 18.09M) | Time:00:00.00 | Mem:1.11M, Peak:1.19M | Scene, ViewLayer | Updating Lookup Tables
Fra:1 Mem:15.51M (Peak 18.09M) | Time:00:00.00 | Mem:1.20M, Peak:1.20M | Scene, ViewLayer | Updating Baking
Fra:1 Mem:15.51M (Peak 18.09M) | Time:00:00.00 | Mem:1.20M, Peak:1.20M | Scene, ViewLayer | Updating Device | Writing constant memory
Fra:1 Mem:15.52M (Peak 18.09M) | Time:00:00.00 | Mem:1.20M, Peak:1.20M | Scene, ViewLayer | Loading denoising kernels (may take a few minutes the first time)
Fra:1 Mem:15.52M (Peak 18.09M) | Time:00:00.00 | Mem:1.20M, Peak:1.20M | Scene, ViewLayer | Sample 0/32
Fra:1 Mem:21.61M (Peak 21.61M) | Time:00:00.00 | Remaining:00:00.11 | Mem:7.14M, Peak:7.14M | Scene, ViewLayer | Sample 1/32
Fra:1 Mem:24.12M (Peak 27.87M) | Time:00:00.24 | Mem:7.14M, Peak:7.14M | Scene, ViewLayer | Sample 32/32
Fra:1 Mem:24.12M (Peak 27.87M) | Time:00:00.24 | Mem:7.14M, Peak:7.14M | Scene, ViewLayer | Finished
Saved: '/Users/al/git/Starbase2/.local/character-frames/captain/front-7.png'
Time: 00:00.24 (Saving: 00:00.00)

Fra:1 Mem:17.31M (Peak 17.31M) | Time:00:00.00 | Mem:0.00M, Peak:0.00M | Scene, ViewLayer | Synchronizing object | Flight armor
Fra:1 Mem:17.33M (Peak 17.33M) | Time:00:00.00 | Mem:0.00M, Peak:0.00M | Scene, ViewLayer | Synchronizing object | Belt pouch
Fra:1 Mem:17.33M (Peak 17.33M) | Time:00:00.00 | Mem:0.00M, Peak:0.00M | Scene, ViewLayer | Synchronizing object | Thigh
Fra:1 Mem:17.35M (Peak 17.35M) | Time:00:00.00 | Mem:0.00M, Peak:0.00M | Scene, ViewLayer | Synchronizing object | Knee plate
Fra:1 Mem:17.40M (Peak 17.40M) | Time:00:00.00 | Mem:0.00M, Peak:0.00M | Scene, ViewLayer | Synchronizing object | Shin
Fra:1 Mem:17.40M (Peak 17.40M) | Time:00:00.00 | Mem:0.00M, Peak:0.00M | Scene, ViewLayer | Synchronizing object | Boot
Fra:1 Mem:17.44M (Peak 17.44M) | Time:00:00.00 | Mem:0.00M, Peak:0.00M | Scene, ViewLayer | Synchronizing object | Rim
Fra:1 Mem:17.47M (Peak 17.47M) | Time:00:00.00 | Mem:0.00M, Peak:0.00M | Scene, ViewLayer | Synchronizing object | Key
Fra:1 Mem:17.47M (Peak 17.47M) | Time:00:00.00 | Mem:0.00M, Peak:0.00M | Scene, ViewLayer | Synchronizing object | Toe plate
Fra:1 Mem:17.45M (Peak 17.47M) | Time:00:00.00 | Mem:0.00M, Peak:0.00M | Scene, ViewLayer | Synchronizing object | Rear hair locks.001
Fra:1 Mem:17.47M (Peak 17.47M) | Time:00:00.00 | Mem:0.00M, Peak:0.00M | Scene, ViewLayer | Synchronizing object | Upper sleeve
Fra:1 Mem:17.48M (Peak 17.48M) | Time:00:00.00 | Mem:0.00M, Peak:0.00M | Scene, ViewLayer | Synchronizing object | Shoulder shell
Fra:1 Mem:17.46M (Peak 17.48M) | Time:00:00.00 | Mem:0.00M, Peak:0.00M | Scene, ViewLayer | Synchronizing object | Elbow joint
Fra:1 Mem:17.51M (Peak 17.51M) | Time:00:00.00 | Mem:0.00M, Peak:0.00M | Scene, ViewLayer | Synchronizing object | Gauntlet
Fra:1 Mem:17.56M (Peak 17.56M) | Time:00:00.00 | Mem:0.00M, Peak:0.00M | Scene, ViewLayer | Synchronizing object | Rear hair locks
Fra:1 Mem:17.60M (Peak 17.60M) | Time:00:00.00 | Mem:0.00M, Peak:0.00M | Scene, ViewLayer | Synchronizing object | Thigh.001
Fra:1 Mem:17.61M (Peak 17.61M) | Time:00:00.00 | Mem:0.00M, Peak:0.00M | Scene, ViewLayer | Synchronizing object | Expedition cape
Fra:1 Mem:17.61M (Peak 17.61M) | Time:00:00.00 | Mem:0.00M, Peak:0.00M | Scene, ViewLayer | Synchronizing object | Shin.001
Fra:1 Mem:17.62M (Peak 17.62M) | Time:00:00.00 | Mem:0.00M, Peak:0.00M | Scene, ViewLayer | Synchronizing object | Boot.001
Fra:1 Mem:17.61M (Peak 17.62M) | Time:00:00.00 | Mem:0.00M, Peak:0.00M | Scene, ViewLayer | Synchronizing object | Toe plate.001
Fra:1 Mem:17.63M (Peak 17.63M) | Time:00:00.00 | Mem:0.00M, Peak:0.00M | Scene, ViewLayer | Synchronizing object | Boot trim.001
Fra:1 Mem:17.67M (Peak 17.67M) | Time:00:00.00 | Mem:0.00M, Peak:0.00M | Scene, ViewLayer | Synchronizing object | Upper sleeve.001
Fra:1 Mem:17.65M (Peak 17.67M) | Time:00:00.00 | Mem:0.00M, Peak:0.00M | Scene, ViewLayer | Synchronizing object | Shoulder shell.001
Fra:1 Mem:17.68M (Peak 17.68M) | Time:00:00.00 | Mem:0.00M, Peak:0.00M | Scene, ViewLayer | Synchronizing object | Elbow joint.001
Fra:1 Mem:17.69M (Peak 17.69M) | Time:00:00.00 | Mem:0.00M, Peak:0.00M | Scene, ViewLayer | Synchronizing object | Gauntlet.001
Fra:1 Mem:17.76M (Peak 17.76M) | Time:00:00.00 | Mem:0.00M, Peak:0.00M | Scene, ViewLayer | Synchronizing object | Glove.001
Fra:1 Mem:17.78M (Peak 17.78M) | Time:00:00.00 | Mem:0.00M, Peak:0.00M | Scene, ViewLayer | Synchronizing object | Chest cuirass
Fra:1 Mem:17.80M (Peak 17.80M) | Time:00:00.00 | Mem:0.00M, Peak:0.00M | Scene, ViewLayer | Synchronizing object | Scarf collar
Fra:1 Mem:17.82M (Peak 17.82M) | Time:00:00.00 | Mem:0.00M, Peak:0.00M | Scene, ViewLayer | Synchronizing object | Hair crown
Fra:1 Mem:17.85M (Peak 17.85M) | Time:00:00.00 | Mem:0.00M, Peak:0.00M | Scene, ViewLayer | Synchronizing object | Side hair
Fra:1 Mem:17.87M (Peak 17.87M) | Time:00:00.00 | Mem:0.00M, Peak:0.00M | Scene, ViewLayer | Synchronizing object | Side hair.001
Fra:1 Mem:17.88M (Peak 17.88M) | Time:00:00.00 | Mem:0.00M, Peak:0.00M | Scene, ViewLayer | Synchronizing object | Silver fringe.001
Fra:1 Mem:17.91M (Peak 17.91M) | Time:00:00.00 | Mem:0.00M, Peak:0.00M | Scene, ViewLayer | Synchronizing object | Nose
Fra:1 Mem:17.90M (Peak 17.91M) | Time:00:00.00 | Mem:0.00M, Peak:0.00M | Scene, ViewLayer | Synchronizing object | Silver fringe.002
Fra:1 Mem:17.94M (Peak 17.94M) | Time:00:00.00 | Mem:0.00M, Peak:0.00M | Scene, ViewLayer | Synchronizing object | Silver fringe.003
Fra:1 Mem:17.92M (Peak 17.94M) | Time:00:00.00 | Mem:0.00M, Peak:0.00M | Scene, ViewLayer | Synchronizing object | Eye outline
Fra:1 Mem:17.95M (Peak 17.95M) | Time:00:00.00 | Mem:0.00M, Peak:0.00M | Scene, ViewLayer | Synchronizing object | Eye
Fra:1 Mem:17.95M (Peak 17.95M) | Time:00:00.00 | Mem:0.00M, Peak:0.00M | Scene, ViewLayer | Synchronizing object | Eye.001
Fra:1 Mem:18.09M (Peak 18.09M) | Time:00:00.00 | Mem:0.00M, Peak:0.00M | Scene, ViewLayer | Initializing
Fra:1 Mem:14.95M (Peak 18.09M) | Time:00:00.00 | Mem:0.00M, Peak:0.00M | Scene, ViewLayer | Waiting for render to start
Fra:1 Mem:14.95M (Peak 18.09M) | Time:00:00.00 | Mem:0.00M, Peak:0.00M | Scene, ViewLayer | Updating Scene
Fra:1 Mem:14.95M (Peak 18.09M) | Time:00:00.00 | Mem:0.00M, Peak:0.00M | Scene, ViewLayer | Updating Shaders
Fra:1 Mem:14.95M (Peak 18.09M) | Time:00:00.00 | Mem:0.00M, Peak:0.00M | Scene, ViewLayer | Loading render kernels (may take a few minutes the first time)
Fra:1 Mem:15.04M (Peak 18.09M) | Time:00:00.00 | Mem:0.01M, Peak:0.01M | Scene, ViewLayer | Updating Procedurals
Fra:1 Mem:15.04M (Peak 18.09M) | Time:00:00.00 | Mem:0.01M, Peak:0.01M | Scene, ViewLayer | Updating Background
Fra:1 Mem:15.04M (Peak 18.09M) | Time:00:00.00 | Mem:0.01M, Peak:0.01M | Scene, ViewLayer | Updating Camera
Fra:1 Mem:15.04M (Peak 18.09M) | Time:00:00.00 | Mem:0.01M, Peak:0.01M | Scene, ViewLayer | Updating Meshes Flags
Fra:1 Mem:15.04M (Peak 18.09M) | Time:00:00.00 | Mem:0.01M, Peak:0.01M | Scene, ViewLayer | Updating Objects
Fra:1 Mem:15.04M (Peak 18.09M) | Time:00:00.00 | Mem:0.01M, Peak:0.01M | Scene, ViewLayer | Updating Objects | Copying Transformations to device
Fra:1 Mem:15.05M (Peak 18.09M) | Time:00:00.00 | Mem:0.02M, Peak:0.02M | Scene, ViewLayer | Updating Particle Systems
Fra:1 Mem:15.05M (Peak 18.09M) | Time:00:00.00 | Mem:0.02M, Peak:0.02M | Scene, ViewLayer | Updating Particle Systems | Copying Particles to device
Fra:1 Mem:15.05M (Peak 18.09M) | Time:00:00.00 | Mem:0.02M, Peak:0.02M | Scene, ViewLayer | Updating Meshes
Fra:1 Mem:15.05M (Peak 18.09M) | Time:00:00.00 | Mem:0.02M, Peak:0.02M | Scene, ViewLayer | Updating Objects | Applying Static Transformations
Fra:1 Mem:15.05M (Peak 18.09M) | Time:00:00.00 | Mem:0.02M, Peak:0.02M | Scene, ViewLayer | Updating Mesh | Computing attributes
Fra:1 Mem:15.16M (Peak 18.09M) | Time:00:00.00 | Mem:0.02M, Peak:0.02M | Scene, ViewLayer | Updating Mesh | Copying Attributes to device
Fra:1 Mem:15.16M (Peak 18.09M) | Time:00:00.00 | Mem:0.12M, Peak:0.12M | Scene, ViewLayer | Updating Scene BVH | Building
Fra:1 Mem:15.16M (Peak 18.09M) | Time:00:00.00 | Mem:0.12M, Peak:0.12M | Scene, ViewLayer | Updating Scene BVH | Building BVH
Fra:1 Mem:15.16M (Peak 18.09M) | Time:00:00.00 | Mem:0.43M, Peak:0.43M | Scene, ViewLayer | Updating Scene BVH | Building BVH 0%
Fra:1 Mem:15.16M (Peak 18.09M) | Time:00:00.00 | Mem:0.79M, Peak:1.09M | Scene, ViewLayer | Updating Scene BVH | Copying BVH to device
Fra:1 Mem:15.16M (Peak 18.09M) | Time:00:00.00 | Mem:0.79M, Peak:1.09M | Scene, ViewLayer | Updating Mesh | Computing normals
Fra:1 Mem:15.51M (Peak 18.09M) | Time:00:00.00 | Mem:0.79M, Peak:1.09M | Scene, ViewLayer | Updating Mesh | Copying Mesh to device
Fra:1 Mem:15.51M (Peak 18.09M) | Time:00:00.00 | Mem:1.14M, Peak:1.14M | Scene, ViewLayer | Updating Objects Flags
Fra:1 Mem:15.51M (Peak 18.09M) | Time:00:00.00 | Mem:1.14M, Peak:1.14M | Scene, ViewLayer | Updating Primitive Offsets
Fra:1 Mem:15.51M (Peak 18.09M) | Time:00:00.00 | Mem:1.14M, Peak:1.14M | Scene, ViewLayer | Updating Images
Fra:1 Mem:15.51M (Peak 18.09M) | Time:00:00.00 | Mem:1.14M, Peak:1.14M | Scene, ViewLayer | Updating Camera Volume
Fra:1 Mem:15.51M (Peak 18.09M) | Time:00:00.00 | Mem:1.14M, Peak:1.14M | Scene, ViewLayer | Updating Lookup Tables
Fra:1 Mem:15.51M (Peak 18.09M) | Time:00:00.00 | Mem:1.22M, Peak:1.22M | Scene, ViewLayer | Updating Lights
Fra:1 Mem:15.51M (Peak 18.09M) | Time:00:00.00 | Mem:1.22M, Peak:1.22M | Scene, ViewLayer | Updating Lights | Computing tree
Fra:1 Mem:15.51M (Peak 18.09M) | Time:00:00.00 | Mem:1.23M, Peak:1.23M | Scene, ViewLayer | Updating Integrator
Fra:1 Mem:15.51M (Peak 18.09M) | Time:00:00.00 | Mem:1.23M, Peak:1.23M | Scene, ViewLayer | Updating Film
Fra:1 Mem:15.51M (Peak 18.09M) | Time:00:00.00 | Mem:1.14M, Peak:1.23M | Scene, ViewLayer | Updating Lookup Tables
Fra:1 Mem:15.51M (Peak 18.09M) | Time:00:00.00 | Mem:1.23M, Peak:1.23M | Scene, ViewLayer | Updating Baking
Fra:1 Mem:15.51M (Peak 18.09M) | Time:00:00.00 | Mem:1.23M, Peak:1.23M | Scene, ViewLayer | Updating Device | Writing constant memory
Fra:1 Mem:15.52M (Peak 18.09M) | Time:00:00.00 | Mem:1.23M, Peak:1.23M | Scene, ViewLayer | Loading denoising kernels (may take a few minutes the first time)
Fra:1 Mem:15.52M (Peak 18.09M) | Time:00:00.00 | Mem:1.23M, Peak:1.23M | Scene, ViewLayer | Sample 0/32
Fra:1 Mem:21.61M (Peak 21.61M) | Time:00:00.00 | Remaining:00:00.12 | Mem:7.17M, Peak:7.17M | Scene, ViewLayer | Sample 1/32
Fra:1 Mem:24.12M (Peak 27.87M) | Time:00:00.25 | Mem:7.17M, Peak:7.17M | Scene, ViewLayer | Sample 32/32
Fra:1 Mem:24.12M (Peak 27.87M) | Time:00:00.25 | Mem:7.17M, Peak:7.17M | Scene, ViewLayer | Finished
Saved: '/Users/al/git/Starbase2/.local/character-frames/captain/front-8.png'
Time: 00:00.25 (Saving: 00:00.00)

Fra:1 Mem:17.31M (Peak 17.31M) | Time:00:00.00 | Mem:0.00M, Peak:0.00M | Scene, ViewLayer | Synchronizing object | Flight armor
Fra:1 Mem:17.32M (Peak 17.32M) | Time:00:00.00 | Mem:0.00M, Peak:0.00M | Scene, ViewLayer | Synchronizing object | Knee plate
Fra:1 Mem:17.35M (Peak 17.35M) | Time:00:00.00 | Mem:0.00M, Peak:0.00M | Scene, ViewLayer | Synchronizing object | Shin
Fra:1 Mem:17.39M (Peak 17.39M) | Time:00:00.00 | Mem:0.00M, Peak:0.00M | Scene, ViewLayer | Synchronizing object | Boot
Fra:1 Mem:17.43M (Peak 17.43M) | Time:00:00.00 | Mem:0.00M, Peak:0.00M | Scene, ViewLayer | Synchronizing object | Toe plate
Fra:1 Mem:17.44M (Peak 17.44M) | Time:00:00.00 | Mem:0.00M, Peak:0.00M | Scene, ViewLayer | Synchronizing object | Boot trim
Fra:1 Mem:17.52M (Peak 17.52M) | Time:00:00.00 | Mem:0.00M, Peak:0.00M | Scene, ViewLayer | Synchronizing object | Upper sleeve
Fra:1 Mem:17.53M (Peak 17.53M) | Time:00:00.00 | Mem:0.00M, Peak:0.00M | Scene, ViewLayer | Synchronizing object | Mission stripe
Fra:1 Mem:17.50M (Peak 17.53M) | Time:00:00.00 | Mem:0.00M, Peak:0.00M | Scene, ViewLayer | Synchronizing object | Elbow joint
Fra:1 Mem:17.50M (Peak 17.53M) | Time:00:00.00 | Mem:0.00M, Peak:0.00M | Scene, ViewLayer | Synchronizing object | Gauntlet
Fra:1 Mem:17.52M (Peak 17.53M) | Time:00:00.00 | Mem:0.00M, Peak:0.00M | Scene, ViewLayer | Synchronizing object | Key
Fra:1 Mem:17.55M (Peak 17.55M) | Time:00:00.00 | Mem:0.00M, Peak:0.00M | Scene, ViewLayer | Synchronizing object | Rear hair locks.001
Fra:1 Mem:17.59M (Peak 17.58M) | Time:00:00.00 | Mem:0.00M, Peak:0.00M | Scene, ViewLayer | Synchronizing object | Wrist display
Fra:1 Mem:17.54M (Peak 17.58M) | Time:00:00.00 | Mem:0.00M, Peak:0.00M | Scene, ViewLayer | Synchronizing object | Rear hair locks
Fra:1 Mem:17.55M (Peak 17.58M) | Time:00:00.00 | Mem:0.00M, Peak:0.00M | Scene, ViewLayer | Synchronizing object | Shin.001
Fra:1 Mem:17.59M (Peak 17.59M) | Time:00:00.00 | Mem:0.00M, Peak:0.00M | Scene, ViewLayer | Synchronizing object | Boot.001
Fra:1 Mem:17.65M (Peak 17.65M) | Time:00:00.00 | Mem:0.00M, Peak:0.00M | Scene, ViewLayer | Synchronizing object | Toe plate.001
Fra:1 Mem:17.68M (Peak 17.68M) | Time:00:00.00 | Mem:0.00M, Peak:0.00M | Scene, ViewLayer | Synchronizing object | Boot trim.001
Fra:1 Mem:17.67M (Peak 17.68M) | Time:00:00.00 | Mem:0.00M, Peak:0.00M | Scene, ViewLayer | Synchronizing object | Shoulder shell.001
Fra:1 Mem:17.65M (Peak 17.68M) | Time:00:00.00 | Mem:0.00M, Peak:0.00M | Scene, ViewLayer | Synchronizing object | Elbow joint.001
Fra:1 Mem:17.73M (Peak 17.73M) | Time:00:00.00 | Mem:0.00M, Peak:0.00M | Scene, ViewLayer | Synchronizing object | Gauntlet.001
Fra:1 Mem:17.73M (Peak 17.73M) | Time:00:00.00 | Mem:0.00M, Peak:0.00M | Scene, ViewLayer | Synchronizing object | Glove.001
Fra:1 Mem:17.76M (Peak 17.76M) | Time:00:00.00 | Mem:0.00M, Peak:0.00M | Scene, ViewLayer | Synchronizing object | Wrist display.001
Fra:1 Mem:17.76M (Peak 17.76M) | Time:00:00.00 | Mem:0.00M, Peak:0.00M | Scene, ViewLayer | Synchronizing object | Chest cuirass
Fra:1 Mem:17.77M (Peak 17.77M) | Time:00:00.00 | Mem:0.00M, Peak:0.00M | Scene, ViewLayer | Synchronizing object | Chest seam
Fra:1 Mem:17.82M (Peak 17.82M) | Time:00:00.00 | Mem:0.00M, Peak:0.00M | Scene, ViewLayer | Synchronizing object | Expedition insignia
Fra:1 Mem:17.83M (Peak 17.83M) | Time:00:00.00 | Mem:0.00M, Peak:0.00M | Scene, ViewLayer | Synchronizing object | Face
Fra:1 Mem:17.82M (Peak 17.83M) | Time:00:00.00 | Mem:0.00M, Peak:0.00M | Scene, ViewLayer | Synchronizing object | Hair crown
Fra:1 Mem:17.83M (Peak 17.83M) | Time:00:00.00 | Mem:0.00M, Peak:0.00M | Scene, ViewLayer | Synchronizing object | Side hair
Fra:1 Mem:17.85M (Peak 17.85M) | Time:00:00.00 | Mem:0.00M, Peak:0.00M | Scene, ViewLayer | Synchronizing object | Silver fringe
Fra:1 Mem:17.93M (Peak 17.93M) | Time:00:00.00 | Mem:0.00M, Peak:0.00M | Scene, ViewLayer | Synchronizing object | Silver fringe.001
Fra:1 Mem:17.92M (Peak 17.93M) | Time:00:00.00 | Mem:0.00M, Peak:0.00M | Scene, ViewLayer | Synchronizing object | Eye light
Fra:1 Mem:17.99M (Peak 17.99M) | Time:00:00.00 | Mem:0.00M, Peak:0.00M | Scene, ViewLayer | Synchronizing object | Eye outline.001
Fra:1 Mem:17.98M (Peak 17.99M) | Time:00:00.00 | Mem:0.00M, Peak:0.00M | Scene, ViewLayer | Synchronizing object | Nose
Fra:1 Mem:17.99M (Peak 17.99M) | Time:00:00.00 | Mem:0.00M, Peak:0.00M | Scene, ViewLayer | Synchronizing object | Eye.001
Fra:1 Mem:17.99M (Peak 17.99M) | Time:00:00.00 | Mem:0.00M, Peak:0.00M | Scene, ViewLayer | Synchronizing object | Eye light.001
Fra:1 Mem:18.09M (Peak 18.09M) | Time:00:00.00 | Mem:0.00M, Peak:0.00M | Scene, ViewLayer | Initializing
Fra:1 Mem:14.95M (Peak 18.09M) | Time:00:00.00 | Mem:0.00M, Peak:0.00M | Scene, ViewLayer | Waiting for render to start
Fra:1 Mem:14.95M (Peak 18.09M) | Time:00:00.00 | Mem:0.00M, Peak:0.00M | Scene, ViewLayer | Updating Scene
Fra:1 Mem:14.95M (Peak 18.09M) | Time:00:00.00 | Mem:0.00M, Peak:0.00M | Scene, ViewLayer | Updating Shaders
Fra:1 Mem:14.95M (Peak 18.09M) | Time:00:00.00 | Mem:0.00M, Peak:0.00M | Scene, ViewLayer | Loading render kernels (may take a few minutes the first time)
Fra:1 Mem:15.04M (Peak 18.09M) | Time:00:00.00 | Mem:0.01M, Peak:0.01M | Scene, ViewLayer | Updating Procedurals
Fra:1 Mem:15.04M (Peak 18.09M) | Time:00:00.00 | Mem:0.01M, Peak:0.01M | Scene, ViewLayer | Updating Background
Fra:1 Mem:15.04M (Peak 18.09M) | Time:00:00.00 | Mem:0.01M, Peak:0.01M | Scene, ViewLayer | Updating Camera
Fra:1 Mem:15.04M (Peak 18.09M) | Time:00:00.00 | Mem:0.01M, Peak:0.01M | Scene, ViewLayer | Updating Meshes Flags
Fra:1 Mem:15.04M (Peak 18.09M) | Time:00:00.00 | Mem:0.01M, Peak:0.01M | Scene, ViewLayer | Updating Objects
Fra:1 Mem:15.04M (Peak 18.09M) | Time:00:00.00 | Mem:0.01M, Peak:0.01M | Scene, ViewLayer | Updating Objects | Copying Transformations to device
Fra:1 Mem:15.05M (Peak 18.09M) | Time:00:00.00 | Mem:0.02M, Peak:0.02M | Scene, ViewLayer | Updating Particle Systems
Fra:1 Mem:15.05M (Peak 18.09M) | Time:00:00.00 | Mem:0.02M, Peak:0.02M | Scene, ViewLayer | Updating Particle Systems | Copying Particles to device
Fra:1 Mem:15.05M (Peak 18.09M) | Time:00:00.00 | Mem:0.02M, Peak:0.02M | Scene, ViewLayer | Updating Meshes
Fra:1 Mem:15.05M (Peak 18.09M) | Time:00:00.00 | Mem:0.02M, Peak:0.02M | Scene, ViewLayer | Updating Objects | Applying Static Transformations
Fra:1 Mem:15.05M (Peak 18.09M) | Time:00:00.00 | Mem:0.02M, Peak:0.02M | Scene, ViewLayer | Updating Mesh | Computing attributes
Fra:1 Mem:15.16M (Peak 18.09M) | Time:00:00.00 | Mem:0.02M, Peak:0.02M | Scene, ViewLayer | Updating Mesh | Copying Attributes to device
Fra:1 Mem:15.16M (Peak 18.09M) | Time:00:00.00 | Mem:0.12M, Peak:0.12M | Scene, ViewLayer | Updating Scene BVH | Building
Fra:1 Mem:15.16M (Peak 18.09M) | Time:00:00.00 | Mem:0.12M, Peak:0.12M | Scene, ViewLayer | Updating Scene BVH | Building BVH
Fra:1 Mem:15.16M (Peak 18.09M) | Time:00:00.00 | Mem:0.43M, Peak:0.43M | Scene, ViewLayer | Updating Scene BVH | Building BVH 0%
Fra:1 Mem:15.16M (Peak 18.09M) | Time:00:00.00 | Mem:0.76M, Peak:1.06M | Scene, ViewLayer | Updating Scene BVH | Copying BVH to device
Fra:1 Mem:15.16M (Peak 18.09M) | Time:00:00.00 | Mem:0.76M, Peak:1.06M | Scene, ViewLayer | Updating Mesh | Computing normals
Fra:1 Mem:15.51M (Peak 18.09M) | Time:00:00.00 | Mem:0.76M, Peak:1.06M | Scene, ViewLayer | Updating Mesh | Copying Mesh to device
Fra:1 Mem:15.51M (Peak 18.09M) | Time:00:00.00 | Mem:1.11M, Peak:1.11M | Scene, ViewLayer | Updating Objects Flags
Fra:1 Mem:15.51M (Peak 18.09M) | Time:00:00.00 | Mem:1.11M, Peak:1.11M | Scene, ViewLayer | Updating Primitive Offsets
Fra:1 Mem:15.51M (Peak 18.09M) | Time:00:00.00 | Mem:1.11M, Peak:1.11M | Scene, ViewLayer | Updating Images
Fra:1 Mem:15.51M (Peak 18.09M) | Time:00:00.00 | Mem:1.11M, Peak:1.11M | Scene, ViewLayer | Updating Camera Volume
Fra:1 Mem:15.51M (Peak 18.09M) | Time:00:00.00 | Mem:1.11M, Peak:1.11M | Scene, ViewLayer | Updating Lookup Tables
Fra:1 Mem:15.51M (Peak 18.09M) | Time:00:00.00 | Mem:1.19M, Peak:1.19M | Scene, ViewLayer | Updating Lights
Fra:1 Mem:15.51M (Peak 18.09M) | Time:00:00.00 | Mem:1.19M, Peak:1.19M | Scene, ViewLayer | Updating Lights | Computing tree
Fra:1 Mem:15.51M (Peak 18.09M) | Time:00:00.00 | Mem:1.19M, Peak:1.19M | Scene, ViewLayer | Updating Integrator
Fra:1 Mem:15.51M (Peak 18.09M) | Time:00:00.00 | Mem:1.19M, Peak:1.19M | Scene, ViewLayer | Updating Film
Fra:1 Mem:15.51M (Peak 18.09M) | Time:00:00.00 | Mem:1.11M, Peak:1.19M | Scene, ViewLayer | Updating Lookup Tables
Fra:1 Mem:15.51M (Peak 18.09M) | Time:00:00.00 | Mem:1.20M, Peak:1.20M | Scene, ViewLayer | Updating Baking
Fra:1 Mem:15.51M (Peak 18.09M) | Time:00:00.00 | Mem:1.20M, Peak:1.20M | Scene, ViewLayer | Updating Device | Writing constant memory
Fra:1 Mem:15.52M (Peak 18.09M) | Time:00:00.00 | Mem:1.20M, Peak:1.20M | Scene, ViewLayer | Loading denoising kernels (may take a few minutes the first time)
Fra:1 Mem:15.52M (Peak 18.09M) | Time:00:00.00 | Mem:1.20M, Peak:1.20M | Scene, ViewLayer | Sample 0/32
Fra:1 Mem:21.61M (Peak 21.61M) | Time:00:00.00 | Remaining:00:00.10 | Mem:7.14M, Peak:7.14M | Scene, ViewLayer | Sample 1/32
Fra:1 Mem:24.12M (Peak 27.87M) | Time:00:00.23 | Mem:7.14M, Peak:7.14M | Scene, ViewLayer | Sample 32/32
Fra:1 Mem:24.12M (Peak 27.87M) | Time:00:00.23 | Mem:7.14M, Peak:7.14M | Scene, ViewLayer | Finished
Saved: '/Users/al/git/Starbase2/.local/character-frames/captain/back-0.png'
Time: 00:00.23 (Saving: 00:00.00)

Fra:1 Mem:17.31M (Peak 17.31M) | Time:00:00.00 | Mem:0.00M, Peak:0.00M | Scene, ViewLayer | Synchronizing object | Flight armor
Fra:1 Mem:17.31M (Peak 17.31M) | Time:00:00.00 | Mem:0.00M, Peak:0.00M | Scene, ViewLayer | Synchronizing object | Knee plate
Fra:1 Mem:17.34M (Peak 17.34M) | Time:00:00.00 | Mem:0.00M, Peak:0.00M | Scene, ViewLayer | Synchronizing object | Shin
Fra:1 Mem:17.41M (Peak 17.41M) | Time:00:00.00 | Mem:0.00M, Peak:0.00M | Scene, ViewLayer | Synchronizing object | Boot
Fra:1 Mem:17.45M (Peak 17.45M) | Time:00:00.00 | Mem:0.00M, Peak:0.00M | Scene, ViewLayer | Synchronizing object | Toe plate
Fra:1 Mem:17.47M (Peak 17.47M) | Time:00:00.00 | Mem:0.00M, Peak:0.00M | Scene, ViewLayer | Synchronizing object | Upper sleeve
Fra:1 Mem:17.50M (Peak 17.50M) | Time:00:00.00 | Mem:0.00M, Peak:0.00M | Scene, ViewLayer | Synchronizing object | Shoulder shell
Fra:1 Mem:17.53M (Peak 17.53M) | Time:00:00.00 | Mem:0.00M, Peak:0.00M | Scene, ViewLayer | Synchronizing object | Mission stripe
Fra:1 Mem:17.53M (Peak 17.53M) | Time:00:00.00 | Mem:0.00M, Peak:0.00M | Scene, ViewLayer | Synchronizing object | Elbow joint
Fra:1 Mem:17.56M (Peak 17.56M) | Time:00:00.00 | Mem:0.00M, Peak:0.00M | Scene, ViewLayer | Synchronizing object | Glove
Fra:1 Mem:17.58M (Peak 17.58M) | Time:00:00.00 | Mem:0.00M, Peak:0.00M | Scene, ViewLayer | Synchronizing object | Wrist display
Fra:1 Mem:17.55M (Peak 17.58M) | Time:00:00.00 | Mem:0.00M, Peak:0.00M | Scene, ViewLayer | Synchronizing object | Knee gasket.001
Fra:1 Mem:17.60M (Peak 17.60M) | Time:00:00.00 | Mem:0.00M, Peak:0.00M | Scene, ViewLayer | Synchronizing object | Knee plate.001
Fra:1 Mem:17.60M (Peak 17.60M) | Time:00:00.00 | Mem:0.00M, Peak:0.00M | Scene, ViewLayer | Synchronizing object | Boot.001
Fra:1 Mem:17.63M (Peak 17.64M) | Time:00:00.00 | Mem:0.00M, Peak:0.00M | Scene, ViewLayer | Synchronizing object | Key
Fra:1 Mem:17.64M (Peak 17.64M) | Time:00:00.00 | Mem:0.00M, Peak:0.00M | Scene, ViewLayer | Synchronizing object | Rear hair locks.001
Fra:1 Mem:17.60M (Peak 17.64M) | Time:00:00.00 | Mem:0.00M, Peak:0.00M | Scene, ViewLayer | Synchronizing object | Boot trim.001
Fra:1 Mem:17.63M (Peak 17.64M) | Time:00:00.00 | Mem:0.00M, Peak:0.00M | Scene, ViewLayer | Synchronizing object | Rear hair locks
Fra:1 Mem:17.64M (Peak 17.64M) | Time:00:00.00 | Mem:0.00M, Peak:0.00M | Scene, ViewLayer | Synchronizing object | Upper sleeve.001
Fra:1 Mem:17.65M (Peak 17.65M) | Time:00:00.00 | Mem:0.00M, Peak:0.00M | Scene, ViewLayer | Synchronizing object | Expedition cape
Fra:1 Mem:17.68M (Peak 17.68M) | Time:00:00.00 | Mem:0.00M, Peak:0.00M | Scene, ViewLayer | Synchronizing object | Mission stripe.001
Fra:1 Mem:17.70M (Peak 17.70M) | Time:00:00.00 | Mem:0.00M, Peak:0.00M | Scene, ViewLayer | Synchronizing object | Mouth
Fra:1 Mem:17.75M (Peak 17.75M) | Time:00:00.00 | Mem:0.00M, Peak:0.00M | Scene, ViewLayer | Synchronizing object | Elbow joint.001
Fra:1 Mem:17.77M (Peak 17.77M) | Time:00:00.00 | Mem:0.00M, Peak:0.00M | Scene, ViewLayer | Synchronizing object | Gauntlet.001
Fra:1 Mem:17.76M (Peak 17.77M) | Time:00:00.00 | Mem:0.00M, Peak:0.00M | Scene, ViewLayer | Synchronizing object | Glove.001
Fra:1 Mem:17.79M (Peak 17.79M) | Time:00:00.00 | Mem:0.00M, Peak:0.00M | Scene, ViewLayer | Synchronizing object | Wrist display.001
Fra:1 Mem:17.79M (Peak 17.79M) | Time:00:00.00 | Mem:0.00M, Peak:0.00M | Scene, ViewLayer | Synchronizing object | Expedition insignia
Fra:1 Mem:17.80M (Peak 17.80M) | Time:00:00.00 | Mem:0.00M, Peak:0.00M | Scene, ViewLayer | Synchronizing object | Scarf collar
Fra:1 Mem:17.83M (Peak 17.83M) | Time:00:00.00 | Mem:0.00M, Peak:0.00M | Scene, ViewLayer | Synchronizing object | Face
Fra:1 Mem:17.82M (Peak 17.83M) | Time:00:00.00 | Mem:0.00M, Peak:0.00M | Scene, ViewLayer | Synchronizing object | Nose
Fra:1 Mem:17.85M (Peak 17.85M) | Time:00:00.00 | Mem:0.00M, Peak:0.00M | Scene, ViewLayer | Synchronizing object | Hair crown
Fra:1 Mem:17.85M (Peak 17.85M) | Time:00:00.00 | Mem:0.00M, Peak:0.00M | Scene, ViewLayer | Synchronizing object | Side hair
Fra:1 Mem:17.85M (Peak 17.85M) | Time:00:00.00 | Mem:0.00M, Peak:0.00M | Scene, ViewLayer | Synchronizing object | Eye light.001
Fra:1 Mem:17.88M (Peak 17.88M) | Time:00:00.00 | Mem:0.00M, Peak:0.00M | Scene, ViewLayer | Synchronizing object | Side hair.001
Fra:1 Mem:17.89M (Peak 17.90M) | Time:00:00.00 | Mem:0.00M, Peak:0.00M | Scene, ViewLayer | Synchronizing object | Silver fringe
Fra:1 Mem:17.89M (Peak 17.90M) | Time:00:00.00 | Mem:0.00M, Peak:0.00M | Scene, ViewLayer | Synchronizing object | Silver fringe.002
Fra:1 Mem:17.93M (Peak 17.93M) | Time:00:00.00 | Mem:0.00M, Peak:0.00M | Scene, ViewLayer | Synchronizing object | Silver fringe.003
Fra:1 Mem:17.92M (Peak 17.93M) | Time:00:00.00 | Mem:0.00M, Peak:0.00M | Scene, ViewLayer | Synchronizing object | Eye outline
Fra:1 Mem:17.94M (Peak 17.94M) | Time:00:00.00 | Mem:0.00M, Peak:0.00M | Scene, ViewLayer | Synchronizing object | Eye
Fra:1 Mem:17.96M (Peak 17.96M) | Time:00:00.00 | Mem:0.00M, Peak:0.00M | Scene, ViewLayer | Synchronizing object | Eye outline.001
Fra:1 Mem:18.00M (Peak 18.00M) | Time:00:00.00 | Mem:0.00M, Peak:0.00M | Scene, ViewLayer | Synchronizing object | Eye.001
Fra:1 Mem:18.09M (Peak 18.09M) | Time:00:00.00 | Mem:0.00M, Peak:0.00M | Scene, ViewLayer | Initializing
Fra:1 Mem:14.95M (Peak 18.09M) | Time:00:00.00 | Mem:0.00M, Peak:0.00M | Scene, ViewLayer | Waiting for render to start
Fra:1 Mem:14.95M (Peak 18.09M) | Time:00:00.00 | Mem:0.00M, Peak:0.00M | Scene, ViewLayer | Updating Scene
Fra:1 Mem:14.95M (Peak 18.09M) | Time:00:00.00 | Mem:0.00M, Peak:0.00M | Scene, ViewLayer | Updating Shaders
Fra:1 Mem:14.95M (Peak 18.09M) | Time:00:00.00 | Mem:0.00M, Peak:0.00M | Scene, ViewLayer | Loading render kernels (may take a few minutes the first time)
Fra:1 Mem:15.04M (Peak 18.09M) | Time:00:00.00 | Mem:0.01M, Peak:0.01M | Scene, ViewLayer | Updating Procedurals
Fra:1 Mem:15.04M (Peak 18.09M) | Time:00:00.00 | Mem:0.01M, Peak:0.01M | Scene, ViewLayer | Updating Background
Fra:1 Mem:15.04M (Peak 18.09M) | Time:00:00.00 | Mem:0.01M, Peak:0.01M | Scene, ViewLayer | Updating Camera
Fra:1 Mem:15.04M (Peak 18.09M) | Time:00:00.00 | Mem:0.01M, Peak:0.01M | Scene, ViewLayer | Updating Meshes Flags
Fra:1 Mem:15.04M (Peak 18.09M) | Time:00:00.00 | Mem:0.01M, Peak:0.01M | Scene, ViewLayer | Updating Objects
Fra:1 Mem:15.04M (Peak 18.09M) | Time:00:00.00 | Mem:0.01M, Peak:0.01M | Scene, ViewLayer | Updating Objects | Copying Transformations to device
Fra:1 Mem:15.05M (Peak 18.09M) | Time:00:00.00 | Mem:0.02M, Peak:0.02M | Scene, ViewLayer | Updating Particle Systems
Fra:1 Mem:15.05M (Peak 18.09M) | Time:00:00.00 | Mem:0.02M, Peak:0.02M | Scene, ViewLayer | Updating Particle Systems | Copying Particles to device
Fra:1 Mem:15.05M (Peak 18.09M) | Time:00:00.00 | Mem:0.02M, Peak:0.02M | Scene, ViewLayer | Updating Meshes
Fra:1 Mem:15.05M (Peak 18.09M) | Time:00:00.00 | Mem:0.02M, Peak:0.02M | Scene, ViewLayer | Updating Objects | Applying Static Transformations
Fra:1 Mem:15.05M (Peak 18.09M) | Time:00:00.00 | Mem:0.02M, Peak:0.02M | Scene, ViewLayer | Updating Mesh | Computing attributes
Fra:1 Mem:15.16M (Peak 18.09M) | Time:00:00.00 | Mem:0.02M, Peak:0.02M | Scene, ViewLayer | Updating Mesh | Copying Attributes to device
Fra:1 Mem:15.16M (Peak 18.09M) | Time:00:00.00 | Mem:0.12M, Peak:0.12M | Scene, ViewLayer | Updating Scene BVH | Building
Fra:1 Mem:15.16M (Peak 18.09M) | Time:00:00.00 | Mem:0.12M, Peak:0.12M | Scene, ViewLayer | Updating Scene BVH | Building BVH
Fra:1 Mem:15.16M (Peak 18.09M) | Time:00:00.00 | Mem:0.76M, Peak:1.06M | Scene, ViewLayer | Updating Scene BVH | Copying BVH to device
Fra:1 Mem:15.16M (Peak 18.09M) | Time:00:00.00 | Mem:0.76M, Peak:1.06M | Scene, ViewLayer | Updating Mesh | Computing normals
Fra:1 Mem:15.51M (Peak 18.09M) | Time:00:00.00 | Mem:0.76M, Peak:1.06M | Scene, ViewLayer | Updating Mesh | Copying Mesh to device
Fra:1 Mem:15.51M (Peak 18.09M) | Time:00:00.00 | Mem:1.11M, Peak:1.11M | Scene, ViewLayer | Updating Objects Flags
Fra:1 Mem:15.51M (Peak 18.09M) | Time:00:00.00 | Mem:1.11M, Peak:1.11M | Scene, ViewLayer | Updating Primitive Offsets
Fra:1 Mem:15.51M (Peak 18.09M) | Time:00:00.00 | Mem:1.11M, Peak:1.11M | Scene, ViewLayer | Updating Images
Fra:1 Mem:15.51M (Peak 18.09M) | Time:00:00.00 | Mem:1.11M, Peak:1.11M | Scene, ViewLayer | Updating Camera Volume
Fra:1 Mem:15.51M (Peak 18.09M) | Time:00:00.00 | Mem:1.11M, Peak:1.11M | Scene, ViewLayer | Updating Lookup Tables
Fra:1 Mem:15.51M (Peak 18.09M) | Time:00:00.00 | Mem:1.19M, Peak:1.19M | Scene, ViewLayer | Updating Lights
Fra:1 Mem:15.51M (Peak 18.09M) | Time:00:00.00 | Mem:1.19M, Peak:1.19M | Scene, ViewLayer | Updating Lights | Computing tree
Fra:1 Mem:15.51M (Peak 18.09M) | Time:00:00.00 | Mem:1.19M, Peak:1.19M | Scene, ViewLayer | Updating Integrator
Fra:1 Mem:15.51M (Peak 18.09M) | Time:00:00.00 | Mem:1.19M, Peak:1.19M | Scene, ViewLayer | Updating Film
Fra:1 Mem:15.51M (Peak 18.09M) | Time:00:00.00 | Mem:1.11M, Peak:1.19M | Scene, ViewLayer | Updating Lookup Tables
Fra:1 Mem:15.51M (Peak 18.09M) | Time:00:00.00 | Mem:1.20M, Peak:1.20M | Scene, ViewLayer | Updating Baking
Fra:1 Mem:15.51M (Peak 18.09M) | Time:00:00.00 | Mem:1.20M, Peak:1.20M | Scene, ViewLayer | Updating Device | Writing constant memory
Fra:1 Mem:15.52M (Peak 18.09M) | Time:00:00.00 | Mem:1.20M, Peak:1.20M | Scene, ViewLayer | Loading denoising kernels (may take a few minutes the first time)
Fra:1 Mem:15.52M (Peak 18.09M) | Time:00:00.00 | Mem:1.20M, Peak:1.20M | Scene, ViewLayer | Sample 0/32
Fra:1 Mem:21.61M (Peak 21.61M) | Time:00:00.00 | Remaining:00:00.10 | Mem:7.14M, Peak:7.14M | Scene, ViewLayer | Sample 1/32
Fra:1 Mem:24.12M (Peak 27.87M) | Time:00:00.23 | Mem:7.14M, Peak:7.14M | Scene, ViewLayer | Sample 32/32
Fra:1 Mem:24.12M (Peak 27.87M) | Time:00:00.23 | Mem:7.14M, Peak:7.14M | Scene, ViewLayer | Finished
Saved: '/Users/al/git/Starbase2/.local/character-frames/captain/back-1.png'
Time: 00:00.23 (Saving: 00:00.00)

Fra:1 Mem:17.31M (Peak 17.31M) | Time:00:00.00 | Mem:0.00M, Peak:0.00M | Scene, ViewLayer | Synchronizing object | Flight armor
Fra:1 Mem:17.33M (Peak 17.33M) | Time:00:00.00 | Mem:0.00M, Peak:0.00M | Scene, ViewLayer | Synchronizing object | Knee plate
Fra:1 Mem:17.33M (Peak 17.33M) | Time:00:00.00 | Mem:0.00M, Peak:0.00M | Scene, ViewLayer | Synchronizing object | Shin
Fra:1 Mem:17.39M (Peak 17.39M) | Time:00:00.00 | Mem:0.00M, Peak:0.00M | Scene, ViewLayer | Synchronizing object | Boot
Fra:1 Mem:17.43M (Peak 17.43M) | Time:00:00.00 | Mem:0.00M, Peak:0.00M | Scene, ViewLayer | Synchronizing object | Toe plate
Fra:1 Mem:17.47M (Peak 17.47M) | Time:00:00.00 | Mem:0.00M, Peak:0.00M | Scene, ViewLayer | Synchronizing object | Boot trim
Fra:1 Mem:17.49M (Peak 17.49M) | Time:00:00.00 | Mem:0.00M, Peak:0.00M | Scene, ViewLayer | Synchronizing object | Upper sleeve
Fra:1 Mem:17.52M (Peak 17.52M) | Time:00:00.00 | Mem:0.00M, Peak:0.00M | Scene, ViewLayer | Synchronizing object | Shoulder shell
Fra:1 Mem:17.55M (Peak 17.55M) | Time:00:00.00 | Mem:0.00M, Peak:0.00M | Scene, ViewLayer | Synchronizing object | Rim
Fra:1 Mem:17.49M (Peak 17.55M) | Time:00:00.00 | Mem:0.00M, Peak:0.00M | Scene, ViewLayer | Synchronizing object | Gauntlet
Fra:1 Mem:17.51M (Peak 17.55M) | Time:00:00.00 | Mem:0.00M, Peak:0.00M | Scene, ViewLayer | Synchronizing object | Glove
Fra:1 Mem:17.55M (Peak 17.55M) | Time:00:00.00 | Mem:0.00M, Peak:0.00M | Scene, ViewLayer | Synchronizing object | Wrist display
Fra:1 Mem:17.54M (Peak 17.55M) | Time:00:00.00 | Mem:0.00M, Peak:0.00M | Scene, ViewLayer | Synchronizing object | Knee plate.001
Fra:1 Mem:17.53M (Peak 17.55M) | Time:00:00.00 | Mem:0.00M, Peak:0.00M | Scene, ViewLayer | Synchronizing object | Key
Fra:1 Mem:17.54M (Peak 17.55M) | Time:00:00.00 | Mem:0.00M, Peak:0.00M | Scene, ViewLayer | Synchronizing object | Rear hair locks.001
Fra:1 Mem:17.58M (Peak 17.58M) | Time:00:00.00 | Mem:0.00M, Peak:0.00M | Scene, ViewLayer | Synchronizing object | Rear hair locks
Fra:1 Mem:17.57M (Peak 17.58M) | Time:00:00.00 | Mem:0.00M, Peak:0.00M | Scene, ViewLayer | Synchronizing object | Boot.001
Fra:1 Mem:17.60M (Peak 17.60M) | Time:00:00.00 | Mem:0.00M, Peak:0.00M | Scene, ViewLayer | Synchronizing object | Toe plate.001
Fra:1 Mem:17.65M (Peak 17.65M) | Time:00:00.00 | Mem:0.00M, Peak:0.00M | Scene, ViewLayer | Synchronizing object | Boot trim.001
Fra:1 Mem:17.66M (Peak 17.66M) | Time:00:00.00 | Mem:0.00M, Peak:0.00M | Scene, ViewLayer | Synchronizing object | Shoulder shell.001
Fra:1 Mem:17.64M (Peak 17.66M) | Time:00:00.00 | Mem:0.00M, Peak:0.00M | Scene, ViewLayer | Synchronizing object | Elbow joint.001
Fra:1 Mem:17.70M (Peak 17.70M) | Time:00:00.00 | Mem:0.00M, Peak:0.00M | Scene, ViewLayer | Synchronizing object | Gauntlet.001
Fra:1 Mem:17.71M (Peak 17.71M) | Time:00:00.00 | Mem:0.00M, Peak:0.00M | Scene, ViewLayer | Synchronizing object | Wrist display.001
Fra:1 Mem:17.78M (Peak 17.78M) | Time:00:00.00 | Mem:0.00M, Peak:0.00M | Scene, ViewLayer | Synchronizing object | Chest cuirass
Fra:1 Mem:17.77M (Peak 17.78M) | Time:00:00.00 | Mem:0.00M, Peak:0.00M | Scene, ViewLayer | Synchronizing object | Chest seam
Fra:1 Mem:17.81M (Peak 17.81M) | Time:00:00.00 | Mem:0.00M, Peak:0.00M | Scene, ViewLayer | Synchronizing object | Expedition insignia
Fra:1 Mem:17.84M (Peak 17.84M) | Time:00:00.00 | Mem:0.00M, Peak:0.00M | Scene, ViewLayer | Synchronizing object | Scarf collar
Fra:1 Mem:17.83M (Peak 17.84M) | Time:00:00.00 | Mem:0.00M, Peak:0.00M | Scene, ViewLayer | Synchronizing object | Side hair
Fra:1 Mem:17.83M (Peak 17.84M) | Time:00:00.00 | Mem:0.00M, Peak:0.00M | Scene, ViewLayer | Synchronizing object | Side hair.001
Fra:1 Mem:17.88M (Peak 17.88M) | Time:00:00.00 | Mem:0.00M, Peak:0.00M | Scene, ViewLayer | Synchronizing object | Silver fringe
Fra:1 Mem:17.87M (Peak 17.88M) | Time:00:00.00 | Mem:0.00M, Peak:0.00M | Scene, ViewLayer | Synchronizing object | Silver fringe.001
Fra:1 Mem:17.93M (Peak 17.93M) | Time:00:00.00 | Mem:0.00M, Peak:0.00M | Scene, ViewLayer | Synchronizing object | Silver fringe.002
Fra:1 Mem:17.96M (Peak 17.96M) | Time:00:00.00 | Mem:0.00M, Peak:0.00M | Scene, ViewLayer | Synchronizing object | Eye
Fra:1 Mem:17.95M (Peak 17.96M) | Time:00:00.00 | Mem:0.00M, Peak:0.00M | Scene, ViewLayer | Synchronizing object | Eye light
Fra:1 Mem:17.98M (Peak 17.98M) | Time:00:00.00 | Mem:0.00M, Peak:0.00M | Scene, ViewLayer | Synchronizing object | Eye outline.001
Fra:1 Mem:17.99M (Peak 17.99M) | Time:00:00.00 | Mem:0.00M, Peak:0.00M | Scene, ViewLayer | Synchronizing object | Eye light.001
Fra:1 Mem:18.01M (Peak 18.01M) | Time:00:00.00 | Mem:0.00M, Peak:0.00M | Scene, ViewLayer | Synchronizing object | Nose
Fra:1 Mem:18.02M (Peak 18.02M) | Time:00:00.00 | Mem:0.00M, Peak:0.00M | Scene, ViewLayer | Synchronizing object | Mouth
Fra:1 Mem:18.09M (Peak 18.09M) | Time:00:00.00 | Mem:0.00M, Peak:0.00M | Scene, ViewLayer | Initializing
Fra:1 Mem:14.95M (Peak 18.09M) | Time:00:00.00 | Mem:0.00M, Peak:0.00M | Scene, ViewLayer | Waiting for render to start
Fra:1 Mem:14.95M (Peak 18.09M) | Time:00:00.00 | Mem:0.00M, Peak:0.00M | Scene, ViewLayer | Updating Scene
Fra:1 Mem:14.95M (Peak 18.09M) | Time:00:00.00 | Mem:0.00M, Peak:0.00M | Scene, ViewLayer | Updating Shaders
Fra:1 Mem:14.95M (Peak 18.09M) | Time:00:00.00 | Mem:0.00M, Peak:0.00M | Scene, ViewLayer | Loading render kernels (may take a few minutes the first time)
Fra:1 Mem:15.04M (Peak 18.09M) | Time:00:00.00 | Mem:0.01M, Peak:0.01M | Scene, ViewLayer | Updating Procedurals
Fra:1 Mem:15.04M (Peak 18.09M) | Time:00:00.00 | Mem:0.01M, Peak:0.01M | Scene, ViewLayer | Updating Background
Fra:1 Mem:15.04M (Peak 18.09M) | Time:00:00.00 | Mem:0.01M, Peak:0.01M | Scene, ViewLayer | Updating Camera
Fra:1 Mem:15.04M (Peak 18.09M) | Time:00:00.00 | Mem:0.01M, Peak:0.01M | Scene, ViewLayer | Updating Meshes Flags
Fra:1 Mem:15.04M (Peak 18.09M) | Time:00:00.00 | Mem:0.01M, Peak:0.01M | Scene, ViewLayer | Updating Objects
Fra:1 Mem:15.04M (Peak 18.09M) | Time:00:00.00 | Mem:0.01M, Peak:0.01M | Scene, ViewLayer | Updating Objects | Copying Transformations to device
Fra:1 Mem:15.05M (Peak 18.09M) | Time:00:00.00 | Mem:0.02M, Peak:0.02M | Scene, ViewLayer | Updating Particle Systems
Fra:1 Mem:15.05M (Peak 18.09M) | Time:00:00.00 | Mem:0.02M, Peak:0.02M | Scene, ViewLayer | Updating Particle Systems | Copying Particles to device
Fra:1 Mem:15.05M (Peak 18.09M) | Time:00:00.00 | Mem:0.02M, Peak:0.02M | Scene, ViewLayer | Updating Meshes
Fra:1 Mem:15.05M (Peak 18.09M) | Time:00:00.00 | Mem:0.02M, Peak:0.02M | Scene, ViewLayer | Updating Objects | Applying Static Transformations
Fra:1 Mem:15.05M (Peak 18.09M) | Time:00:00.00 | Mem:0.02M, Peak:0.02M | Scene, ViewLayer | Updating Mesh | Computing attributes
Fra:1 Mem:15.16M (Peak 18.09M) | Time:00:00.00 | Mem:0.02M, Peak:0.02M | Scene, ViewLayer | Updating Mesh | Copying Attributes to device
Fra:1 Mem:15.16M (Peak 18.09M) | Time:00:00.00 | Mem:0.12M, Peak:0.12M | Scene, ViewLayer | Updating Scene BVH | Building
Fra:1 Mem:15.16M (Peak 18.09M) | Time:00:00.00 | Mem:0.12M, Peak:0.12M | Scene, ViewLayer | Updating Scene BVH | Building BVH
Fra:1 Mem:15.16M (Peak 18.09M) | Time:00:00.00 | Mem:0.43M, Peak:0.43M | Scene, ViewLayer | Updating Scene BVH | Building BVH 0%
Fra:1 Mem:15.16M (Peak 18.09M) | Time:00:00.00 | Mem:0.76M, Peak:1.06M | Scene, ViewLayer | Updating Scene BVH | Copying BVH to device
Fra:1 Mem:15.16M (Peak 18.09M) | Time:00:00.00 | Mem:0.76M, Peak:1.06M | Scene, ViewLayer | Updating Mesh | Computing normals
Fra:1 Mem:15.51M (Peak 18.09M) | Time:00:00.00 | Mem:0.76M, Peak:1.06M | Scene, ViewLayer | Updating Mesh | Copying Mesh to device
Fra:1 Mem:15.51M (Peak 18.09M) | Time:00:00.00 | Mem:1.11M, Peak:1.11M | Scene, ViewLayer | Updating Objects Flags
Fra:1 Mem:15.51M (Peak 18.09M) | Time:00:00.00 | Mem:1.11M, Peak:1.11M | Scene, ViewLayer | Updating Primitive Offsets
Fra:1 Mem:15.51M (Peak 18.09M) | Time:00:00.00 | Mem:1.11M, Peak:1.11M | Scene, ViewLayer | Updating Images
Fra:1 Mem:15.51M (Peak 18.09M) | Time:00:00.00 | Mem:1.11M, Peak:1.11M | Scene, ViewLayer | Updating Camera Volume
Fra:1 Mem:15.51M (Peak 18.09M) | Time:00:00.00 | Mem:1.11M, Peak:1.11M | Scene, ViewLayer | Updating Lookup Tables
Fra:1 Mem:15.51M (Peak 18.09M) | Time:00:00.00 | Mem:1.19M, Peak:1.19M | Scene, ViewLayer | Updating Lights
Fra:1 Mem:15.51M (Peak 18.09M) | Time:00:00.00 | Mem:1.19M, Peak:1.19M | Scene, ViewLayer | Updating Lights | Computing tree
Fra:1 Mem:15.51M (Peak 18.09M) | Time:00:00.00 | Mem:1.19M, Peak:1.19M | Scene, ViewLayer | Updating Integrator
Fra:1 Mem:15.51M (Peak 18.09M) | Time:00:00.00 | Mem:1.19M, Peak:1.19M | Scene, ViewLayer | Updating Film
Fra:1 Mem:15.51M (Peak 18.09M) | Time:00:00.00 | Mem:1.11M, Peak:1.19M | Scene, ViewLayer | Updating Lookup Tables
Fra:1 Mem:15.51M (Peak 18.09M) | Time:00:00.00 | Mem:1.20M, Peak:1.20M | Scene, ViewLayer | Updating Baking
Fra:1 Mem:15.51M (Peak 18.09M) | Time:00:00.00 | Mem:1.20M, Peak:1.20M | Scene, ViewLayer | Updating Device | Writing constant memory
Fra:1 Mem:15.52M (Peak 18.09M) | Time:00:00.00 | Mem:1.20M, Peak:1.20M | Scene, ViewLayer | Loading denoising kernels (may take a few minutes the first time)
Fra:1 Mem:15.52M (Peak 18.09M) | Time:00:00.00 | Mem:1.20M, Peak:1.20M | Scene, ViewLayer | Sample 0/32
Fra:1 Mem:21.61M (Peak 21.61M) | Time:00:00.00 | Remaining:00:00.10 | Mem:7.14M, Peak:7.14M | Scene, ViewLayer | Sample 1/32
Fra:1 Mem:24.12M (Peak 27.87M) | Time:00:00.23 | Mem:7.14M, Peak:7.14M | Scene, ViewLayer | Sample 32/32
Fra:1 Mem:24.12M (Peak 27.87M) | Time:00:00.23 | Mem:7.14M, Peak:7.14M | Scene, ViewLayer | Finished
Saved: '/Users/al/git/Starbase2/.local/character-frames/captain/back-2.png'
Time: 00:00.23 (Saving: 00:00.00)

Fra:1 Mem:17.31M (Peak 17.31M) | Time:00:00.00 | Mem:0.00M, Peak:0.00M | Scene, ViewLayer | Synchronizing object | Flight armor
Fra:1 Mem:17.32M (Peak 17.32M) | Time:00:00.00 | Mem:0.00M, Peak:0.00M | Scene, ViewLayer | Synchronizing object | Thigh
Fra:1 Mem:17.35M (Peak 17.35M) | Time:00:00.00 | Mem:0.00M, Peak:0.00M | Scene, ViewLayer | Synchronizing object | Knee gasket
Fra:1 Mem:17.41M (Peak 17.41M) | Time:00:00.00 | Mem:0.00M, Peak:0.00M | Scene, ViewLayer | Synchronizing object | Shin
Fra:1 Mem:17.38M (Peak 17.41M) | Time:00:00.00 | Mem:0.00M, Peak:0.00M | Scene, ViewLayer | Synchronizing object | Toe plate
Fra:1 Mem:17.40M (Peak 17.41M) | Time:00:00.00 | Mem:0.00M, Peak:0.00M | Scene, ViewLayer | Synchronizing object | Boot trim
Fra:1 Mem:17.44M (Peak 17.44M) | Time:00:00.00 | Mem:0.00M, Peak:0.00M | Scene, ViewLayer | Synchronizing object | Rim
Fra:1 Mem:17.44M (Peak 17.44M) | Time:00:00.00 | Mem:0.00M, Peak:0.00M | Scene, ViewLayer | Synchronizing object | Shoulder shell
Fra:1 Mem:17.45M (Peak 17.45M) | Time:00:00.00 | Mem:0.00M, Peak:0.00M | Scene, ViewLayer | Synchronizing object | Mission stripe
Fra:1 Mem:17.46M (Peak 17.46M) | Time:00:00.00 | Mem:0.00M, Peak:0.00M | Scene, ViewLayer | Synchronizing object | Elbow joint
Fra:1 Mem:17.52M (Peak 17.52M) | Time:00:00.00 | Mem:0.00M, Peak:0.00M | Scene, ViewLayer | Synchronizing object | Gauntlet
Fra:1 Mem:17.52M (Peak 17.52M) | Time:00:00.00 | Mem:0.00M, Peak:0.00M | Scene, ViewLayer | Synchronizing object | Key
Fra:1 Mem:17.54M (Peak 17.54M) | Time:00:00.00 | Mem:0.00M, Peak:0.00M | Scene, ViewLayer | Synchronizing object | Knee gasket.001
Fra:1 Mem:17.58M (Peak 17.58M) | Time:00:00.00 | Mem:0.00M, Peak:0.00M | Scene, ViewLayer | Synchronizing object | Knee plate.001
Fra:1 Mem:17.58M (Peak 17.58M) | Time:00:00.00 | Mem:0.00M, Peak:0.00M | Scene, ViewLayer | Synchronizing object | Rear hair locks.001
Fra:1 Mem:17.61M (Peak 17.61M) | Time:00:00.00 | Mem:0.00M, Peak:0.00M | Scene, ViewLayer | Synchronizing object | Shin.001
Fra:1 Mem:17.66M (Peak 17.66M) | Time:00:00.00 | Mem:0.00M, Peak:0.00M | Scene, ViewLayer | Synchronizing object | Boot.001
Fra:1 Mem:17.65M (Peak 17.66M) | Time:00:00.00 | Mem:0.00M, Peak:0.00M | Scene, ViewLayer | Synchronizing object | Toe plate.001
Fra:1 Mem:17.66M (Peak 17.66M) | Time:00:00.00 | Mem:0.00M, Peak:0.00M | Scene, ViewLayer | Synchronizing object | Boot trim.001
Fra:1 Mem:17.68M (Peak 17.68M) | Time:00:00.00 | Mem:0.00M, Peak:0.00M | Scene, ViewLayer | Synchronizing object | Upper sleeve.001
Fra:1 Mem:17.68M (Peak 17.68M) | Time:00:00.00 | Mem:0.00M, Peak:0.00M | Scene, ViewLayer | Synchronizing object | Elbow joint.001
Fra:1 Mem:17.67M (Peak 17.68M) | Time:00:00.00 | Mem:0.00M, Peak:0.00M | Scene, ViewLayer | Synchronizing object | Glove.001
Fra:1 Mem:17.70M (Peak 17.70M) | Time:00:00.00 | Mem:0.00M, Peak:0.00M | Scene, ViewLayer | Synchronizing object | Rear hair locks
Fra:1 Mem:17.70M (Peak 17.70M) | Time:00:00.00 | Mem:0.00M, Peak:0.00M | Scene, ViewLayer | Synchronizing object | Chest cuirass
Fra:1 Mem:17.72M (Peak 17.72M) | Time:00:00.00 | Mem:0.00M, Peak:0.00M | Scene, ViewLayer | Synchronizing object | Chest seam
Fra:1 Mem:17.73M (Peak 17.73M) | Time:00:00.00 | Mem:0.00M, Peak:0.00M | Scene, ViewLayer | Synchronizing object | Expedition insignia
Fra:1 Mem:17.86M (Peak 17.86M) | Time:00:00.00 | Mem:0.00M, Peak:0.00M | Scene, ViewLayer | Synchronizing object | Scarf collar
Fra:1 Mem:17.83M (Peak 17.86M) | Time:00:00.00 | Mem:0.00M, Peak:0.00M | Scene, ViewLayer | Synchronizing object | Expedition cape
Fra:1 Mem:17.86M (Peak 17.86M) | Time:00:00.00 | Mem:0.00M, Peak:0.00M | Scene, ViewLayer | Synchronizing object | Side hair.001
Fra:1 Mem:17.87M (Peak 17.87M) | Time:00:00.00 | Mem:0.00M, Peak:0.00M | Scene, ViewLayer | Synchronizing object | Mouth
Fra:1 Mem:17.89M (Peak 17.89M) | Time:00:00.00 | Mem:0.00M, Peak:0.00M | Scene, ViewLayer | Synchronizing object | Silver fringe.001
Fra:1 Mem:17.89M (Peak 17.89M) | Time:00:00.00 | Mem:0.00M, Peak:0.00M | Scene, ViewLayer | Synchronizing object | Silver fringe.002
Fra:1 Mem:17.89M (Peak 17.89M) | Time:00:00.00 | Mem:0.00M, Peak:0.00M | Scene, ViewLayer | Synchronizing object | Silver fringe.003
Fra:1 Mem:17.90M (Peak 17.90M) | Time:00:00.00 | Mem:0.00M, Peak:0.00M | Scene, ViewLayer | Synchronizing object | Eye outline
Fra:1 Mem:17.91M (Peak 17.91M) | Time:00:00.00 | Mem:0.00M, Peak:0.00M | Scene, ViewLayer | Synchronizing object | Eye light
Fra:1 Mem:17.92M (Peak 17.92M) | Time:00:00.00 | Mem:0.00M, Peak:0.00M | Scene, ViewLayer | Synchronizing object | Eye outline.001
Fra:1 Mem:17.95M (Peak 17.95M) | Time:00:00.00 | Mem:0.00M, Peak:0.00M | Scene, ViewLayer | Synchronizing object | Eye light.001
Fra:1 Mem:17.95M (Peak 17.95M) | Time:00:00.00 | Mem:0.00M, Peak:0.00M | Scene, ViewLayer | Synchronizing object | Nose
Fra:1 Mem:18.09M (Peak 18.09M) | Time:00:00.00 | Mem:0.00M, Peak:0.00M | Scene, ViewLayer | Initializing
Fra:1 Mem:14.95M (Peak 18.09M) | Time:00:00.00 | Mem:0.00M, Peak:0.00M | Scene, ViewLayer | Waiting for render to start
Fra:1 Mem:14.95M (Peak 18.09M) | Time:00:00.00 | Mem:0.00M, Peak:0.00M | Scene, ViewLayer | Updating Scene
Fra:1 Mem:14.95M (Peak 18.09M) | Time:00:00.00 | Mem:0.00M, Peak:0.00M | Scene, ViewLayer | Updating Shaders
Fra:1 Mem:14.95M (Peak 18.09M) | Time:00:00.00 | Mem:0.00M, Peak:0.00M | Scene, ViewLayer | Loading render kernels (may take a few minutes the first time)
Fra:1 Mem:15.04M (Peak 18.09M) | Time:00:00.00 | Mem:0.01M, Peak:0.01M | Scene, ViewLayer | Updating Procedurals
Fra:1 Mem:15.04M (Peak 18.09M) | Time:00:00.00 | Mem:0.01M, Peak:0.01M | Scene, ViewLayer | Updating Background
Fra:1 Mem:15.04M (Peak 18.09M) | Time:00:00.00 | Mem:0.01M, Peak:0.01M | Scene, ViewLayer | Updating Camera
Fra:1 Mem:15.04M (Peak 18.09M) | Time:00:00.00 | Mem:0.01M, Peak:0.01M | Scene, ViewLayer | Updating Meshes Flags
Fra:1 Mem:15.04M (Peak 18.09M) | Time:00:00.00 | Mem:0.01M, Peak:0.01M | Scene, ViewLayer | Updating Objects
Fra:1 Mem:15.04M (Peak 18.09M) | Time:00:00.00 | Mem:0.01M, Peak:0.01M | Scene, ViewLayer | Updating Objects | Copying Transformations to device
Fra:1 Mem:15.05M (Peak 18.09M) | Time:00:00.00 | Mem:0.02M, Peak:0.02M | Scene, ViewLayer | Updating Particle Systems
Fra:1 Mem:15.05M (Peak 18.09M) | Time:00:00.00 | Mem:0.02M, Peak:0.02M | Scene, ViewLayer | Updating Particle Systems | Copying Particles to device
Fra:1 Mem:15.05M (Peak 18.09M) | Time:00:00.00 | Mem:0.02M, Peak:0.02M | Scene, ViewLayer | Updating Meshes
Fra:1 Mem:15.05M (Peak 18.09M) | Time:00:00.00 | Mem:0.02M, Peak:0.02M | Scene, ViewLayer | Updating Objects | Applying Static Transformations
Fra:1 Mem:15.05M (Peak 18.09M) | Time:00:00.00 | Mem:0.02M, Peak:0.02M | Scene, ViewLayer | Updating Mesh | Computing attributes
Fra:1 Mem:15.16M (Peak 18.09M) | Time:00:00.00 | Mem:0.02M, Peak:0.02M | Scene, ViewLayer | Updating Mesh | Copying Attributes to device
Fra:1 Mem:15.16M (Peak 18.09M) | Time:00:00.00 | Mem:0.12M, Peak:0.12M | Scene, ViewLayer | Updating Scene BVH | Building
Fra:1 Mem:15.16M (Peak 18.09M) | Time:00:00.00 | Mem:0.12M, Peak:0.12M | Scene, ViewLayer | Updating Scene BVH | Building BVH
Fra:1 Mem:15.16M (Peak 18.09M) | Time:00:00.00 | Mem:0.76M, Peak:1.06M | Scene, ViewLayer | Updating Scene BVH | Copying BVH to device
Fra:1 Mem:15.16M (Peak 18.09M) | Time:00:00.00 | Mem:0.76M, Peak:1.06M | Scene, ViewLayer | Updating Mesh | Computing normals
Fra:1 Mem:15.51M (Peak 18.09M) | Time:00:00.00 | Mem:0.76M, Peak:1.06M | Scene, ViewLayer | Updating Mesh | Copying Mesh to device
Fra:1 Mem:15.51M (Peak 18.09M) | Time:00:00.00 | Mem:1.11M, Peak:1.11M | Scene, ViewLayer | Updating Objects Flags
Fra:1 Mem:15.51M (Peak 18.09M) | Time:00:00.00 | Mem:1.11M, Peak:1.11M | Scene, ViewLayer | Updating Primitive Offsets
Fra:1 Mem:15.51M (Peak 18.09M) | Time:00:00.00 | Mem:1.11M, Peak:1.11M | Scene, ViewLayer | Updating Images
Fra:1 Mem:15.51M (Peak 18.09M) | Time:00:00.00 | Mem:1.11M, Peak:1.11M | Scene, ViewLayer | Updating Camera Volume
Fra:1 Mem:15.51M (Peak 18.09M) | Time:00:00.00 | Mem:1.11M, Peak:1.11M | Scene, ViewLayer | Updating Lookup Tables
Fra:1 Mem:15.51M (Peak 18.09M) | Time:00:00.00 | Mem:1.19M, Peak:1.19M | Scene, ViewLayer | Updating Lights
Fra:1 Mem:15.51M (Peak 18.09M) | Time:00:00.00 | Mem:1.19M, Peak:1.19M | Scene, ViewLayer | Updating Lights | Computing tree
Fra:1 Mem:15.51M (Peak 18.09M) | Time:00:00.00 | Mem:1.19M, Peak:1.19M | Scene, ViewLayer | Updating Integrator
Fra:1 Mem:15.51M (Peak 18.09M) | Time:00:00.00 | Mem:1.19M, Peak:1.19M | Scene, ViewLayer | Updating Film
Fra:1 Mem:15.51M (Peak 18.09M) | Time:00:00.00 | Mem:1.11M, Peak:1.19M | Scene, ViewLayer | Updating Lookup Tables
Fra:1 Mem:15.51M (Peak 18.09M) | Time:00:00.00 | Mem:1.20M, Peak:1.20M | Scene, ViewLayer | Updating Baking
Fra:1 Mem:15.51M (Peak 18.09M) | Time:00:00.00 | Mem:1.20M, Peak:1.20M | Scene, ViewLayer | Updating Device | Writing constant memory
Fra:1 Mem:15.52M (Peak 18.09M) | Time:00:00.00 | Mem:1.20M, Peak:1.20M | Scene, ViewLayer | Loading denoising kernels (may take a few minutes the first time)
Fra:1 Mem:15.52M (Peak 18.09M) | Time:00:00.00 | Mem:1.20M, Peak:1.20M | Scene, ViewLayer | Sample 0/32
Fra:1 Mem:21.61M (Peak 21.61M) | Time:00:00.00 | Remaining:00:00.11 | Mem:7.14M, Peak:7.14M | Scene, ViewLayer | Sample 1/32
Fra:1 Mem:24.12M (Peak 27.87M) | Time:00:00.23 | Mem:7.14M, Peak:7.14M | Scene, ViewLayer | Sample 32/32
Fra:1 Mem:24.12M (Peak 27.87M) | Time:00:00.23 | Mem:7.14M, Peak:7.14M | Scene, ViewLayer | Finished
Saved: '/Users/al/git/Starbase2/.local/character-frames/captain/back-3.png'
Time: 00:00.23 (Saving: 00:00.00)

Fra:1 Mem:17.31M (Peak 17.31M) | Time:00:00.00 | Mem:0.00M, Peak:0.00M | Scene, ViewLayer | Synchronizing object | Flight armor
Fra:1 Mem:17.31M (Peak 17.31M) | Time:00:00.00 | Mem:0.00M, Peak:0.00M | Scene, ViewLayer | Synchronizing object | Belt pouch.001
Fra:1 Mem:17.34M (Peak 17.34M) | Time:00:00.00 | Mem:0.00M, Peak:0.00M | Scene, ViewLayer | Synchronizing object | Knee plate
Fra:1 Mem:17.37M (Peak 17.37M) | Time:00:00.00 | Mem:0.00M, Peak:0.00M | Scene, ViewLayer | Synchronizing object | Shin
Fra:1 Mem:17.40M (Peak 17.40M) | Time:00:00.00 | Mem:0.00M, Peak:0.00M | Scene, ViewLayer | Synchronizing object | Boot
Fra:1 Mem:17.44M (Peak 17.44M) | Time:00:00.00 | Mem:0.00M, Peak:0.00M | Scene, ViewLayer | Synchronizing object | Rim
Fra:1 Mem:17.47M (Peak 17.47M) | Time:00:00.00 | Mem:0.00M, Peak:0.00M | Scene, ViewLayer | Synchronizing object | Boot trim
Fra:1 Mem:17.48M (Peak 17.48M) | Time:00:00.00 | Mem:0.00M, Peak:0.00M | Scene, ViewLayer | Synchronizing object | Shoulder shell
Fra:1 Mem:17.48M (Peak 17.48M) | Time:00:00.00 | Mem:0.00M, Peak:0.00M | Scene, ViewLayer | Synchronizing object | Mission stripe
Fra:1 Mem:17.53M (Peak 17.53M) | Time:00:00.00 | Mem:0.00M, Peak:0.00M | Scene, ViewLayer | Synchronizing object | Elbow joint
Fra:1 Mem:17.55M (Peak 17.55M) | Time:00:00.00 | Mem:0.00M, Peak:0.00M | Scene, ViewLayer | Synchronizing object | Gauntlet
Fra:1 Mem:17.54M (Peak 17.55M) | Time:00:00.00 | Mem:0.00M, Peak:0.00M | Scene, ViewLayer | Synchronizing object | Wrist display
Fra:1 Mem:17.57M (Peak 17.57M) | Time:00:00.00 | Mem:0.00M, Peak:0.00M | Scene, ViewLayer | Synchronizing object | Thigh.001
Fra:1 Mem:17.62M (Peak 17.62M) | Time:00:00.00 | Mem:0.00M, Peak:0.00M | Scene, ViewLayer | Synchronizing object | Knee gasket.001
Fra:1 Mem:17.60M (Peak 17.62M) | Time:00:00.00 | Mem:0.00M, Peak:0.00M | Scene, ViewLayer | Synchronizing object | Knee plate.001
Fra:1 Mem:17.58M (Peak 17.62M) | Time:00:00.00 | Mem:0.00M, Peak:0.00M | Scene, ViewLayer | Synchronizing object | Toe plate.001
Fra:1 Mem:17.59M (Peak 17.62M) | Time:00:00.00 | Mem:0.00M, Peak:0.00M | Scene, ViewLayer | Synchronizing object | Upper sleeve.001
Fra:1 Mem:17.60M (Peak 17.62M) | Time:00:00.00 | Mem:0.00M, Peak:0.00M | Scene, ViewLayer | Synchronizing object | Key
Fra:1 Mem:17.66M (Peak 17.66M) | Time:00:00.00 | Mem:0.00M, Peak:0.00M | Scene, ViewLayer | Synchronizing object | Mission stripe.001
Fra:1 Mem:17.70M (Peak 17.70M) | Time:00:00.00 | Mem:0.00M, Peak:0.00M | Scene, ViewLayer | Synchronizing object | Elbow joint.001
Fra:1 Mem:17.70M (Peak 17.70M) | Time:00:00.00 | Mem:0.00M, Peak:0.00M | Scene, ViewLayer | Synchronizing object | Gauntlet.001
Fra:1 Mem:17.70M (Peak 17.70M) | Time:00:00.00 | Mem:0.00M, Peak:0.00M | Scene, ViewLayer | Synchronizing object | Glove.001
Fra:1 Mem:17.73M (Peak 17.73M) | Time:00:00.00 | Mem:0.00M, Peak:0.00M | Scene, ViewLayer | Synchronizing object | Chest cuirass
Fra:1 Mem:17.77M (Peak 17.77M) | Time:00:00.00 | Mem:0.00M, Peak:0.00M | Scene, ViewLayer | Synchronizing object | Rear hair locks.001
Fra:1 Mem:17.78M (Peak 17.78M) | Time:00:00.00 | Mem:0.00M, Peak:0.00M | Scene, ViewLayer | Synchronizing object | Scarf collar
Fra:1 Mem:17.77M (Peak 17.78M) | Time:00:00.00 | Mem:0.00M, Peak:0.00M | Scene, ViewLayer | Synchronizing object | Face
Fra:1 Mem:17.77M (Peak 17.78M) | Time:00:00.00 | Mem:0.00M, Peak:0.00M | Scene, ViewLayer | Synchronizing object | Hair crown
Fra:1 Mem:17.80M (Peak 17.80M) | Time:00:00.00 | Mem:0.00M, Peak:0.00M | Scene, ViewLayer | Synchronizing object | Side hair
Fra:1 Mem:17.80M (Peak 17.80M) | Time:00:00.00 | Mem:0.00M, Peak:0.00M | Scene, ViewLayer | Synchronizing object | Side hair.001
Fra:1 Mem:17.84M (Peak 17.84M) | Time:00:00.00 | Mem:0.00M, Peak:0.00M | Scene, ViewLayer | Synchronizing object | Silver fringe
Fra:1 Mem:17.88M (Peak 17.88M) | Time:00:00.00 | Mem:0.00M, Peak:0.00M | Scene, ViewLayer | Synchronizing object | Silver fringe.001
Fra:1 Mem:17.89M (Peak 17.89M) | Time:00:00.00 | Mem:0.00M, Peak:0.00M | Scene, ViewLayer | Synchronizing object | Silver fringe.002
Fra:1 Mem:17.89M (Peak 17.89M) | Time:00:00.00 | Mem:0.00M, Peak:0.00M | Scene, ViewLayer | Synchronizing object | Eye
Fra:1 Mem:17.90M (Peak 17.90M) | Time:00:00.00 | Mem:0.00M, Peak:0.00M | Scene, ViewLayer | Synchronizing object | Eye light
Fra:1 Mem:17.95M (Peak 17.95M) | Time:00:00.00 | Mem:0.00M, Peak:0.00M | Scene, ViewLayer | Synchronizing object | Eye outline.001
Fra:1 Mem:17.96M (Peak 17.96M) | Time:00:00.00 | Mem:0.00M, Peak:0.00M | Scene, ViewLayer | Synchronizing object | Eye.001
Fra:1 Mem:17.98M (Peak 17.98M) | Time:00:00.00 | Mem:0.00M, Peak:0.00M | Scene, ViewLayer | Synchronizing object | Mouth
Fra:1 Mem:18.09M (Peak 18.09M) | Time:00:00.00 | Mem:0.00M, Peak:0.00M | Scene, ViewLayer | Initializing
Fra:1 Mem:14.95M (Peak 18.09M) | Time:00:00.00 | Mem:0.00M, Peak:0.00M | Scene, ViewLayer | Waiting for render to start
Fra:1 Mem:14.95M (Peak 18.09M) | Time:00:00.00 | Mem:0.00M, Peak:0.00M | Scene, ViewLayer | Updating Scene
Fra:1 Mem:14.95M (Peak 18.09M) | Time:00:00.00 | Mem:0.00M, Peak:0.00M | Scene, ViewLayer | Updating Shaders
Fra:1 Mem:14.95M (Peak 18.09M) | Time:00:00.00 | Mem:0.00M, Peak:0.00M | Scene, ViewLayer | Loading render kernels (may take a few minutes the first time)
Fra:1 Mem:15.04M (Peak 18.09M) | Time:00:00.00 | Mem:0.01M, Peak:0.01M | Scene, ViewLayer | Updating Procedurals
Fra:1 Mem:15.04M (Peak 18.09M) | Time:00:00.00 | Mem:0.01M, Peak:0.01M | Scene, ViewLayer | Updating Background
Fra:1 Mem:15.04M (Peak 18.09M) | Time:00:00.00 | Mem:0.01M, Peak:0.01M | Scene, ViewLayer | Updating Camera
Fra:1 Mem:15.04M (Peak 18.09M) | Time:00:00.00 | Mem:0.01M, Peak:0.01M | Scene, ViewLayer | Updating Meshes Flags
Fra:1 Mem:15.04M (Peak 18.09M) | Time:00:00.00 | Mem:0.01M, Peak:0.01M | Scene, ViewLayer | Updating Objects
Fra:1 Mem:15.04M (Peak 18.09M) | Time:00:00.00 | Mem:0.01M, Peak:0.01M | Scene, ViewLayer | Updating Objects | Copying Transformations to device
Fra:1 Mem:15.05M (Peak 18.09M) | Time:00:00.00 | Mem:0.02M, Peak:0.02M | Scene, ViewLayer | Updating Particle Systems
Fra:1 Mem:15.05M (Peak 18.09M) | Time:00:00.00 | Mem:0.02M, Peak:0.02M | Scene, ViewLayer | Updating Particle Systems | Copying Particles to device
Fra:1 Mem:15.05M (Peak 18.09M) | Time:00:00.00 | Mem:0.02M, Peak:0.02M | Scene, ViewLayer | Updating Meshes
Fra:1 Mem:15.05M (Peak 18.09M) | Time:00:00.00 | Mem:0.02M, Peak:0.02M | Scene, ViewLayer | Updating Objects | Applying Static Transformations
Fra:1 Mem:15.05M (Peak 18.09M) | Time:00:00.00 | Mem:0.02M, Peak:0.02M | Scene, ViewLayer | Updating Mesh | Computing attributes
Fra:1 Mem:15.16M (Peak 18.09M) | Time:00:00.00 | Mem:0.02M, Peak:0.02M | Scene, ViewLayer | Updating Mesh | Copying Attributes to device
Fra:1 Mem:15.16M (Peak 18.09M) | Time:00:00.00 | Mem:0.12M, Peak:0.12M | Scene, ViewLayer | Updating Scene BVH | Building
Fra:1 Mem:15.16M (Peak 18.09M) | Time:00:00.00 | Mem:0.12M, Peak:0.12M | Scene, ViewLayer | Updating Scene BVH | Building BVH
Fra:1 Mem:15.16M (Peak 18.09M) | Time:00:00.00 | Mem:0.43M, Peak:0.43M | Scene, ViewLayer | Updating Scene BVH | Building BVH 0%
Fra:1 Mem:15.16M (Peak 18.09M) | Time:00:00.00 | Mem:0.79M, Peak:1.09M | Scene, ViewLayer | Updating Scene BVH | Copying BVH to device
Fra:1 Mem:15.16M (Peak 18.09M) | Time:00:00.00 | Mem:0.79M, Peak:1.09M | Scene, ViewLayer | Updating Mesh | Computing normals
Fra:1 Mem:15.51M (Peak 18.09M) | Time:00:00.00 | Mem:0.79M, Peak:1.09M | Scene, ViewLayer | Updating Mesh | Copying Mesh to device
Fra:1 Mem:15.51M (Peak 18.09M) | Time:00:00.00 | Mem:1.14M, Peak:1.14M | Scene, ViewLayer | Updating Objects Flags
Fra:1 Mem:15.51M (Peak 18.09M) | Time:00:00.00 | Mem:1.14M, Peak:1.14M | Scene, ViewLayer | Updating Primitive Offsets
Fra:1 Mem:15.51M (Peak 18.09M) | Time:00:00.00 | Mem:1.14M, Peak:1.14M | Scene, ViewLayer | Updating Images
Fra:1 Mem:15.51M (Peak 18.09M) | Time:00:00.00 | Mem:1.14M, Peak:1.14M | Scene, ViewLayer | Updating Camera Volume
Fra:1 Mem:15.51M (Peak 18.09M) | Time:00:00.00 | Mem:1.14M, Peak:1.14M | Scene, ViewLayer | Updating Lookup Tables
Fra:1 Mem:15.51M (Peak 18.09M) | Time:00:00.00 | Mem:1.22M, Peak:1.22M | Scene, ViewLayer | Updating Lights
Fra:1 Mem:15.51M (Peak 18.09M) | Time:00:00.00 | Mem:1.22M, Peak:1.22M | Scene, ViewLayer | Updating Lights | Computing tree
Fra:1 Mem:15.51M (Peak 18.09M) | Time:00:00.00 | Mem:1.23M, Peak:1.23M | Scene, ViewLayer | Updating Integrator
Fra:1 Mem:15.51M (Peak 18.09M) | Time:00:00.00 | Mem:1.23M, Peak:1.23M | Scene, ViewLayer | Updating Film
Fra:1 Mem:15.51M (Peak 18.09M) | Time:00:00.00 | Mem:1.14M, Peak:1.23M | Scene, ViewLayer | Updating Lookup Tables
Fra:1 Mem:15.51M (Peak 18.09M) | Time:00:00.00 | Mem:1.23M, Peak:1.23M | Scene, ViewLayer | Updating Baking
Fra:1 Mem:15.51M (Peak 18.09M) | Time:00:00.00 | Mem:1.23M, Peak:1.23M | Scene, ViewLayer | Updating Device | Writing constant memory
Fra:1 Mem:15.52M (Peak 18.09M) | Time:00:00.00 | Mem:1.23M, Peak:1.23M | Scene, ViewLayer | Loading denoising kernels (may take a few minutes the first time)
Fra:1 Mem:15.52M (Peak 18.09M) | Time:00:00.00 | Mem:1.23M, Peak:1.23M | Scene, ViewLayer | Sample 0/32
Fra:1 Mem:21.61M (Peak 21.61M) | Time:00:00.00 | Remaining:00:00.11 | Mem:7.17M, Peak:7.17M | Scene, ViewLayer | Sample 1/32
Fra:1 Mem:24.12M (Peak 27.87M) | Time:00:00.23 | Mem:7.17M, Peak:7.17M | Scene, ViewLayer | Sample 32/32
Fra:1 Mem:24.12M (Peak 27.87M) | Time:00:00.23 | Mem:7.17M, Peak:7.17M | Scene, ViewLayer | Finished
Saved: '/Users/al/git/Starbase2/.local/character-frames/captain/back-4.png'
Time: 00:00.23 (Saving: 00:00.00)

Fra:1 Mem:17.31M (Peak 17.31M) | Time:00:00.00 | Mem:0.00M, Peak:0.00M | Scene, ViewLayer | Synchronizing object | Flight armor
Fra:1 Mem:17.33M (Peak 17.33M) | Time:00:00.00 | Mem:0.00M, Peak:0.00M | Scene, ViewLayer | Synchronizing object | Waist undersuit
Fra:1 Mem:17.33M (Peak 17.33M) | Time:00:00.00 | Mem:0.00M, Peak:0.00M | Scene, ViewLayer | Synchronizing object | Shin
Fra:1 Mem:17.40M (Peak 17.40M) | Time:00:00.00 | Mem:0.00M, Peak:0.00M | Scene, ViewLayer | Synchronizing object | Boot
Fra:1 Mem:17.49M (Peak 17.49M) | Time:00:00.00 | Mem:0.00M, Peak:0.00M | Scene, ViewLayer | Synchronizing object | Toe plate
Fra:1 Mem:17.52M (Peak 17.52M) | Time:00:00.00 | Mem:0.00M, Peak:0.00M | Scene, ViewLayer | Synchronizing object | Boot trim
Fra:1 Mem:17.52M (Peak 17.52M) | Time:00:00.00 | Mem:0.00M, Peak:0.00M | Scene, ViewLayer | Synchronizing object | Rim
Fra:1 Mem:17.57M (Peak 17.57M) | Time:00:00.00 | Mem:0.00M, Peak:0.00M | Scene, ViewLayer | Synchronizing object | Key
Fra:1 Mem:17.58M (Peak 17.58M) | Time:00:00.00 | Mem:0.00M, Peak:0.00M | Scene, ViewLayer | Synchronizing object | Elbow joint
Fra:1 Mem:17.58M (Peak 17.58M) | Time:00:00.00 | Mem:0.00M, Peak:0.00M | Scene, ViewLayer | Synchronizing object | Gauntlet
Fra:1 Mem:17.54M (Peak 17.58M) | Time:00:00.00 | Mem:0.00M, Peak:0.00M | Scene, ViewLayer | Synchronizing object | Thigh.001
Fra:1 Mem:17.58M (Peak 17.58M) | Time:00:00.00 | Mem:0.00M, Peak:0.00M | Scene, ViewLayer | Synchronizing object | Boot.001
Fra:1 Mem:17.57M (Peak 17.58M) | Time:00:00.00 | Mem:0.00M, Peak:0.00M | Scene, ViewLayer | Synchronizing object | Toe plate.001
Fra:1 Mem:17.59M (Peak 17.59M) | Time:00:00.00 | Mem:0.00M, Peak:0.00M | Scene, ViewLayer | Synchronizing object | Rear hair locks.001
Fra:1 Mem:17.62M (Peak 17.62M) | Time:00:00.00 | Mem:0.00M, Peak:0.00M | Scene, ViewLayer | Synchronizing object | Boot trim.001
Fra:1 Mem:17.61M (Peak 17.62M) | Time:00:00.00 | Mem:0.00M, Peak:0.00M | Scene, ViewLayer | Synchronizing object | Upper sleeve.001
Fra:1 Mem:17.61M (Peak 17.62M) | Time:00:00.00 | Mem:0.00M, Peak:0.00M | Scene, ViewLayer | Synchronizing object | Shoulder shell.001
Fra:1 Mem:17.63M (Peak 17.63M) | Time:00:00.00 | Mem:0.00M, Peak:0.00M | Scene, ViewLayer | Synchronizing object | Mission stripe.001
Fra:1 Mem:17.66M (Peak 17.66M) | Time:00:00.00 | Mem:0.00M, Peak:0.00M | Scene, ViewLayer | Synchronizing object | Gauntlet.001
Fra:1 Mem:17.73M (Peak 17.73M) | Time:00:00.00 | Mem:0.00M, Peak:0.00M | Scene, ViewLayer | Synchronizing object | Glove.001
Fra:1 Mem:17.73M (Peak 17.73M) | Time:00:00.00 | Mem:0.00M, Peak:0.00M | Scene, ViewLayer | Synchronizing object | Wrist display.001
Fra:1 Mem:17.72M (Peak 17.73M) | Time:00:00.00 | Mem:0.00M, Peak:0.00M | Scene, ViewLayer | Synchronizing object | Expedition insignia
Fra:1 Mem:17.81M (Peak 17.81M) | Time:00:00.00 | Mem:0.00M, Peak:0.00M | Scene, ViewLayer | Synchronizing object | Rear hair locks
Fra:1 Mem:17.84M (Peak 17.84M) | Time:00:00.00 | Mem:0.00M, Peak:0.00M | Scene, ViewLayer | Synchronizing object | Expedition cape
Fra:1 Mem:17.85M (Peak 17.85M) | Time:00:00.00 | Mem:0.00M, Peak:0.00M | Scene, ViewLayer | Synchronizing object | Scarf collar
Fra:1 Mem:17.83M (Peak 17.85M) | Time:00:00.00 | Mem:0.00M, Peak:0.00M | Scene, ViewLayer | Synchronizing object | Face
Fra:1 Mem:17.84M (Peak 17.85M) | Time:00:00.00 | Mem:0.00M, Peak:0.00M | Scene, ViewLayer | Synchronizing object | Silver fringe
Fra:1 Mem:17.85M (Peak 17.85M) | Time:00:00.00 | Mem:0.00M, Peak:0.00M | Scene, ViewLayer | Synchronizing object | Silver fringe.001
Fra:1 Mem:17.91M (Peak 17.91M) | Time:00:00.00 | Mem:0.00M, Peak:0.00M | Scene, ViewLayer | Synchronizing object | Silver fringe.002
Fra:1 Mem:17.93M (Peak 17.93M) | Time:00:00.00 | Mem:0.00M, Peak:0.00M | Scene, ViewLayer | Synchronizing object | Silver fringe.003
Fra:1 Mem:17.95M (Peak 17.95M) | Time:00:00.00 | Mem:0.00M, Peak:0.00M | Scene, ViewLayer | Synchronizing object | Eye outline
Fra:1 Mem:17.95M (Peak 17.95M) | Time:00:00.00 | Mem:0.00M, Peak:0.00M | Scene, ViewLayer | Synchronizing object | Eye
Fra:1 Mem:17.98M (Peak 17.98M) | Time:00:00.00 | Mem:0.00M, Peak:0.00M | Scene, ViewLayer | Synchronizing object | Eye.001
Fra:1 Mem:18.01M (Peak 18.01M) | Time:00:00.00 | Mem:0.00M, Peak:0.00M | Scene, ViewLayer | Synchronizing object | Eye light.001
Fra:1 Mem:18.09M (Peak 18.09M) | Time:00:00.00 | Mem:0.00M, Peak:0.00M | Scene, ViewLayer | Initializing
Fra:1 Mem:14.95M (Peak 18.09M) | Time:00:00.00 | Mem:0.00M, Peak:0.00M | Scene, ViewLayer | Waiting for render to start
Fra:1 Mem:14.95M (Peak 18.09M) | Time:00:00.00 | Mem:0.00M, Peak:0.00M | Scene, ViewLayer | Updating Scene
Fra:1 Mem:14.95M (Peak 18.09M) | Time:00:00.00 | Mem:0.00M, Peak:0.00M | Scene, ViewLayer | Updating Shaders
Fra:1 Mem:14.95M (Peak 18.09M) | Time:00:00.00 | Mem:0.00M, Peak:0.00M | Scene, ViewLayer | Loading render kernels (may take a few minutes the first time)
Fra:1 Mem:15.04M (Peak 18.09M) | Time:00:00.00 | Mem:0.01M, Peak:0.01M | Scene, ViewLayer | Updating Procedurals
Fra:1 Mem:15.04M (Peak 18.09M) | Time:00:00.00 | Mem:0.01M, Peak:0.01M | Scene, ViewLayer | Updating Background
Fra:1 Mem:15.04M (Peak 18.09M) | Time:00:00.00 | Mem:0.01M, Peak:0.01M | Scene, ViewLayer | Updating Camera
Fra:1 Mem:15.04M (Peak 18.09M) | Time:00:00.00 | Mem:0.01M, Peak:0.01M | Scene, ViewLayer | Updating Meshes Flags
Fra:1 Mem:15.04M (Peak 18.09M) | Time:00:00.00 | Mem:0.01M, Peak:0.01M | Scene, ViewLayer | Updating Objects
Fra:1 Mem:15.04M (Peak 18.09M) | Time:00:00.00 | Mem:0.01M, Peak:0.01M | Scene, ViewLayer | Updating Objects | Copying Transformations to device
Fra:1 Mem:15.05M (Peak 18.09M) | Time:00:00.00 | Mem:0.02M, Peak:0.02M | Scene, ViewLayer | Updating Particle Systems
Fra:1 Mem:15.05M (Peak 18.09M) | Time:00:00.00 | Mem:0.02M, Peak:0.02M | Scene, ViewLayer | Updating Particle Systems | Copying Particles to device
Fra:1 Mem:15.05M (Peak 18.09M) | Time:00:00.00 | Mem:0.02M, Peak:0.02M | Scene, ViewLayer | Updating Meshes
Fra:1 Mem:15.05M (Peak 18.09M) | Time:00:00.00 | Mem:0.02M, Peak:0.02M | Scene, ViewLayer | Updating Objects | Applying Static Transformations
Fra:1 Mem:15.05M (Peak 18.09M) | Time:00:00.00 | Mem:0.02M, Peak:0.02M | Scene, ViewLayer | Updating Mesh | Computing attributes
Fra:1 Mem:15.16M (Peak 18.09M) | Time:00:00.00 | Mem:0.02M, Peak:0.02M | Scene, ViewLayer | Updating Mesh | Copying Attributes to device
Fra:1 Mem:15.16M (Peak 18.09M) | Time:00:00.00 | Mem:0.12M, Peak:0.12M | Scene, ViewLayer | Updating Scene BVH | Building
Fra:1 Mem:15.16M (Peak 18.09M) | Time:00:00.00 | Mem:0.12M, Peak:0.12M | Scene, ViewLayer | Updating Scene BVH | Building BVH
Fra:1 Mem:15.16M (Peak 18.09M) | Time:00:00.00 | Mem:0.76M, Peak:1.06M | Scene, ViewLayer | Updating Scene BVH | Copying BVH to device
Fra:1 Mem:15.16M (Peak 18.09M) | Time:00:00.00 | Mem:0.76M, Peak:1.06M | Scene, ViewLayer | Updating Mesh | Computing normals
Fra:1 Mem:15.51M (Peak 18.09M) | Time:00:00.00 | Mem:0.76M, Peak:1.06M | Scene, ViewLayer | Updating Mesh | Copying Mesh to device
Fra:1 Mem:15.51M (Peak 18.09M) | Time:00:00.00 | Mem:1.11M, Peak:1.11M | Scene, ViewLayer | Updating Objects Flags
Fra:1 Mem:15.51M (Peak 18.09M) | Time:00:00.00 | Mem:1.11M, Peak:1.11M | Scene, ViewLayer | Updating Primitive Offsets
Fra:1 Mem:15.51M (Peak 18.09M) | Time:00:00.00 | Mem:1.11M, Peak:1.11M | Scene, ViewLayer | Updating Images
Fra:1 Mem:15.51M (Peak 18.09M) | Time:00:00.00 | Mem:1.11M, Peak:1.11M | Scene, ViewLayer | Updating Camera Volume
Fra:1 Mem:15.51M (Peak 18.09M) | Time:00:00.00 | Mem:1.11M, Peak:1.11M | Scene, ViewLayer | Updating Lookup Tables
Fra:1 Mem:15.51M (Peak 18.09M) | Time:00:00.00 | Mem:1.19M, Peak:1.19M | Scene, ViewLayer | Updating Lights
Fra:1 Mem:15.51M (Peak 18.09M) | Time:00:00.00 | Mem:1.19M, Peak:1.19M | Scene, ViewLayer | Updating Lights | Computing tree
Fra:1 Mem:15.51M (Peak 18.09M) | Time:00:00.00 | Mem:1.19M, Peak:1.19M | Scene, ViewLayer | Updating Integrator
Fra:1 Mem:15.51M (Peak 18.09M) | Time:00:00.00 | Mem:1.19M, Peak:1.19M | Scene, ViewLayer | Updating Film
Fra:1 Mem:15.51M (Peak 18.09M) | Time:00:00.00 | Mem:1.11M, Peak:1.19M | Scene, ViewLayer | Updating Lookup Tables
Fra:1 Mem:15.51M (Peak 18.09M) | Time:00:00.00 | Mem:1.20M, Peak:1.20M | Scene, ViewLayer | Updating Baking
Fra:1 Mem:15.51M (Peak 18.09M) | Time:00:00.00 | Mem:1.20M, Peak:1.20M | Scene, ViewLayer | Updating Device | Writing constant memory
Fra:1 Mem:15.52M (Peak 18.09M) | Time:00:00.00 | Mem:1.20M, Peak:1.20M | Scene, ViewLayer | Loading denoising kernels (may take a few minutes the first time)
Fra:1 Mem:15.52M (Peak 18.09M) | Time:00:00.00 | Mem:1.20M, Peak:1.20M | Scene, ViewLayer | Sample 0/32
Fra:1 Mem:21.61M (Peak 21.61M) | Time:00:00.00 | Remaining:00:00.10 | Mem:7.14M, Peak:7.14M | Scene, ViewLayer | Sample 1/32
Fra:1 Mem:24.12M (Peak 27.87M) | Time:00:00.23 | Mem:7.14M, Peak:7.14M | Scene, ViewLayer | Sample 32/32
Fra:1 Mem:24.12M (Peak 27.87M) | Time:00:00.23 | Mem:7.14M, Peak:7.14M | Scene, ViewLayer | Finished
Saved: '/Users/al/git/Starbase2/.local/character-frames/captain/back-5.png'
Time: 00:00.23 (Saving: 00:00.00)

Fra:1 Mem:17.31M (Peak 17.31M) | Time:00:00.00 | Mem:0.00M, Peak:0.00M | Scene, ViewLayer | Synchronizing object | Flight armor
Fra:1 Mem:17.32M (Peak 17.32M) | Time:00:00.00 | Mem:0.00M, Peak:0.00M | Scene, ViewLayer | Synchronizing object | Knee gasket
Fra:1 Mem:17.33M (Peak 17.33M) | Time:00:00.00 | Mem:0.00M, Peak:0.00M | Scene, ViewLayer | Synchronizing object | Shin
Fra:1 Mem:17.39M (Peak 17.39M) | Time:00:00.00 | Mem:0.00M, Peak:0.00M | Scene, ViewLayer | Synchronizing object | Boot
Fra:1 Mem:17.46M (Peak 17.46M) | Time:00:00.00 | Mem:0.00M, Peak:0.00M | Scene, ViewLayer | Synchronizing object | Toe plate
Fra:1 Mem:17.53M (Peak 17.53M) | Time:00:00.00 | Mem:0.00M, Peak:0.00M | Scene, ViewLayer | Synchronizing object | Boot trim
Fra:1 Mem:17.56M (Peak 17.56M) | Time:00:00.00 | Mem:0.00M, Peak:0.00M | Scene, ViewLayer | Synchronizing object | Upper sleeve
Fra:1 Mem:17.59M (Peak 17.59M) | Time:00:00.00 | Mem:0.00M, Peak:0.00M | Scene, ViewLayer | Synchronizing object | Mission stripe
Fra:1 Mem:17.56M (Peak 17.59M) | Time:00:00.00 | Mem:0.00M, Peak:0.00M | Scene, ViewLayer | Synchronizing object | Elbow joint
Fra:1 Mem:17.56M (Peak 17.59M) | Time:00:00.00 | Mem:0.00M, Peak:0.00M | Scene, ViewLayer | Synchronizing object | Knee gasket.001
Fra:1 Mem:17.54M (Peak 17.59M) | Time:00:00.00 | Mem:0.00M, Peak:0.00M | Scene, ViewLayer | Synchronizing object | Key
Fra:1 Mem:17.54M (Peak 17.59M) | Time:00:00.00 | Mem:0.00M, Peak:0.00M | Scene, ViewLayer | Synchronizing object | Boot.001
Fra:1 Mem:17.62M (Peak 17.62M) | Time:00:00.00 | Mem:0.00M, Peak:0.00M | Scene, ViewLayer | Synchronizing object | Toe plate.001
Fra:1 Mem:17.66M (Peak 17.66M) | Time:00:00.00 | Mem:0.00M, Peak:0.00M | Scene, ViewLayer | Synchronizing object | Rear hair locks.001
Fra:1 Mem:17.65M (Peak 17.66M) | Time:00:00.00 | Mem:0.00M, Peak:0.00M | Scene, ViewLayer | Synchronizing object | Boot trim.001
Fra:1 Mem:17.67M (Peak 17.67M) | Time:00:00.00 | Mem:0.00M, Peak:0.00M | Scene, ViewLayer | Synchronizing object | Rear hair locks
Fra:1 Mem:17.69M (Peak 17.69M) | Time:00:00.00 | Mem:0.00M, Peak:0.00M | Scene, ViewLayer | Synchronizing object | Shoulder shell.001
Fra:1 Mem:17.70M (Peak 17.70M) | Time:00:00.00 | Mem:0.00M, Peak:0.00M | Scene, ViewLayer | Synchronizing object | Elbow joint.001
Fra:1 Mem:17.73M (Peak 17.73M) | Time:00:00.00 | Mem:0.00M, Peak:0.00M | Scene, ViewLayer | Synchronizing object | Expedition cape
Fra:1 Mem:17.75M (Peak 17.75M) | Time:00:00.00 | Mem:0.00M, Peak:0.00M | Scene, ViewLayer | Synchronizing object | Glove.001
Fra:1 Mem:17.74M (Peak 17.75M) | Time:00:00.00 | Mem:0.00M, Peak:0.00M | Scene, ViewLayer | Synchronizing object | Mouth
Fra:1 Mem:17.77M (Peak 17.77M) | Time:00:00.00 | Mem:0.00M, Peak:0.00M | Scene, ViewLayer | Synchronizing object | Chest cuirass
Fra:1 Mem:17.82M (Peak 17.82M) | Time:00:00.00 | Mem:0.00M, Peak:0.00M | Scene, ViewLayer | Synchronizing object | Chest seam
Fra:1 Mem:17.84M (Peak 17.84M) | Time:00:00.00 | Mem:0.00M, Peak:0.00M | Scene, ViewLayer | Synchronizing object | Expedition insignia
Fra:1 Mem:17.85M (Peak 17.85M) | Time:00:00.00 | Mem:0.00M, Peak:0.00M | Scene, ViewLayer | Synchronizing object | Face
Fra:1 Mem:17.88M (Peak 17.88M) | Time:00:00.00 | Mem:0.00M, Peak:0.00M | Scene, ViewLayer | Synchronizing object | Side hair
Fra:1 Mem:17.89M (Peak 17.89M) | Time:00:00.00 | Mem:0.00M, Peak:0.00M | Scene, ViewLayer | Synchronizing object | Side hair.001
Fra:1 Mem:17.90M (Peak 17.90M) | Time:00:00.00 | Mem:0.00M, Peak:0.00M | Scene, ViewLayer | Synchronizing object | Silver fringe
Fra:1 Mem:17.92M (Peak 17.92M) | Time:00:00.00 | Mem:0.00M, Peak:0.00M | Scene, ViewLayer | Synchronizing object | Silver fringe.001
Fra:1 Mem:17.95M (Peak 17.95M) | Time:00:00.00 | Mem:0.00M, Peak:0.00M | Scene, ViewLayer | Synchronizing object | Silver fringe.002
Fra:1 Mem:17.96M (Peak 17.96M) | Time:00:00.00 | Mem:0.00M, Peak:0.00M | Scene, ViewLayer | Synchronizing object | Eye outline
Fra:1 Mem:17.94M (Peak 17.96M) | Time:00:00.00 | Mem:0.00M, Peak:0.00M | Scene, ViewLayer | Synchronizing object | Eye light
Fra:1 Mem:17.99M (Peak 17.99M) | Time:00:00.00 | Mem:0.00M, Peak:0.00M | Scene, ViewLayer | Synchronizing object | Eye outline.001
Fra:1 Mem:18.01M (Peak 18.01M) | Time:00:00.00 | Mem:0.00M, Peak:0.00M | Scene, ViewLayer | Synchronizing object | Eye light.001
Fra:1 Mem:18.02M (Peak 18.02M) | Time:00:00.00 | Mem:0.00M, Peak:0.00M | Scene, ViewLayer | Synchronizing object | Nose
Fra:1 Mem:18.09M (Peak 18.09M) | Time:00:00.00 | Mem:0.00M, Peak:0.00M | Scene, ViewLayer | Initializing
Fra:1 Mem:14.95M (Peak 18.09M) | Time:00:00.00 | Mem:0.00M, Peak:0.00M | Scene, ViewLayer | Waiting for render to start
Fra:1 Mem:14.95M (Peak 18.09M) | Time:00:00.00 | Mem:0.00M, Peak:0.00M | Scene, ViewLayer | Updating Scene
Fra:1 Mem:14.95M (Peak 18.09M) | Time:00:00.00 | Mem:0.00M, Peak:0.00M | Scene, ViewLayer | Updating Shaders
Fra:1 Mem:14.95M (Peak 18.09M) | Time:00:00.00 | Mem:0.00M, Peak:0.00M | Scene, ViewLayer | Loading render kernels (may take a few minutes the first time)
Fra:1 Mem:15.04M (Peak 18.09M) | Time:00:00.00 | Mem:0.01M, Peak:0.01M | Scene, ViewLayer | Updating Procedurals
Fra:1 Mem:15.04M (Peak 18.09M) | Time:00:00.00 | Mem:0.01M, Peak:0.01M | Scene, ViewLayer | Updating Background
Fra:1 Mem:15.04M (Peak 18.09M) | Time:00:00.00 | Mem:0.01M, Peak:0.01M | Scene, ViewLayer | Updating Camera
Fra:1 Mem:15.04M (Peak 18.09M) | Time:00:00.00 | Mem:0.01M, Peak:0.01M | Scene, ViewLayer | Updating Meshes Flags
Fra:1 Mem:15.04M (Peak 18.09M) | Time:00:00.00 | Mem:0.01M, Peak:0.01M | Scene, ViewLayer | Updating Objects
Fra:1 Mem:15.04M (Peak 18.09M) | Time:00:00.00 | Mem:0.01M, Peak:0.01M | Scene, ViewLayer | Updating Objects | Copying Transformations to device
Fra:1 Mem:15.05M (Peak 18.09M) | Time:00:00.00 | Mem:0.02M, Peak:0.02M | Scene, ViewLayer | Updating Particle Systems
Fra:1 Mem:15.05M (Peak 18.09M) | Time:00:00.00 | Mem:0.02M, Peak:0.02M | Scene, ViewLayer | Updating Particle Systems | Copying Particles to device
Fra:1 Mem:15.05M (Peak 18.09M) | Time:00:00.00 | Mem:0.02M, Peak:0.02M | Scene, ViewLayer | Updating Meshes
Fra:1 Mem:15.05M (Peak 18.09M) | Time:00:00.00 | Mem:0.02M, Peak:0.02M | Scene, ViewLayer | Updating Objects | Applying Static Transformations
Fra:1 Mem:15.05M (Peak 18.09M) | Time:00:00.00 | Mem:0.02M, Peak:0.02M | Scene, ViewLayer | Updating Mesh | Computing attributes
Fra:1 Mem:15.16M (Peak 18.09M) | Time:00:00.00 | Mem:0.02M, Peak:0.02M | Scene, ViewLayer | Updating Mesh | Copying Attributes to device
Fra:1 Mem:15.16M (Peak 18.09M) | Time:00:00.00 | Mem:0.12M, Peak:0.12M | Scene, ViewLayer | Updating Scene BVH | Building
Fra:1 Mem:15.16M (Peak 18.09M) | Time:00:00.00 | Mem:0.12M, Peak:0.12M | Scene, ViewLayer | Updating Scene BVH | Building BVH
Fra:1 Mem:15.16M (Peak 18.09M) | Time:00:00.00 | Mem:0.43M, Peak:0.43M | Scene, ViewLayer | Updating Scene BVH | Building BVH 0%
Fra:1 Mem:15.16M (Peak 18.09M) | Time:00:00.00 | Mem:0.76M, Peak:1.06M | Scene, ViewLayer | Updating Scene BVH | Copying BVH to device
Fra:1 Mem:15.16M (Peak 18.09M) | Time:00:00.00 | Mem:0.76M, Peak:1.06M | Scene, ViewLayer | Updating Mesh | Computing normals
Fra:1 Mem:15.51M (Peak 18.09M) | Time:00:00.00 | Mem:0.76M, Peak:1.06M | Scene, ViewLayer | Updating Mesh | Copying Mesh to device
Fra:1 Mem:15.51M (Peak 18.09M) | Time:00:00.00 | Mem:1.11M, Peak:1.11M | Scene, ViewLayer | Updating Objects Flags
Fra:1 Mem:15.51M (Peak 18.09M) | Time:00:00.00 | Mem:1.11M, Peak:1.11M | Scene, ViewLayer | Updating Primitive Offsets
Fra:1 Mem:15.51M (Peak 18.09M) | Time:00:00.00 | Mem:1.11M, Peak:1.11M | Scene, ViewLayer | Updating Images
Fra:1 Mem:15.51M (Peak 18.09M) | Time:00:00.00 | Mem:1.11M, Peak:1.11M | Scene, ViewLayer | Updating Camera Volume
Fra:1 Mem:15.51M (Peak 18.09M) | Time:00:00.00 | Mem:1.11M, Peak:1.11M | Scene, ViewLayer | Updating Lookup Tables
Fra:1 Mem:15.51M (Peak 18.09M) | Time:00:00.00 | Mem:1.19M, Peak:1.19M | Scene, ViewLayer | Updating Lights
Fra:1 Mem:15.51M (Peak 18.09M) | Time:00:00.00 | Mem:1.19M, Peak:1.19M | Scene, ViewLayer | Updating Lights | Computing tree
Fra:1 Mem:15.51M (Peak 18.09M) | Time:00:00.00 | Mem:1.19M, Peak:1.19M | Scene, ViewLayer | Updating Integrator
Fra:1 Mem:15.51M (Peak 18.09M) | Time:00:00.00 | Mem:1.19M, Peak:1.19M | Scene, ViewLayer | Updating Film
Fra:1 Mem:15.51M (Peak 18.09M) | Time:00:00.00 | Mem:1.11M, Peak:1.19M | Scene, ViewLayer | Updating Lookup Tables
Fra:1 Mem:15.51M (Peak 18.09M) | Time:00:00.00 | Mem:1.20M, Peak:1.20M | Scene, ViewLayer | Updating Baking
Fra:1 Mem:15.51M (Peak 18.09M) | Time:00:00.00 | Mem:1.20M, Peak:1.20M | Scene, ViewLayer | Updating Device | Writing constant memory
Fra:1 Mem:15.52M (Peak 18.09M) | Time:00:00.00 | Mem:1.20M, Peak:1.20M | Scene, ViewLayer | Loading denoising kernels (may take a few minutes the first time)
Fra:1 Mem:15.52M (Peak 18.09M) | Time:00:00.00 | Mem:1.20M, Peak:1.20M | Scene, ViewLayer | Sample 0/32
Fra:1 Mem:21.61M (Peak 21.61M) | Time:00:00.00 | Remaining:00:00.09 | Mem:7.14M, Peak:7.14M | Scene, ViewLayer | Sample 1/32
Fra:1 Mem:24.12M (Peak 27.87M) | Time:00:00.23 | Mem:7.14M, Peak:7.14M | Scene, ViewLayer | Sample 32/32
Fra:1 Mem:24.12M (Peak 27.87M) | Time:00:00.23 | Mem:7.14M, Peak:7.14M | Scene, ViewLayer | Finished
Saved: '/Users/al/git/Starbase2/.local/character-frames/captain/back-6.png'
Time: 00:00.23 (Saving: 00:00.00)

Fra:1 Mem:17.31M (Peak 17.31M) | Time:00:00.00 | Mem:0.00M, Peak:0.00M | Scene, ViewLayer | Synchronizing object | Flight armor
Fra:1 Mem:17.31M (Peak 17.31M) | Time:00:00.00 | Mem:0.00M, Peak:0.00M | Scene, ViewLayer | Synchronizing object | Waist undersuit
Fra:1 Mem:17.33M (Peak 17.33M) | Time:00:00.00 | Mem:0.00M, Peak:0.00M | Scene, ViewLayer | Synchronizing object | Thigh
Fra:1 Mem:17.35M (Peak 17.35M) | Time:00:00.00 | Mem:0.00M, Peak:0.00M | Scene, ViewLayer | Synchronizing object | Knee gasket
Fra:1 Mem:17.38M (Peak 17.38M) | Time:00:00.00 | Mem:0.00M, Peak:0.00M | Scene, ViewLayer | Synchronizing object | Knee plate
Fra:1 Mem:17.42M (Peak 17.42M) | Time:00:00.00 | Mem:0.00M, Peak:0.00M | Scene, ViewLayer | Synchronizing object | Boot
Fra:1 Mem:17.40M (Peak 17.42M) | Time:00:00.00 | Mem:0.00M, Peak:0.00M | Scene, ViewLayer | Synchronizing object | Boot trim
Fra:1 Mem:17.44M (Peak 17.44M) | Time:00:00.00 | Mem:0.00M, Peak:0.00M | Scene, ViewLayer | Synchronizing object | Upper sleeve
Fra:1 Mem:17.44M (Peak 17.44M) | Time:00:00.00 | Mem:0.00M, Peak:0.00M | Scene, ViewLayer | Synchronizing object | Shoulder shell
Fra:1 Mem:17.51M (Peak 17.51M) | Time:00:00.00 | Mem:0.00M, Peak:0.00M | Scene, ViewLayer | Synchronizing object | Mission stripe
Fra:1 Mem:17.52M (Peak 17.52M) | Time:00:00.00 | Mem:0.00M, Peak:0.00M | Scene, ViewLayer | Synchronizing object | Elbow joint
Fra:1 Mem:17.61M (Peak 17.61M) | Time:00:00.00 | Mem:0.00M, Peak:0.00M | Scene, ViewLayer | Synchronizing object | Glove
Fra:1 Mem:17.57M (Peak 17.61M) | Time:00:00.00 | Mem:0.00M, Peak:0.00M | Scene, ViewLayer | Synchronizing object | Thigh.001
Fra:1 Mem:17.58M (Peak 17.61M) | Time:00:00.00 | Mem:0.00M, Peak:0.00M | Scene, ViewLayer | Synchronizing object | Knee gasket.001
Fra:1 Mem:17.59M (Peak 17.61M) | Time:00:00.00 | Mem:0.00M, Peak:0.00M | Scene, ViewLayer | Synchronizing object | Knee plate.001
Fra:1 Mem:17.60M (Peak 17.61M) | Time:00:00.00 | Mem:0.00M, Peak:0.00M | Scene, ViewLayer | Synchronizing object | Boot.001
Fra:1 Mem:17.65M (Peak 17.65M) | Time:00:00.00 | Mem:0.00M, Peak:0.00M | Scene, ViewLayer | Synchronizing object | Rear hair locks.001
Fra:1 Mem:17.67M (Peak 17.67M) | Time:00:00.00 | Mem:0.00M, Peak:0.00M | Scene, ViewLayer | Synchronizing object | Toe plate.001
Fra:1 Mem:17.64M (Peak 17.67M) | Time:00:00.00 | Mem:0.00M, Peak:0.00M | Scene, ViewLayer | Synchronizing object | Mission stripe.001
Fra:1 Mem:17.67M (Peak 17.67M) | Time:00:00.00 | Mem:0.00M, Peak:0.00M | Scene, ViewLayer | Synchronizing object | Elbow joint.001
Fra:1 Mem:17.71M (Peak 17.71M) | Time:00:00.00 | Mem:0.00M, Peak:0.00M | Scene, ViewLayer | Synchronizing object | Gauntlet.001
Fra:1 Mem:17.72M (Peak 17.72M) | Time:00:00.00 | Mem:0.00M, Peak:0.00M | Scene, ViewLayer | Synchronizing object | Wrist display.001
Fra:1 Mem:17.73M (Peak 17.73M) | Time:00:00.00 | Mem:0.00M, Peak:0.00M | Scene, ViewLayer | Synchronizing object | Chest cuirass
Fra:1 Mem:17.72M (Peak 17.73M) | Time:00:00.00 | Mem:0.00M, Peak:0.00M | Scene, ViewLayer | Synchronizing object | Chest seam
Fra:1 Mem:17.75M (Peak 17.75M) | Time:00:00.00 | Mem:0.00M, Peak:0.00M | Scene, ViewLayer | Synchronizing object | Expedition cape
Fra:1 Mem:17.77M (Peak 17.77M) | Time:00:00.00 | Mem:0.00M, Peak:0.00M | Scene, ViewLayer | Synchronizing object | Expedition insignia
Fra:1 Mem:17.80M (Peak 17.80M) | Time:00:00.00 | Mem:0.00M, Peak:0.00M | Scene, ViewLayer | Synchronizing object | Mouth
Fra:1 Mem:17.84M (Peak 17.84M) | Time:00:00.00 | Mem:0.00M, Peak:0.00M | Scene, ViewLayer | Synchronizing object | Scarf collar
Fra:1 Mem:17.82M (Peak 17.84M) | Time:00:00.00 | Mem:0.00M, Peak:0.00M | Scene, ViewLayer | Synchronizing object | Face
Fra:1 Mem:17.86M (Peak 17.86M) | Time:00:00.00 | Mem:0.00M, Peak:0.00M | Scene, ViewLayer | Synchronizing object | Side hair
Fra:1 Mem:17.86M (Peak 17.86M) | Time:00:00.00 | Mem:0.00M, Peak:0.00M | Scene, ViewLayer | Synchronizing object | Side hair.001
Fra:1 Mem:17.90M (Peak 17.90M) | Time:00:00.00 | Mem:0.00M, Peak:0.00M | Scene, ViewLayer | Synchronizing object | Silver fringe
Fra:1 Mem:17.92M (Peak 17.92M) | Time:00:00.00 | Mem:0.00M, Peak:0.00M | Scene, ViewLayer | Synchronizing object | Silver fringe.001
Fra:1 Mem:17.92M (Peak 17.92M) | Time:00:00.00 | Mem:0.00M, Peak:0.00M | Scene, ViewLayer | Synchronizing object | Nose
Fra:1 Mem:17.94M (Peak 17.94M) | Time:00:00.00 | Mem:0.00M, Peak:0.00M | Scene, ViewLayer | Synchronizing object | Silver fringe.003
Fra:1 Mem:17.94M (Peak 17.94M) | Time:00:00.00 | Mem:0.00M, Peak:0.00M | Scene, ViewLayer | Synchronizing object | Eye
Fra:1 Mem:17.97M (Peak 17.97M) | Time:00:00.00 | Mem:0.00M, Peak:0.00M | Scene, ViewLayer | Synchronizing object | Eye light.001
Fra:1 Mem:17.99M (Peak 17.99M) | Time:00:00.00 | Mem:0.00M, Peak:0.00M | Scene, ViewLayer | Synchronizing object | Eye outline.001
Fra:1 Mem:18.01M (Peak 18.01M) | Time:00:00.00 | Mem:0.00M, Peak:0.00M | Scene, ViewLayer | Synchronizing object | Eye.001
Fra:1 Mem:18.09M (Peak 18.09M) | Time:00:00.00 | Mem:0.00M, Peak:0.00M | Scene, ViewLayer | Initializing
Fra:1 Mem:14.95M (Peak 18.09M) | Time:00:00.00 | Mem:0.00M, Peak:0.00M | Scene, ViewLayer | Waiting for render to start
Fra:1 Mem:14.95M (Peak 18.09M) | Time:00:00.00 | Mem:0.00M, Peak:0.00M | Scene, ViewLayer | Updating Scene
Fra:1 Mem:14.95M (Peak 18.09M) | Time:00:00.00 | Mem:0.00M, Peak:0.00M | Scene, ViewLayer | Updating Shaders
Fra:1 Mem:14.95M (Peak 18.09M) | Time:00:00.00 | Mem:0.00M, Peak:0.00M | Scene, ViewLayer | Loading render kernels (may take a few minutes the first time)
Fra:1 Mem:15.04M (Peak 18.09M) | Time:00:00.00 | Mem:0.01M, Peak:0.01M | Scene, ViewLayer | Updating Procedurals
Fra:1 Mem:15.04M (Peak 18.09M) | Time:00:00.00 | Mem:0.01M, Peak:0.01M | Scene, ViewLayer | Updating Background
Fra:1 Mem:15.04M (Peak 18.09M) | Time:00:00.00 | Mem:0.01M, Peak:0.01M | Scene, ViewLayer | Updating Camera
Fra:1 Mem:15.04M (Peak 18.09M) | Time:00:00.00 | Mem:0.01M, Peak:0.01M | Scene, ViewLayer | Updating Meshes Flags
Fra:1 Mem:15.04M (Peak 18.09M) | Time:00:00.00 | Mem:0.01M, Peak:0.01M | Scene, ViewLayer | Updating Objects
Fra:1 Mem:15.04M (Peak 18.09M) | Time:00:00.00 | Mem:0.01M, Peak:0.01M | Scene, ViewLayer | Updating Objects | Copying Transformations to device
Fra:1 Mem:15.05M (Peak 18.09M) | Time:00:00.00 | Mem:0.02M, Peak:0.02M | Scene, ViewLayer | Updating Particle Systems
Fra:1 Mem:15.05M (Peak 18.09M) | Time:00:00.00 | Mem:0.02M, Peak:0.02M | Scene, ViewLayer | Updating Particle Systems | Copying Particles to device
Fra:1 Mem:15.05M (Peak 18.09M) | Time:00:00.00 | Mem:0.02M, Peak:0.02M | Scene, ViewLayer | Updating Meshes
Fra:1 Mem:15.05M (Peak 18.09M) | Time:00:00.00 | Mem:0.02M, Peak:0.02M | Scene, ViewLayer | Updating Objects | Applying Static Transformations
Fra:1 Mem:15.05M (Peak 18.09M) | Time:00:00.00 | Mem:0.02M, Peak:0.02M | Scene, ViewLayer | Updating Mesh | Computing attributes
Fra:1 Mem:15.16M (Peak 18.09M) | Time:00:00.00 | Mem:0.02M, Peak:0.02M | Scene, ViewLayer | Updating Mesh | Copying Attributes to device
Fra:1 Mem:15.16M (Peak 18.09M) | Time:00:00.00 | Mem:0.12M, Peak:0.12M | Scene, ViewLayer | Updating Scene BVH | Building
Fra:1 Mem:15.16M (Peak 18.09M) | Time:00:00.00 | Mem:0.12M, Peak:0.12M | Scene, ViewLayer | Updating Scene BVH | Building BVH
Fra:1 Mem:15.16M (Peak 18.09M) | Time:00:00.00 | Mem:0.76M, Peak:1.06M | Scene, ViewLayer | Updating Scene BVH | Copying BVH to device
Fra:1 Mem:15.16M (Peak 18.09M) | Time:00:00.00 | Mem:0.76M, Peak:1.06M | Scene, ViewLayer | Updating Mesh | Computing normals
Fra:1 Mem:15.51M (Peak 18.09M) | Time:00:00.00 | Mem:0.76M, Peak:1.06M | Scene, ViewLayer | Updating Mesh | Copying Mesh to device
Fra:1 Mem:15.51M (Peak 18.09M) | Time:00:00.00 | Mem:1.11M, Peak:1.11M | Scene, ViewLayer | Updating Objects Flags
Fra:1 Mem:15.51M (Peak 18.09M) | Time:00:00.00 | Mem:1.11M, Peak:1.11M | Scene, ViewLayer | Updating Primitive Offsets
Fra:1 Mem:15.51M (Peak 18.09M) | Time:00:00.00 | Mem:1.11M, Peak:1.11M | Scene, ViewLayer | Updating Images
Fra:1 Mem:15.51M (Peak 18.09M) | Time:00:00.00 | Mem:1.11M, Peak:1.11M | Scene, ViewLayer | Updating Camera Volume
Fra:1 Mem:15.51M (Peak 18.09M) | Time:00:00.00 | Mem:1.11M, Peak:1.11M | Scene, ViewLayer | Updating Lookup Tables
Fra:1 Mem:15.51M (Peak 18.09M) | Time:00:00.00 | Mem:1.19M, Peak:1.19M | Scene, ViewLayer | Updating Lights
Fra:1 Mem:15.51M (Peak 18.09M) | Time:00:00.00 | Mem:1.19M, Peak:1.19M | Scene, ViewLayer | Updating Lights | Computing tree
Fra:1 Mem:15.51M (Peak 18.09M) | Time:00:00.00 | Mem:1.19M, Peak:1.19M | Scene, ViewLayer | Updating Integrator
Fra:1 Mem:15.51M (Peak 18.09M) | Time:00:00.00 | Mem:1.19M, Peak:1.19M | Scene, ViewLayer | Updating Film
Fra:1 Mem:15.51M (Peak 18.09M) | Time:00:00.00 | Mem:1.11M, Peak:1.19M | Scene, ViewLayer | Updating Lookup Tables
Fra:1 Mem:15.51M (Peak 18.09M) | Time:00:00.00 | Mem:1.20M, Peak:1.20M | Scene, ViewLayer | Updating Baking
Fra:1 Mem:15.51M (Peak 18.09M) | Time:00:00.00 | Mem:1.20M, Peak:1.20M | Scene, ViewLayer | Updating Device | Writing constant memory
Fra:1 Mem:15.52M (Peak 18.09M) | Time:00:00.00 | Mem:1.20M, Peak:1.20M | Scene, ViewLayer | Loading denoising kernels (may take a few minutes the first time)
Fra:1 Mem:15.52M (Peak 18.09M) | Time:00:00.00 | Mem:1.20M, Peak:1.20M | Scene, ViewLayer | Sample 0/32
Fra:1 Mem:21.61M (Peak 21.61M) | Time:00:00.00 | Remaining:00:00.10 | Mem:7.14M, Peak:7.14M | Scene, ViewLayer | Sample 1/32
Fra:1 Mem:24.12M (Peak 27.87M) | Time:00:00.24 | Mem:7.14M, Peak:7.14M | Scene, ViewLayer | Sample 32/32
Fra:1 Mem:24.12M (Peak 27.87M) | Time:00:00.24 | Mem:7.14M, Peak:7.14M | Scene, ViewLayer | Finished
Saved: '/Users/al/git/Starbase2/.local/character-frames/captain/back-7.png'
Time: 00:00.24 (Saving: 00:00.00)

Fra:1 Mem:17.31M (Peak 17.31M) | Time:00:00.00 | Mem:0.00M, Peak:0.00M | Scene, ViewLayer | Synchronizing object | Flight armor
Fra:1 Mem:17.31M (Peak 17.31M) | Time:00:00.00 | Mem:0.00M, Peak:0.00M | Scene, ViewLayer | Synchronizing object | Knee plate
Fra:1 Mem:17.41M (Peak 17.41M) | Time:00:00.00 | Mem:0.00M, Peak:0.00M | Scene, ViewLayer | Synchronizing object | Shin
Fra:1 Mem:17.39M (Peak 17.41M) | Time:00:00.00 | Mem:0.00M, Peak:0.00M | Scene, ViewLayer | Synchronizing object | Boot
Fra:1 Mem:17.45M (Peak 17.45M) | Time:00:00.00 | Mem:0.00M, Peak:0.00M | Scene, ViewLayer | Synchronizing object | Boot trim
Fra:1 Mem:17.48M (Peak 17.48M) | Time:00:00.00 | Mem:0.00M, Peak:0.00M | Scene, ViewLayer | Synchronizing object | Rim
Fra:1 Mem:17.46M (Peak 17.48M) | Time:00:00.00 | Mem:0.00M, Peak:0.00M | Scene, ViewLayer | Synchronizing object | Shoulder shell
Fra:1 Mem:17.45M (Peak 17.48M) | Time:00:00.00 | Mem:0.00M, Peak:0.00M | Scene, ViewLayer | Synchronizing object | Mission stripe
Fra:1 Mem:17.49M (Peak 17.49M) | Time:00:00.00 | Mem:0.00M, Peak:0.00M | Scene, ViewLayer | Synchronizing object | Gauntlet
Fra:1 Mem:17.49M (Peak 17.49M) | Time:00:00.00 | Mem:0.00M, Peak:0.00M | Scene, ViewLayer | Synchronizing object | Glove
Fra:1 Mem:17.52M (Peak 17.52M) | Time:00:00.00 | Mem:0.00M, Peak:0.00M | Scene, ViewLayer | Synchronizing object | Wrist display
Fra:1 Mem:17.52M (Peak 17.52M) | Time:00:00.00 | Mem:0.00M, Peak:0.00M | Scene, ViewLayer | Synchronizing object | Thigh.001
Fra:1 Mem:17.54M (Peak 17.54M) | Time:00:00.00 | Mem:0.00M, Peak:0.00M | Scene, ViewLayer | Synchronizing object | Knee gasket.001
Fra:1 Mem:17.56M (Peak 17.56M) | Time:00:00.00 | Mem:0.00M, Peak:0.00M | Scene, ViewLayer | Synchronizing object | Knee plate.001
Fra:1 Mem:17.57M (Peak 17.57M) | Time:00:00.00 | Mem:0.00M, Peak:0.00M | Scene, ViewLayer | Synchronizing object | Shin.001
Fra:1 Mem:17.60M (Peak 17.60M) | Time:00:00.00 | Mem:0.00M, Peak:0.00M | Scene, ViewLayer | Synchronizing object | Boot.001
Fra:1 Mem:17.62M (Peak 17.62M) | Time:00:00.00 | Mem:0.00M, Peak:0.00M | Scene, ViewLayer | Synchronizing object | Toe plate.001
Fra:1 Mem:17.63M (Peak 17.63M) | Time:00:00.00 | Mem:0.00M, Peak:0.00M | Scene, ViewLayer | Synchronizing object | Boot trim.001
Fra:1 Mem:17.69M (Peak 17.69M) | Time:00:00.00 | Mem:0.00M, Peak:0.00M | Scene, ViewLayer | Synchronizing object | Upper sleeve.001
Fra:1 Mem:17.69M (Peak 17.69M) | Time:00:00.00 | Mem:0.00M, Peak:0.00M | Scene, ViewLayer | Synchronizing object | Shoulder shell.001
Fra:1 Mem:17.70M (Peak 17.70M) | Time:00:00.00 | Mem:0.00M, Peak:0.00M | Scene, ViewLayer | Synchronizing object | Mission stripe.001
Fra:1 Mem:17.71M (Peak 17.71M) | Time:00:00.00 | Mem:0.00M, Peak:0.00M | Scene, ViewLayer | Synchronizing object | Glove.001
Fra:1 Mem:17.75M (Peak 17.75M) | Time:00:00.00 | Mem:0.00M, Peak:0.00M | Scene, ViewLayer | Synchronizing object | Chest cuirass
Fra:1 Mem:17.77M (Peak 17.77M) | Time:00:00.00 | Mem:0.00M, Peak:0.00M | Scene, ViewLayer | Synchronizing object | Chest seam
Fra:1 Mem:17.78M (Peak 17.78M) | Time:00:00.00 | Mem:0.00M, Peak:0.00M | Scene, ViewLayer | Synchronizing object | Scarf collar
Fra:1 Mem:17.81M (Peak 17.81M) | Time:00:00.00 | Mem:0.00M, Peak:0.00M | Scene, ViewLayer | Synchronizing object | Face
Fra:1 Mem:17.83M (Peak 17.83M) | Time:00:00.00 | Mem:0.00M, Peak:0.00M | Scene, ViewLayer | Synchronizing object | Hair crown
Fra:1 Mem:17.85M (Peak 17.85M) | Time:00:00.00 | Mem:0.00M, Peak:0.00M | Scene, ViewLayer | Synchronizing object | Side hair
Fra:1 Mem:17.86M (Peak 17.86M) | Time:00:00.00 | Mem:0.00M, Peak:0.00M | Scene, ViewLayer | Synchronizing object | Silver fringe
Fra:1 Mem:17.88M (Peak 17.88M) | Time:00:00.00 | Mem:0.00M, Peak:0.00M | Scene, ViewLayer | Synchronizing object | Silver fringe.001
Fra:1 Mem:17.89M (Peak 17.89M) | Time:00:00.00 | Mem:0.00M, Peak:0.00M | Scene, ViewLayer | Synchronizing object | Silver fringe.003
Fra:1 Mem:17.94M (Peak 17.94M) | Time:00:00.00 | Mem:0.00M, Peak:0.00M | Scene, ViewLayer | Synchronizing object | Eye
Fra:1 Mem:17.98M (Peak 17.98M) | Time:00:00.00 | Mem:0.00M, Peak:0.00M | Scene, ViewLayer | Synchronizing object | Eye light
Fra:1 Mem:17.98M (Peak 17.98M) | Time:00:00.00 | Mem:0.00M, Peak:0.00M | Scene, ViewLayer | Synchronizing object | Eye.001
Fra:1 Mem:18.00M (Peak 18.00M) | Time:00:00.00 | Mem:0.00M, Peak:0.00M | Scene, ViewLayer | Synchronizing object | Eye light.001
Fra:1 Mem:18.00M (Peak 18.00M) | Time:00:00.00 | Mem:0.00M, Peak:0.00M | Scene, ViewLayer | Synchronizing object | Nose
Fra:1 Mem:18.03M (Peak 18.03M) | Time:00:00.00 | Mem:0.00M, Peak:0.00M | Scene, ViewLayer | Synchronizing object | Mouth
Fra:1 Mem:18.02M (Peak 18.03M) | Time:00:00.00 | Mem:0.00M, Peak:0.00M | Scene, ViewLayer | Synchronizing object | Expedition cape
Fra:1 Mem:18.04M (Peak 18.04M) | Time:00:00.00 | Mem:0.00M, Peak:0.00M | Scene, ViewLayer | Synchronizing object | Rear hair locks
Fra:1 Mem:18.09M (Peak 18.09M) | Time:00:00.00 | Mem:0.00M, Peak:0.00M | Scene, ViewLayer | Initializing
Fra:1 Mem:14.95M (Peak 18.09M) | Time:00:00.00 | Mem:0.00M, Peak:0.00M | Scene, ViewLayer | Waiting for render to start
Fra:1 Mem:14.95M (Peak 18.09M) | Time:00:00.00 | Mem:0.00M, Peak:0.00M | Scene, ViewLayer | Updating Scene
Fra:1 Mem:14.95M (Peak 18.09M) | Time:00:00.00 | Mem:0.00M, Peak:0.00M | Scene, ViewLayer | Updating Shaders
Fra:1 Mem:14.95M (Peak 18.09M) | Time:00:00.00 | Mem:0.00M, Peak:0.00M | Scene, ViewLayer | Loading render kernels (may take a few minutes the first time)
Fra:1 Mem:15.04M (Peak 18.09M) | Time:00:00.00 | Mem:0.01M, Peak:0.01M | Scene, ViewLayer | Updating Procedurals
Fra:1 Mem:15.04M (Peak 18.09M) | Time:00:00.00 | Mem:0.01M, Peak:0.01M | Scene, ViewLayer | Updating Background
Fra:1 Mem:15.04M (Peak 18.09M) | Time:00:00.00 | Mem:0.01M, Peak:0.01M | Scene, ViewLayer | Updating Camera
Fra:1 Mem:15.04M (Peak 18.09M) | Time:00:00.00 | Mem:0.01M, Peak:0.01M | Scene, ViewLayer | Updating Meshes Flags
Fra:1 Mem:15.04M (Peak 18.09M) | Time:00:00.00 | Mem:0.01M, Peak:0.01M | Scene, ViewLayer | Updating Objects
Fra:1 Mem:15.04M (Peak 18.09M) | Time:00:00.00 | Mem:0.01M, Peak:0.01M | Scene, ViewLayer | Updating Objects | Copying Transformations to device
Fra:1 Mem:15.05M (Peak 18.09M) | Time:00:00.00 | Mem:0.02M, Peak:0.02M | Scene, ViewLayer | Updating Particle Systems
Fra:1 Mem:15.05M (Peak 18.09M) | Time:00:00.00 | Mem:0.02M, Peak:0.02M | Scene, ViewLayer | Updating Particle Systems | Copying Particles to device
Fra:1 Mem:15.05M (Peak 18.09M) | Time:00:00.00 | Mem:0.02M, Peak:0.02M | Scene, ViewLayer | Updating Meshes
Fra:1 Mem:15.05M (Peak 18.09M) | Time:00:00.00 | Mem:0.02M, Peak:0.02M | Scene, ViewLayer | Updating Objects | Applying Static Transformations
Fra:1 Mem:15.05M (Peak 18.09M) | Time:00:00.00 | Mem:0.02M, Peak:0.02M | Scene, ViewLayer | Updating Mesh | Computing attributes
Fra:1 Mem:15.16M (Peak 18.09M) | Time:00:00.00 | Mem:0.02M, Peak:0.02M | Scene, ViewLayer | Updating Mesh | Copying Attributes to device
Fra:1 Mem:15.16M (Peak 18.09M) | Time:00:00.00 | Mem:0.12M, Peak:0.12M | Scene, ViewLayer | Updating Scene BVH | Building
Fra:1 Mem:15.16M (Peak 18.09M) | Time:00:00.00 | Mem:0.12M, Peak:0.12M | Scene, ViewLayer | Updating Scene BVH | Building BVH
Fra:1 Mem:15.16M (Peak 18.09M) | Time:00:00.00 | Mem:0.43M, Peak:0.43M | Scene, ViewLayer | Updating Scene BVH | Building BVH 0%
Fra:1 Mem:15.16M (Peak 18.09M) | Time:00:00.00 | Mem:0.79M, Peak:1.09M | Scene, ViewLayer | Updating Scene BVH | Copying BVH to device
Fra:1 Mem:15.16M (Peak 18.09M) | Time:00:00.00 | Mem:0.79M, Peak:1.09M | Scene, ViewLayer | Updating Mesh | Computing normals
Fra:1 Mem:15.51M (Peak 18.09M) | Time:00:00.00 | Mem:0.79M, Peak:1.09M | Scene, ViewLayer | Updating Mesh | Copying Mesh to device
Fra:1 Mem:15.51M (Peak 18.09M) | Time:00:00.00 | Mem:1.14M, Peak:1.14M | Scene, ViewLayer | Updating Objects Flags
Fra:1 Mem:15.51M (Peak 18.09M) | Time:00:00.00 | Mem:1.14M, Peak:1.14M | Scene, ViewLayer | Updating Primitive Offsets
Fra:1 Mem:15.51M (Peak 18.09M) | Time:00:00.00 | Mem:1.14M, Peak:1.14M | Scene, ViewLayer | Updating Images
Fra:1 Mem:15.51M (Peak 18.09M) | Time:00:00.00 | Mem:1.14M, Peak:1.14M | Scene, ViewLayer | Updating Camera Volume
Fra:1 Mem:15.51M (Peak 18.09M) | Time:00:00.00 | Mem:1.14M, Peak:1.14M | Scene, ViewLayer | Updating Lookup Tables
Fra:1 Mem:15.51M (Peak 18.09M) | Time:00:00.00 | Mem:1.22M, Peak:1.22M | Scene, ViewLayer | Updating Lights
Fra:1 Mem:15.51M (Peak 18.09M) | Time:00:00.00 | Mem:1.22M, Peak:1.22M | Scene, ViewLayer | Updating Lights | Computing tree
Fra:1 Mem:15.51M (Peak 18.09M) | Time:00:00.00 | Mem:1.23M, Peak:1.23M | Scene, ViewLayer | Updating Integrator
Fra:1 Mem:15.51M (Peak 18.09M) | Time:00:00.00 | Mem:1.23M, Peak:1.23M | Scene, ViewLayer | Updating Film
Fra:1 Mem:15.51M (Peak 18.09M) | Time:00:00.00 | Mem:1.14M, Peak:1.23M | Scene, ViewLayer | Updating Lookup Tables
Fra:1 Mem:15.51M (Peak 18.09M) | Time:00:00.00 | Mem:1.23M, Peak:1.23M | Scene, ViewLayer | Updating Baking
Fra:1 Mem:15.51M (Peak 18.09M) | Time:00:00.00 | Mem:1.23M, Peak:1.23M | Scene, ViewLayer | Updating Device | Writing constant memory
Fra:1 Mem:15.52M (Peak 18.09M) | Time:00:00.00 | Mem:1.23M, Peak:1.23M | Scene, ViewLayer | Loading denoising kernels (may take a few minutes the first time)
Fra:1 Mem:15.52M (Peak 18.09M) | Time:00:00.00 | Mem:1.23M, Peak:1.23M | Scene, ViewLayer | Sample 0/32
Fra:1 Mem:21.61M (Peak 21.61M) | Time:00:00.00 | Remaining:00:00.10 | Mem:7.17M, Peak:7.17M | Scene, ViewLayer | Sample 1/32
Fra:1 Mem:24.12M (Peak 27.87M) | Time:00:00.23 | Mem:7.17M, Peak:7.17M | Scene, ViewLayer | Sample 32/32
Fra:1 Mem:24.12M (Peak 27.87M) | Time:00:00.23 | Mem:7.17M, Peak:7.17M | Scene, ViewLayer | Finished
Saved: '/Users/al/git/Starbase2/.local/character-frames/captain/back-8.png'
Time: 00:00.23 (Saving: 00:00.00)

Fra:1 Mem:17.31M (Peak 17.31M) | Time:00:00.00 | Mem:0.00M, Peak:0.00M | Scene, ViewLayer | Synchronizing object | Flight armor
Fra:1 Mem:17.32M (Peak 17.32M) | Time:00:00.00 | Mem:0.00M, Peak:0.00M | Scene, ViewLayer | Synchronizing object | Knee plate
Fra:1 Mem:17.33M (Peak 17.33M) | Time:00:00.00 | Mem:0.00M, Peak:0.00M | Scene, ViewLayer | Synchronizing object | Shin
Fra:1 Mem:17.37M (Peak 17.37M) | Time:00:00.00 | Mem:0.00M, Peak:0.00M | Scene, ViewLayer | Synchronizing object | Boot
Fra:1 Mem:17.47M (Peak 17.47M) | Time:00:00.00 | Mem:0.00M, Peak:0.00M | Scene, ViewLayer | Synchronizing object | Toe plate
Fra:1 Mem:17.48M (Peak 17.48M) | Time:00:00.00 | Mem:0.00M, Peak:0.00M | Scene, ViewLayer | Synchronizing object | Boot trim
Fra:1 Mem:17.49M (Peak 17.49M) | Time:00:00.00 | Mem:0.00M, Peak:0.00M | Scene, ViewLayer | Synchronizing object | Upper sleeve
Fra:1 Mem:17.54M (Peak 17.54M) | Time:00:00.00 | Mem:0.00M, Peak:0.00M | Scene, ViewLayer | Synchronizing object | Rim
Fra:1 Mem:17.50M (Peak 17.54M) | Time:00:00.00 | Mem:0.00M, Peak:0.00M | Scene, ViewLayer | Synchronizing object | Wrist display
Fra:1 Mem:17.57M (Peak 17.57M) | Time:00:00.00 | Mem:0.00M, Peak:0.00M | Scene, ViewLayer | Synchronizing object | Thigh.001
Fra:1 Mem:17.60M (Peak 17.61M) | Time:00:00.00 | Mem:0.00M, Peak:0.00M | Scene, ViewLayer | Synchronizing object | Key
Fra:1 Mem:17.57M (Peak 17.61M) | Time:00:00.00 | Mem:0.00M, Peak:0.00M | Scene, ViewLayer | Synchronizing object | Shin.001
Fra:1 Mem:17.61M (Peak 17.61M) | Time:00:00.00 | Mem:0.00M, Peak:0.00M | Scene, ViewLayer | Synchronizing object | Boot.001
Fra:1 Mem:17.60M (Peak 17.61M) | Time:00:00.00 | Mem:0.00M, Peak:0.00M | Scene, ViewLayer | Synchronizing object | Toe plate.001
Fra:1 Mem:17.61M (Peak 17.61M) | Time:00:00.00 | Mem:0.00M, Peak:0.00M | Scene, ViewLayer | Synchronizing object | Upper sleeve.001
Fra:1 Mem:17.64M (Peak 17.64M) | Time:00:00.00 | Mem:0.00M, Peak:0.00M | Scene, ViewLayer | Synchronizing object | Shoulder shell.001
Fra:1 Mem:17.66M (Peak 17.66M) | Time:00:00.00 | Mem:0.00M, Peak:0.00M | Scene, ViewLayer | Synchronizing object | Mission stripe.001
Fra:1 Mem:17.70M (Peak 17.70M) | Time:00:00.00 | Mem:0.00M, Peak:0.00M | Scene, ViewLayer | Synchronizing object | Elbow joint.001
Fra:1 Mem:17.73M (Peak 17.73M) | Time:00:00.00 | Mem:0.00M, Peak:0.00M | Scene, ViewLayer | Synchronizing object | Gauntlet.001
Fra:1 Mem:17.70M (Peak 17.73M) | Time:00:00.00 | Mem:0.00M, Peak:0.00M | Scene, ViewLayer | Synchronizing object | Wrist display.001
Fra:1 Mem:17.73M (Peak 17.73M) | Time:00:00.00 | Mem:0.00M, Peak:0.00M | Scene, ViewLayer | Synchronizing object | Chest seam
Fra:1 Mem:17.73M (Peak 17.73M) | Time:00:00.00 | Mem:0.00M, Peak:0.00M | Scene, ViewLayer | Synchronizing object | Expedition insignia
Fra:1 Mem:17.79M (Peak 17.79M) | Time:00:00.00 | Mem:0.00M, Peak:0.00M | Scene, ViewLayer | Synchronizing object | Scarf collar
Fra:1 Mem:17.80M (Peak 17.80M) | Time:00:00.00 | Mem:0.00M, Peak:0.00M | Scene, ViewLayer | Synchronizing object | Face
Fra:1 Mem:17.83M (Peak 17.83M) | Time:00:00.00 | Mem:0.00M, Peak:0.00M | Scene, ViewLayer | Synchronizing object | Hair crown
Fra:1 Mem:17.82M (Peak 17.83M) | Time:00:00.00 | Mem:0.00M, Peak:0.00M | Scene, ViewLayer | Synchronizing object | Side hair
Fra:1 Mem:17.82M (Peak 17.83M) | Time:00:00.00 | Mem:0.00M, Peak:0.00M | Scene, ViewLayer | Synchronizing object | Side hair.001
Fra:1 Mem:17.85M (Peak 17.85M) | Time:00:00.00 | Mem:0.00M, Peak:0.00M | Scene, ViewLayer | Synchronizing object | Silver fringe.001
Fra:1 Mem:17.87M (Peak 17.87M) | Time:00:00.00 | Mem:0.00M, Peak:0.00M | Scene, ViewLayer | Synchronizing object | Silver fringe.002
Fra:1 Mem:17.93M (Peak 17.93M) | Time:00:00.00 | Mem:0.00M, Peak:0.00M | Scene, ViewLayer | Synchronizing object | Eye outline
Fra:1 Mem:17.94M (Peak 17.94M) | Time:00:00.00 | Mem:0.00M, Peak:0.00M | Scene, ViewLayer | Synchronizing object | Eye light
Fra:1 Mem:17.97M (Peak 17.97M) | Time:00:00.00 | Mem:0.00M, Peak:0.00M | Scene, ViewLayer | Synchronizing object | Eye outline.001
Fra:1 Mem:17.97M (Peak 17.97M) | Time:00:00.00 | Mem:0.00M, Peak:0.00M | Scene, ViewLayer | Synchronizing object | Eye light.001
Fra:1 Mem:17.96M (Peak 17.97M) | Time:00:00.00 | Mem:0.00M, Peak:0.00M | Scene, ViewLayer | Synchronizing object | Rear hair locks
Fra:1 Mem:17.98M (Peak 17.98M) | Time:00:00.00 | Mem:0.00M, Peak:0.00M | Scene, ViewLayer | Synchronizing object | Mouth
Fra:1 Mem:17.99M (Peak 17.99M) | Time:00:00.00 | Mem:0.00M, Peak:0.00M | Scene, ViewLayer | Synchronizing object | Expedition cape
Fra:1 Mem:18.09M (Peak 18.09M) | Time:00:00.00 | Mem:0.00M, Peak:0.00M | Scene, ViewLayer | Initializing
Fra:1 Mem:14.95M (Peak 18.09M) | Time:00:00.00 | Mem:0.00M, Peak:0.00M | Scene, ViewLayer | Waiting for render to start
Fra:1 Mem:14.95M (Peak 18.09M) | Time:00:00.00 | Mem:0.00M, Peak:0.00M | Scene, ViewLayer | Updating Scene
Fra:1 Mem:14.95M (Peak 18.09M) | Time:00:00.00 | Mem:0.00M, Peak:0.00M | Scene, ViewLayer | Updating Shaders
Fra:1 Mem:14.95M (Peak 18.09M) | Time:00:00.00 | Mem:0.00M, Peak:0.00M | Scene, ViewLayer | Loading render kernels (may take a few minutes the first time)
Fra:1 Mem:15.04M (Peak 18.09M) | Time:00:00.00 | Mem:0.01M, Peak:0.01M | Scene, ViewLayer | Updating Procedurals
Fra:1 Mem:15.04M (Peak 18.09M) | Time:00:00.00 | Mem:0.01M, Peak:0.01M | Scene, ViewLayer | Updating Background
Fra:1 Mem:15.04M (Peak 18.09M) | Time:00:00.00 | Mem:0.01M, Peak:0.01M | Scene, ViewLayer | Updating Camera
Fra:1 Mem:15.04M (Peak 18.09M) | Time:00:00.00 | Mem:0.01M, Peak:0.01M | Scene, ViewLayer | Updating Meshes Flags
Fra:1 Mem:15.04M (Peak 18.09M) | Time:00:00.00 | Mem:0.01M, Peak:0.01M | Scene, ViewLayer | Updating Objects
Fra:1 Mem:15.04M (Peak 18.09M) | Time:00:00.00 | Mem:0.01M, Peak:0.01M | Scene, ViewLayer | Updating Objects | Copying Transformations to device
Fra:1 Mem:15.05M (Peak 18.09M) | Time:00:00.00 | Mem:0.02M, Peak:0.02M | Scene, ViewLayer | Updating Particle Systems
Fra:1 Mem:15.05M (Peak 18.09M) | Time:00:00.00 | Mem:0.02M, Peak:0.02M | Scene, ViewLayer | Updating Particle Systems | Copying Particles to device
Fra:1 Mem:15.05M (Peak 18.09M) | Time:00:00.00 | Mem:0.02M, Peak:0.02M | Scene, ViewLayer | Updating Meshes
Fra:1 Mem:15.05M (Peak 18.09M) | Time:00:00.00 | Mem:0.02M, Peak:0.02M | Scene, ViewLayer | Updating Objects | Applying Static Transformations
Fra:1 Mem:15.05M (Peak 18.09M) | Time:00:00.00 | Mem:0.02M, Peak:0.02M | Scene, ViewLayer | Updating Mesh | Computing attributes
Fra:1 Mem:15.16M (Peak 18.09M) | Time:00:00.00 | Mem:0.02M, Peak:0.02M | Scene, ViewLayer | Updating Mesh | Copying Attributes to device
Fra:1 Mem:15.16M (Peak 18.09M) | Time:00:00.00 | Mem:0.12M, Peak:0.12M | Scene, ViewLayer | Updating Scene BVH | Building
Fra:1 Mem:15.16M (Peak 18.09M) | Time:00:00.00 | Mem:0.12M, Peak:0.12M | Scene, ViewLayer | Updating Scene BVH | Building BVH
Fra:1 Mem:15.16M (Peak 18.09M) | Time:00:00.00 | Mem:0.76M, Peak:1.06M | Scene, ViewLayer | Updating Scene BVH | Copying BVH to device
Fra:1 Mem:15.16M (Peak 18.09M) | Time:00:00.00 | Mem:0.76M, Peak:1.06M | Scene, ViewLayer | Updating Mesh | Computing normals
Fra:1 Mem:15.51M (Peak 18.09M) | Time:00:00.00 | Mem:0.76M, Peak:1.06M | Scene, ViewLayer | Updating Mesh | Copying Mesh to device
Fra:1 Mem:15.51M (Peak 18.09M) | Time:00:00.00 | Mem:1.11M, Peak:1.11M | Scene, ViewLayer | Updating Objects Flags
Fra:1 Mem:15.51M (Peak 18.09M) | Time:00:00.00 | Mem:1.11M, Peak:1.11M | Scene, ViewLayer | Updating Primitive Offsets
Fra:1 Mem:15.51M (Peak 18.09M) | Time:00:00.00 | Mem:1.11M, Peak:1.11M | Scene, ViewLayer | Updating Images
Fra:1 Mem:15.51M (Peak 18.09M) | Time:00:00.00 | Mem:1.11M, Peak:1.11M | Scene, ViewLayer | Updating Camera Volume
Fra:1 Mem:15.51M (Peak 18.09M) | Time:00:00.00 | Mem:1.11M, Peak:1.11M | Scene, ViewLayer | Updating Lookup Tables
Fra:1 Mem:15.51M (Peak 18.09M) | Time:00:00.00 | Mem:1.19M, Peak:1.19M | Scene, ViewLayer | Updating Lights
Fra:1 Mem:15.51M (Peak 18.09M) | Time:00:00.00 | Mem:1.19M, Peak:1.19M | Scene, ViewLayer | Updating Lights | Computing tree
Fra:1 Mem:15.51M (Peak 18.09M) | Time:00:00.00 | Mem:1.19M, Peak:1.19M | Scene, ViewLayer | Updating Integrator
Fra:1 Mem:15.51M (Peak 18.09M) | Time:00:00.00 | Mem:1.19M, Peak:1.19M | Scene, ViewLayer | Updating Film
Fra:1 Mem:15.51M (Peak 18.09M) | Time:00:00.00 | Mem:1.11M, Peak:1.19M | Scene, ViewLayer | Updating Lookup Tables
Fra:1 Mem:15.51M (Peak 18.09M) | Time:00:00.00 | Mem:1.20M, Peak:1.20M | Scene, ViewLayer | Updating Baking
Fra:1 Mem:15.51M (Peak 18.09M) | Time:00:00.00 | Mem:1.20M, Peak:1.20M | Scene, ViewLayer | Updating Device | Writing constant memory
Fra:1 Mem:15.52M (Peak 18.09M) | Time:00:00.00 | Mem:1.20M, Peak:1.20M | Scene, ViewLayer | Loading denoising kernels (may take a few minutes the first time)
Fra:1 Mem:15.52M (Peak 18.09M) | Time:00:00.00 | Mem:1.20M, Peak:1.20M | Scene, ViewLayer | Sample 0/32
Fra:1 Mem:21.61M (Peak 21.61M) | Time:00:00.00 | Remaining:00:00.08 | Mem:7.14M, Peak:7.14M | Scene, ViewLayer | Sample 1/32
Fra:1 Mem:24.12M (Peak 27.87M) | Time:00:00.21 | Mem:7.14M, Peak:7.14M | Scene, ViewLayer | Sample 32/32
Fra:1 Mem:24.12M (Peak 27.87M) | Time:00:00.21 | Mem:7.14M, Peak:7.14M | Scene, ViewLayer | Finished
Saved: '/Users/al/git/Starbase2/.local/character-frames/captain/left-0.png'
Time: 00:00.21 (Saving: 00:00.00)

Fra:1 Mem:17.31M (Peak 17.31M) | Time:00:00.00 | Mem:0.00M, Peak:0.00M | Scene, ViewLayer | Synchronizing object | Flight armor
Fra:1 Mem:17.33M (Peak 17.33M) | Time:00:00.00 | Mem:0.00M, Peak:0.00M | Scene, ViewLayer | Synchronizing object | Knee plate
Fra:1 Mem:17.33M (Peak 17.33M) | Time:00:00.00 | Mem:0.00M, Peak:0.00M | Scene, ViewLayer | Synchronizing object | Shin
Fra:1 Mem:17.48M (Peak 17.48M) | Time:00:00.00 | Mem:0.00M, Peak:0.00M | Scene, ViewLayer | Synchronizing object | Boot
Fra:1 Mem:17.51M (Peak 17.51M) | Time:00:00.00 | Mem:0.00M, Peak:0.00M | Scene, ViewLayer | Synchronizing object | Toe plate
Fra:1 Mem:17.54M (Peak 17.54M) | Time:00:00.00 | Mem:0.00M, Peak:0.00M | Scene, ViewLayer | Synchronizing object | Boot trim
Fra:1 Mem:17.53M (Peak 17.54M) | Time:00:00.00 | Mem:0.00M, Peak:0.00M | Scene, ViewLayer | Synchronizing object | Mission stripe
Fra:1 Mem:17.51M (Peak 17.54M) | Time:00:00.00 | Mem:0.00M, Peak:0.00M | Scene, ViewLayer | Synchronizing object | Glove
Fra:1 Mem:17.53M (Peak 17.54M) | Time:00:00.00 | Mem:0.00M, Peak:0.00M | Scene, ViewLayer | Synchronizing object | Wrist display
Fra:1 Mem:17.53M (Peak 17.54M) | Time:00:00.00 | Mem:0.00M, Peak:0.00M | Scene, ViewLayer | Synchronizing object | Thigh.001
Fra:1 Mem:17.54M (Peak 17.54M) | Time:00:00.00 | Mem:0.00M, Peak:0.00M | Scene, ViewLayer | Synchronizing object | Knee plate.001
Fra:1 Mem:17.54M (Peak 17.54M) | Time:00:00.00 | Mem:0.00M, Peak:0.00M | Scene, ViewLayer | Synchronizing object | Shin.001
Fra:1 Mem:17.59M (Peak 17.59M) | Time:00:00.00 | Mem:0.00M, Peak:0.00M | Scene, ViewLayer | Synchronizing object | Boot.001
Fra:1 Mem:17.61M (Peak 17.61M) | Time:00:00.00 | Mem:0.00M, Peak:0.00M | Scene, ViewLayer | Synchronizing object | Toe plate.001
Fra:1 Mem:17.64M (Peak 17.64M) | Time:00:00.00 | Mem:0.00M, Peak:0.00M | Scene, ViewLayer | Synchronizing object | Boot trim.001
Fra:1 Mem:17.69M (Peak 17.69M) | Time:00:00.00 | Mem:0.00M, Peak:0.00M | Scene, ViewLayer | Synchronizing object | Upper sleeve.001
Fra:1 Mem:17.72M (Peak 17.72M) | Time:00:00.00 | Mem:0.00M, Peak:0.00M | Scene, ViewLayer | Synchronizing object | Shoulder shell.001
Fra:1 Mem:17.77M (Peak 17.77M) | Time:00:00.00 | Mem:0.00M, Peak:0.00M | Scene, ViewLayer | Synchronizing object | Elbow joint.001
Fra:1 Mem:17.77M (Peak 17.77M) | Time:00:00.00 | Mem:0.00M, Peak:0.00M | Scene, ViewLayer | Synchronizing object | Wrist display.001
Fra:1 Mem:17.75M (Peak 17.77M) | Time:00:00.00 | Mem:0.00M, Peak:0.00M | Scene, ViewLayer | Synchronizing object | Chest cuirass
Fra:1 Mem:17.77M (Peak 17.77M) | Time:00:00.00 | Mem:0.00M, Peak:0.00M | Scene, ViewLayer | Synchronizing object | Chest seam
Fra:1 Mem:17.83M (Peak 17.83M) | Time:00:00.00 | Mem:0.00M, Peak:0.00M | Scene, ViewLayer | Synchronizing object | Expedition insignia
Fra:1 Mem:17.84M (Peak 17.84M) | Time:00:00.00 | Mem:0.00M, Peak:0.00M | Scene, ViewLayer | Synchronizing object | Rear hair locks
Fra:1 Mem:17.84M (Peak 17.84M) | Time:00:00.00 | Mem:0.00M, Peak:0.00M | Scene, ViewLayer | Synchronizing object | Silver fringe
Fra:1 Mem:17.86M (Peak 17.86M) | Time:00:00.00 | Mem:0.00M, Peak:0.00M | Scene, ViewLayer | Synchronizing object | Silver fringe.001
Fra:1 Mem:17.90M (Peak 17.90M) | Time:00:00.00 | Mem:0.00M, Peak:0.00M | Scene, ViewLayer | Synchronizing object | Silver fringe.002
Fra:1 Mem:17.90M (Peak 17.90M) | Time:00:00.00 | Mem:0.00M, Peak:0.00M | Scene, ViewLayer | Synchronizing object | Eye outline
Fra:1 Mem:17.91M (Peak 17.91M) | Time:00:00.00 | Mem:0.00M, Peak:0.00M | Scene, ViewLayer | Synchronizing object | Eye outline.001
Fra:1 Mem:17.93M (Peak 17.93M) | Time:00:00.00 | Mem:0.00M, Peak:0.00M | Scene, ViewLayer | Synchronizing object | Eye.001
Fra:1 Mem:17.93M (Peak 17.93M) | Time:00:00.00 | Mem:0.00M, Peak:0.00M | Scene, ViewLayer | Synchronizing object | Eye light.001
Fra:1 Mem:17.95M (Peak 17.95M) | Time:00:00.00 | Mem:0.00M, Peak:0.00M | Scene, ViewLayer | Synchronizing object | Nose
Fra:1 Mem:17.97M (Peak 17.97M) | Time:00:00.00 | Mem:0.00M, Peak:0.00M | Scene, ViewLayer | Synchronizing object | Mouth
Fra:1 Mem:17.99M (Peak 17.99M) | Time:00:00.00 | Mem:0.00M, Peak:0.00M | Scene, ViewLayer | Synchronizing object | Expedition cape
Fra:1 Mem:18.09M (Peak 18.09M) | Time:00:00.00 | Mem:0.00M, Peak:0.00M | Scene, ViewLayer | Initializing
Fra:1 Mem:14.95M (Peak 18.09M) | Time:00:00.00 | Mem:0.00M, Peak:0.00M | Scene, ViewLayer | Waiting for render to start
Fra:1 Mem:14.95M (Peak 18.09M) | Time:00:00.00 | Mem:0.00M, Peak:0.00M | Scene, ViewLayer | Updating Scene
Fra:1 Mem:14.95M (Peak 18.09M) | Time:00:00.00 | Mem:0.00M, Peak:0.00M | Scene, ViewLayer | Updating Shaders
Fra:1 Mem:14.95M (Peak 18.09M) | Time:00:00.00 | Mem:0.00M, Peak:0.00M | Scene, ViewLayer | Loading render kernels (may take a few minutes the first time)
Fra:1 Mem:15.04M (Peak 18.09M) | Time:00:00.00 | Mem:0.01M, Peak:0.01M | Scene, ViewLayer | Updating Procedurals
Fra:1 Mem:15.04M (Peak 18.09M) | Time:00:00.00 | Mem:0.01M, Peak:0.01M | Scene, ViewLayer | Updating Background
Fra:1 Mem:15.04M (Peak 18.09M) | Time:00:00.00 | Mem:0.01M, Peak:0.01M | Scene, ViewLayer | Updating Camera
Fra:1 Mem:15.04M (Peak 18.09M) | Time:00:00.00 | Mem:0.01M, Peak:0.01M | Scene, ViewLayer | Updating Meshes Flags
Fra:1 Mem:15.04M (Peak 18.09M) | Time:00:00.00 | Mem:0.01M, Peak:0.01M | Scene, ViewLayer | Updating Objects
Fra:1 Mem:15.04M (Peak 18.09M) | Time:00:00.00 | Mem:0.01M, Peak:0.01M | Scene, ViewLayer | Updating Objects | Copying Transformations to device
Fra:1 Mem:15.05M (Peak 18.09M) | Time:00:00.00 | Mem:0.02M, Peak:0.02M | Scene, ViewLayer | Updating Particle Systems
Fra:1 Mem:15.05M (Peak 18.09M) | Time:00:00.00 | Mem:0.02M, Peak:0.02M | Scene, ViewLayer | Updating Particle Systems | Copying Particles to device
Fra:1 Mem:15.05M (Peak 18.09M) | Time:00:00.00 | Mem:0.02M, Peak:0.02M | Scene, ViewLayer | Updating Meshes
Fra:1 Mem:15.05M (Peak 18.09M) | Time:00:00.00 | Mem:0.02M, Peak:0.02M | Scene, ViewLayer | Updating Objects | Applying Static Transformations
Fra:1 Mem:15.05M (Peak 18.09M) | Time:00:00.00 | Mem:0.02M, Peak:0.02M | Scene, ViewLayer | Updating Mesh | Computing attributes
Fra:1 Mem:15.16M (Peak 18.09M) | Time:00:00.00 | Mem:0.02M, Peak:0.02M | Scene, ViewLayer | Updating Mesh | Copying Attributes to device
Fra:1 Mem:15.16M (Peak 18.09M) | Time:00:00.00 | Mem:0.12M, Peak:0.12M | Scene, ViewLayer | Updating Scene BVH | Building
Fra:1 Mem:15.16M (Peak 18.09M) | Time:00:00.00 | Mem:0.12M, Peak:0.12M | Scene, ViewLayer | Updating Scene BVH | Building BVH
Fra:1 Mem:15.16M (Peak 18.09M) | Time:00:00.00 | Mem:0.43M, Peak:0.43M | Scene, ViewLayer | Updating Scene BVH | Building BVH 0%
Fra:1 Mem:15.16M (Peak 18.09M) | Time:00:00.00 | Mem:0.76M, Peak:1.06M | Scene, ViewLayer | Updating Scene BVH | Copying BVH to device
Fra:1 Mem:15.16M (Peak 18.09M) | Time:00:00.00 | Mem:0.76M, Peak:1.06M | Scene, ViewLayer | Updating Mesh | Computing normals
Fra:1 Mem:15.51M (Peak 18.09M) | Time:00:00.00 | Mem:0.76M, Peak:1.06M | Scene, ViewLayer | Updating Mesh | Copying Mesh to device
Fra:1 Mem:15.51M (Peak 18.09M) | Time:00:00.00 | Mem:1.11M, Peak:1.11M | Scene, ViewLayer | Updating Objects Flags
Fra:1 Mem:15.51M (Peak 18.09M) | Time:00:00.00 | Mem:1.11M, Peak:1.11M | Scene, ViewLayer | Updating Primitive Offsets
Fra:1 Mem:15.51M (Peak 18.09M) | Time:00:00.00 | Mem:1.11M, Peak:1.11M | Scene, ViewLayer | Updating Images
Fra:1 Mem:15.51M (Peak 18.09M) | Time:00:00.00 | Mem:1.11M, Peak:1.11M | Scene, ViewLayer | Updating Camera Volume
Fra:1 Mem:15.51M (Peak 18.09M) | Time:00:00.00 | Mem:1.11M, Peak:1.11M | Scene, ViewLayer | Updating Lookup Tables
Fra:1 Mem:15.51M (Peak 18.09M) | Time:00:00.00 | Mem:1.19M, Peak:1.19M | Scene, ViewLayer | Updating Lights
Fra:1 Mem:15.51M (Peak 18.09M) | Time:00:00.00 | Mem:1.19M, Peak:1.19M | Scene, ViewLayer | Updating Lights | Computing tree
Fra:1 Mem:15.51M (Peak 18.09M) | Time:00:00.00 | Mem:1.19M, Peak:1.19M | Scene, ViewLayer | Updating Integrator
Fra:1 Mem:15.51M (Peak 18.09M) | Time:00:00.00 | Mem:1.19M, Peak:1.19M | Scene, ViewLayer | Updating Film
Fra:1 Mem:15.51M (Peak 18.09M) | Time:00:00.00 | Mem:1.11M, Peak:1.19M | Scene, ViewLayer | Updating Lookup Tables
Fra:1 Mem:15.51M (Peak 18.09M) | Time:00:00.00 | Mem:1.20M, Peak:1.20M | Scene, ViewLayer | Updating Baking
Fra:1 Mem:15.51M (Peak 18.09M) | Time:00:00.00 | Mem:1.20M, Peak:1.20M | Scene, ViewLayer | Updating Device | Writing constant memory
Fra:1 Mem:15.52M (Peak 18.09M) | Time:00:00.00 | Mem:1.20M, Peak:1.20M | Scene, ViewLayer | Loading denoising kernels (may take a few minutes the first time)
Fra:1 Mem:15.52M (Peak 18.09M) | Time:00:00.00 | Mem:1.20M, Peak:1.20M | Scene, ViewLayer | Sample 0/32
Fra:1 Mem:21.61M (Peak 21.61M) | Time:00:00.00 | Remaining:00:00.10 | Mem:7.14M, Peak:7.14M | Scene, ViewLayer | Sample 1/32
Fra:1 Mem:24.12M (Peak 27.87M) | Time:00:00.23 | Mem:7.14M, Peak:7.14M | Scene, ViewLayer | Sample 32/32
Fra:1 Mem:24.12M (Peak 27.87M) | Time:00:00.23 | Mem:7.14M, Peak:7.14M | Scene, ViewLayer | Finished
Saved: '/Users/al/git/Starbase2/.local/character-frames/captain/left-1.png'
Time: 00:00.23 (Saving: 00:00.00)

Fra:1 Mem:17.31M (Peak 17.31M) | Time:00:00.00 | Mem:0.00M, Peak:0.00M | Scene, ViewLayer | Synchronizing object | Flight armor
Fra:1 Mem:17.31M (Peak 17.31M) | Time:00:00.00 | Mem:0.00M, Peak:0.00M | Scene, ViewLayer | Synchronizing object | Knee gasket
Fra:1 Mem:17.33M (Peak 17.33M) | Time:00:00.00 | Mem:0.00M, Peak:0.00M | Scene, ViewLayer | Synchronizing object | Thigh
Fra:1 Mem:17.35M (Peak 17.35M) | Time:00:00.00 | Mem:0.00M, Peak:0.00M | Scene, ViewLayer | Synchronizing object | Shin
Fra:1 Mem:17.38M (Peak 17.38M) | Time:00:00.00 | Mem:0.00M, Peak:0.00M | Scene, ViewLayer | Synchronizing object | Boot
Fra:1 Mem:17.40M (Peak 17.40M) | Time:00:00.00 | Mem:0.00M, Peak:0.00M | Scene, ViewLayer | Synchronizing object | Toe plate
Fra:1 Mem:17.44M (Peak 17.44M) | Time:00:00.00 | Mem:0.00M, Peak:0.00M | Scene, ViewLayer | Synchronizing object | Boot trim
Fra:1 Mem:17.48M (Peak 17.48M) | Time:00:00.00 | Mem:0.00M, Peak:0.00M | Scene, ViewLayer | Synchronizing object | Upper sleeve
Fra:1 Mem:17.51M (Peak 17.51M) | Time:00:00.00 | Mem:0.00M, Peak:0.00M | Scene, ViewLayer | Synchronizing object | Shoulder shell
Fra:1 Mem:17.57M (Peak 17.57M) | Time:00:00.00 | Mem:0.00M, Peak:0.00M | Scene, ViewLayer | Synchronizing object | Mission stripe
Fra:1 Mem:17.55M (Peak 17.57M) | Time:00:00.00 | Mem:0.00M, Peak:0.00M | Scene, ViewLayer | Synchronizing object | Elbow joint
Fra:1 Mem:17.55M (Peak 17.57M) | Time:00:00.00 | Mem:0.00M, Peak:0.00M | Scene, ViewLayer | Synchronizing object | Glove
Fra:1 Mem:17.56M (Peak 17.57M) | Time:00:00.00 | Mem:0.00M, Peak:0.00M | Scene, ViewLayer | Synchronizing object | Wrist display
Fra:1 Mem:17.56M (Peak 17.57M) | Time:00:00.00 | Mem:0.00M, Peak:0.00M | Scene, ViewLayer | Synchronizing object | Thigh.001
Fra:1 Mem:17.60M (Peak 17.60M) | Time:00:00.00 | Mem:0.00M, Peak:0.00M | Scene, ViewLayer | Synchronizing object | Knee gasket.001
Fra:1 Mem:17.62M (Peak 17.62M) | Time:00:00.00 | Mem:0.00M, Peak:0.00M | Scene, ViewLayer | Synchronizing object | Knee plate.001
Fra:1 Mem:17.60M (Peak 17.62M) | Time:00:00.00 | Mem:0.00M, Peak:0.00M | Scene, ViewLayer | Synchronizing object | Boot.001
Fra:1 Mem:17.62M (Peak 17.62M) | Time:00:00.00 | Mem:0.00M, Peak:0.00M | Scene, ViewLayer | Synchronizing object | Toe plate.001
Fra:1 Mem:17.63M (Peak 17.63M) | Time:00:00.00 | Mem:0.00M, Peak:0.00M | Scene, ViewLayer | Synchronizing object | Rear hair locks.001
Fra:1 Mem:17.63M (Peak 17.63M) | Time:00:00.00 | Mem:0.00M, Peak:0.00M | Scene, ViewLayer | Synchronizing object | Shoulder shell.001
Fra:1 Mem:17.65M (Peak 17.65M) | Time:00:00.00 | Mem:0.00M, Peak:0.00M | Scene, ViewLayer | Synchronizing object | Rear hair locks
Fra:1 Mem:17.65M (Peak 17.65M) | Time:00:00.00 | Mem:0.00M, Peak:0.00M | Scene, ViewLayer | Synchronizing object | Mission stripe.001
Fra:1 Mem:17.69M (Peak 17.69M) | Time:00:00.00 | Mem:0.00M, Peak:0.00M | Scene, ViewLayer | Synchronizing object | Expedition cape
Fra:1 Mem:17.70M (Peak 17.70M) | Time:00:00.00 | Mem:0.00M, Peak:0.00M | Scene, ViewLayer | Synchronizing object | Elbow joint.001
Fra:1 Mem:17.73M (Peak 17.73M) | Time:00:00.00 | Mem:0.00M, Peak:0.00M | Scene, ViewLayer | Synchronizing object | Gauntlet.001
Fra:1 Mem:17.75M (Peak 17.75M) | Time:00:00.00 | Mem:0.00M, Peak:0.00M | Scene, ViewLayer | Synchronizing object | Glove.001
Fra:1 Mem:17.75M (Peak 17.75M) | Time:00:00.00 | Mem:0.00M, Peak:0.00M | Scene, ViewLayer | Synchronizing object | Wrist display.001
Fra:1 Mem:17.78M (Peak 17.78M) | Time:00:00.00 | Mem:0.00M, Peak:0.00M | Scene, ViewLayer | Synchronizing object | Chest cuirass
Fra:1 Mem:17.83M (Peak 17.83M) | Time:00:00.00 | Mem:0.00M, Peak:0.00M | Scene, ViewLayer | Synchronizing object | Expedition insignia
Fra:1 Mem:17.81M (Peak 17.83M) | Time:00:00.00 | Mem:0.00M, Peak:0.00M | Scene, ViewLayer | Synchronizing object | Mouth
Fra:1 Mem:17.80M (Peak 17.83M) | Time:00:00.00 | Mem:0.00M, Peak:0.00M | Scene, ViewLayer | Synchronizing object | Face
Fra:1 Mem:17.86M (Peak 17.86M) | Time:00:00.00 | Mem:0.00M, Peak:0.00M | Scene, ViewLayer | Synchronizing object | Hair crown
Fra:1 Mem:17.89M (Peak 17.89M) | Time:00:00.00 | Mem:0.00M, Peak:0.00M | Scene, ViewLayer | Synchronizing object | Side hair.001
Fra:1 Mem:17.90M (Peak 17.90M) | Time:00:00.00 | Mem:0.00M, Peak:0.00M | Scene, ViewLayer | Synchronizing object | Silver fringe
Fra:1 Mem:17.92M (Peak 17.92M) | Time:00:00.00 | Mem:0.00M, Peak:0.00M | Scene, ViewLayer | Synchronizing object | Silver fringe.002
Fra:1 Mem:17.94M (Peak 17.94M) | Time:00:00.00 | Mem:0.00M, Peak:0.00M | Scene, ViewLayer | Synchronizing object | Silver fringe.003
Fra:1 Mem:17.95M (Peak 17.95M) | Time:00:00.00 | Mem:0.00M, Peak:0.00M | Scene, ViewLayer | Synchronizing object | Eye outline
Fra:1 Mem:17.94M (Peak 17.95M) | Time:00:00.00 | Mem:0.00M, Peak:0.00M | Scene, ViewLayer | Synchronizing object | Nose
Fra:1 Mem:17.96M (Peak 17.96M) | Time:00:00.00 | Mem:0.00M, Peak:0.00M | Scene, ViewLayer | Synchronizing object | Eye.001
Fra:1 Mem:17.98M (Peak 17.98M) | Time:00:00.00 | Mem:0.00M, Peak:0.00M | Scene, ViewLayer | Synchronizing object | Eye light.001
Fra:1 Mem:18.09M (Peak 18.09M) | Time:00:00.00 | Mem:0.00M, Peak:0.00M | Scene, ViewLayer | Initializing
Fra:1 Mem:14.95M (Peak 18.09M) | Time:00:00.00 | Mem:0.00M, Peak:0.00M | Scene, ViewLayer | Waiting for render to start
Fra:1 Mem:14.95M (Peak 18.09M) | Time:00:00.00 | Mem:0.00M, Peak:0.00M | Scene, ViewLayer | Updating Scene
Fra:1 Mem:14.95M (Peak 18.09M) | Time:00:00.00 | Mem:0.00M, Peak:0.00M | Scene, ViewLayer | Updating Shaders
Fra:1 Mem:14.95M (Peak 18.09M) | Time:00:00.00 | Mem:0.00M, Peak:0.00M | Scene, ViewLayer | Loading render kernels (may take a few minutes the first time)
Fra:1 Mem:15.04M (Peak 18.09M) | Time:00:00.00 | Mem:0.01M, Peak:0.01M | Scene, ViewLayer | Updating Procedurals
Fra:1 Mem:15.04M (Peak 18.09M) | Time:00:00.00 | Mem:0.01M, Peak:0.01M | Scene, ViewLayer | Updating Background
Fra:1 Mem:15.04M (Peak 18.09M) | Time:00:00.00 | Mem:0.01M, Peak:0.01M | Scene, ViewLayer | Updating Camera
Fra:1 Mem:15.04M (Peak 18.09M) | Time:00:00.00 | Mem:0.01M, Peak:0.01M | Scene, ViewLayer | Updating Meshes Flags
Fra:1 Mem:15.04M (Peak 18.09M) | Time:00:00.00 | Mem:0.01M, Peak:0.01M | Scene, ViewLayer | Updating Objects
Fra:1 Mem:15.04M (Peak 18.09M) | Time:00:00.00 | Mem:0.01M, Peak:0.01M | Scene, ViewLayer | Updating Objects | Copying Transformations to device
Fra:1 Mem:15.05M (Peak 18.09M) | Time:00:00.00 | Mem:0.02M, Peak:0.02M | Scene, ViewLayer | Updating Particle Systems
Fra:1 Mem:15.05M (Peak 18.09M) | Time:00:00.00 | Mem:0.02M, Peak:0.02M | Scene, ViewLayer | Updating Particle Systems | Copying Particles to device
Fra:1 Mem:15.05M (Peak 18.09M) | Time:00:00.00 | Mem:0.02M, Peak:0.02M | Scene, ViewLayer | Updating Meshes
Fra:1 Mem:15.05M (Peak 18.09M) | Time:00:00.00 | Mem:0.02M, Peak:0.02M | Scene, ViewLayer | Updating Objects | Applying Static Transformations
Fra:1 Mem:15.05M (Peak 18.09M) | Time:00:00.00 | Mem:0.02M, Peak:0.02M | Scene, ViewLayer | Updating Mesh | Computing attributes
Fra:1 Mem:15.16M (Peak 18.09M) | Time:00:00.00 | Mem:0.02M, Peak:0.02M | Scene, ViewLayer | Updating Mesh | Copying Attributes to device
Fra:1 Mem:15.16M (Peak 18.09M) | Time:00:00.00 | Mem:0.12M, Peak:0.12M | Scene, ViewLayer | Updating Scene BVH | Building
Fra:1 Mem:15.16M (Peak 18.09M) | Time:00:00.00 | Mem:0.12M, Peak:0.12M | Scene, ViewLayer | Updating Scene BVH | Building BVH
Fra:1 Mem:15.16M (Peak 18.09M) | Time:00:00.00 | Mem:0.79M, Peak:1.09M | Scene, ViewLayer | Updating Scene BVH | Copying BVH to device
Fra:1 Mem:15.16M (Peak 18.09M) | Time:00:00.00 | Mem:0.79M, Peak:1.09M | Scene, ViewLayer | Updating Mesh | Computing normals
Fra:1 Mem:15.51M (Peak 18.09M) | Time:00:00.00 | Mem:0.79M, Peak:1.09M | Scene, ViewLayer | Updating Mesh | Copying Mesh to device
Fra:1 Mem:15.51M (Peak 18.09M) | Time:00:00.00 | Mem:1.14M, Peak:1.14M | Scene, ViewLayer | Updating Objects Flags
Fra:1 Mem:15.51M (Peak 18.09M) | Time:00:00.00 | Mem:1.14M, Peak:1.14M | Scene, ViewLayer | Updating Primitive Offsets
Fra:1 Mem:15.51M (Peak 18.09M) | Time:00:00.00 | Mem:1.14M, Peak:1.14M | Scene, ViewLayer | Updating Images
Fra:1 Mem:15.51M (Peak 18.09M) | Time:00:00.00 | Mem:1.14M, Peak:1.14M | Scene, ViewLayer | Updating Camera Volume
Fra:1 Mem:15.51M (Peak 18.09M) | Time:00:00.00 | Mem:1.14M, Peak:1.14M | Scene, ViewLayer | Updating Lookup Tables
Fra:1 Mem:15.51M (Peak 18.09M) | Time:00:00.00 | Mem:1.22M, Peak:1.22M | Scene, ViewLayer | Updating Lights
Fra:1 Mem:15.51M (Peak 18.09M) | Time:00:00.00 | Mem:1.22M, Peak:1.22M | Scene, ViewLayer | Updating Lights | Computing tree
Fra:1 Mem:15.51M (Peak 18.09M) | Time:00:00.00 | Mem:1.23M, Peak:1.23M | Scene, ViewLayer | Updating Integrator
Fra:1 Mem:15.51M (Peak 18.09M) | Time:00:00.00 | Mem:1.23M, Peak:1.23M | Scene, ViewLayer | Updating Film
Fra:1 Mem:15.51M (Peak 18.09M) | Time:00:00.00 | Mem:1.14M, Peak:1.23M | Scene, ViewLayer | Updating Lookup Tables
Fra:1 Mem:15.51M (Peak 18.09M) | Time:00:00.00 | Mem:1.23M, Peak:1.23M | Scene, ViewLayer | Updating Baking
Fra:1 Mem:15.51M (Peak 18.09M) | Time:00:00.00 | Mem:1.23M, Peak:1.23M | Scene, ViewLayer | Updating Device | Writing constant memory
Fra:1 Mem:15.52M (Peak 18.09M) | Time:00:00.00 | Mem:1.23M, Peak:1.23M | Scene, ViewLayer | Loading denoising kernels (may take a few minutes the first time)
Fra:1 Mem:15.52M (Peak 18.09M) | Time:00:00.00 | Mem:1.23M, Peak:1.23M | Scene, ViewLayer | Sample 0/32
Fra:1 Mem:21.61M (Peak 21.61M) | Time:00:00.00 | Remaining:00:00.09 | Mem:7.17M, Peak:7.17M | Scene, ViewLayer | Sample 1/32
Fra:1 Mem:24.12M (Peak 27.87M) | Time:00:00.22 | Mem:7.17M, Peak:7.17M | Scene, ViewLayer | Sample 32/32
Fra:1 Mem:24.12M (Peak 27.87M) | Time:00:00.22 | Mem:7.17M, Peak:7.17M | Scene, ViewLayer | Finished
Saved: '/Users/al/git/Starbase2/.local/character-frames/captain/left-2.png'
Time: 00:00.22 (Saving: 00:00.00)

Fra:1 Mem:17.31M (Peak 17.31M) | Time:00:00.00 | Mem:0.00M, Peak:0.00M | Scene, ViewLayer | Synchronizing object | Flight armor
Fra:1 Mem:17.32M (Peak 17.32M) | Time:00:00.00 | Mem:0.00M, Peak:0.00M | Scene, ViewLayer | Synchronizing object | Utility belt
Fra:1 Mem:17.33M (Peak 17.33M) | Time:00:00.00 | Mem:0.00M, Peak:0.00M | Scene, ViewLayer | Synchronizing object | Buckle
Fra:1 Mem:17.35M (Peak 17.35M) | Time:00:00.00 | Mem:0.00M, Peak:0.00M | Scene, ViewLayer | Synchronizing object | Shin
Fra:1 Mem:17.38M (Peak 17.38M) | Time:00:00.00 | Mem:0.00M, Peak:0.00M | Scene, ViewLayer | Synchronizing object | Boot
Fra:1 Mem:17.39M (Peak 17.39M) | Time:00:00.00 | Mem:0.00M, Peak:0.00M | Scene, ViewLayer | Synchronizing object | Toe plate
Fra:1 Mem:17.49M (Peak 17.49M) | Time:00:00.00 | Mem:0.00M, Peak:0.00M | Scene, ViewLayer | Synchronizing object | Rim
Fra:1 Mem:17.49M (Peak 17.49M) | Time:00:00.00 | Mem:0.00M, Peak:0.00M | Scene, ViewLayer | Synchronizing object | Shoulder shell
Fra:1 Mem:17.49M (Peak 17.49M) | Time:00:00.00 | Mem:0.00M, Peak:0.00M | Scene, ViewLayer | Synchronizing object | Key
Fra:1 Mem:17.48M (Peak 17.49M) | Time:00:00.00 | Mem:0.00M, Peak:0.00M | Scene, ViewLayer | Synchronizing object | Elbow joint
Fra:1 Mem:17.52M (Peak 17.52M) | Time:00:00.00 | Mem:0.00M, Peak:0.00M | Scene, ViewLayer | Synchronizing object | Gauntlet
Fra:1 Mem:17.50M (Peak 17.52M) | Time:00:00.00 | Mem:0.00M, Peak:0.00M | Scene, ViewLayer | Synchronizing object | Glove
Fra:1 Mem:17.52M (Peak 17.52M) | Time:00:00.00 | Mem:0.00M, Peak:0.00M | Scene, ViewLayer | Synchronizing object | Rear hair locks.001
Fra:1 Mem:17.55M (Peak 17.55M) | Time:00:00.00 | Mem:0.00M, Peak:0.00M | Scene, ViewLayer | Synchronizing object | Rear hair locks
Fra:1 Mem:17.59M (Peak 17.59M) | Time:00:00.00 | Mem:0.00M, Peak:0.00M | Scene, ViewLayer | Synchronizing object | Knee plate.001
Fra:1 Mem:17.62M (Peak 17.62M) | Time:00:00.00 | Mem:0.00M, Peak:0.00M | Scene, ViewLayer | Synchronizing object | Shin.001
Fra:1 Mem:17.66M (Peak 17.66M) | Time:00:00.00 | Mem:0.00M, Peak:0.00M | Scene, ViewLayer | Synchronizing object | Boot.001
Fra:1 Mem:17.67M (Peak 17.67M) | Time:00:00.00 | Mem:0.00M, Peak:0.00M | Scene, ViewLayer | Synchronizing object | Toe plate.001
Fra:1 Mem:17.66M (Peak 17.67M) | Time:00:00.00 | Mem:0.00M, Peak:0.00M | Scene, ViewLayer | Synchronizing object | Shoulder shell.001
Fra:1 Mem:17.72M (Peak 17.72M) | Time:00:00.00 | Mem:0.00M, Peak:0.00M | Scene, ViewLayer | Synchronizing object | Expedition cape
Fra:1 Mem:17.70M (Peak 17.72M) | Time:00:00.00 | Mem:0.00M, Peak:0.00M | Scene, ViewLayer | Synchronizing object | Mission stripe.001
Fra:1 Mem:17.73M (Peak 17.73M) | Time:00:00.00 | Mem:0.00M, Peak:0.00M | Scene, ViewLayer | Synchronizing object | Mouth
Fra:1 Mem:17.75M (Peak 17.75M) | Time:00:00.00 | Mem:0.00M, Peak:0.00M | Scene, ViewLayer | Synchronizing object | Elbow joint.001
Fra:1 Mem:17.77M (Peak 17.77M) | Time:00:00.00 | Mem:0.00M, Peak:0.00M | Scene, ViewLayer | Synchronizing object | Gauntlet.001
Fra:1 Mem:17.82M (Peak 17.82M) | Time:00:00.00 | Mem:0.00M, Peak:0.00M | Scene, ViewLayer | Synchronizing object | Wrist display.001
Fra:1 Mem:17.80M (Peak 17.82M) | Time:00:00.00 | Mem:0.00M, Peak:0.00M | Scene, ViewLayer | Synchronizing object | Chest seam
Fra:1 Mem:17.77M (Peak 17.82M) | Time:00:00.00 | Mem:0.00M, Peak:0.00M | Scene, ViewLayer | Synchronizing object | Nose
Fra:1 Mem:17.79M (Peak 17.82M) | Time:00:00.00 | Mem:0.00M, Peak:0.00M | Scene, ViewLayer | Synchronizing object | Scarf collar
Fra:1 Mem:17.80M (Peak 17.82M) | Time:00:00.00 | Mem:0.00M, Peak:0.00M | Scene, ViewLayer | Synchronizing object | Face
Fra:1 Mem:17.82M (Peak 17.82M) | Time:00:00.00 | Mem:0.00M, Peak:0.00M | Scene, ViewLayer | Synchronizing object | Side hair
Fra:1 Mem:17.83M (Peak 17.83M) | Time:00:00.00 | Mem:0.00M, Peak:0.00M | Scene, ViewLayer | Synchronizing object | Eye light.001
Fra:1 Mem:17.86M (Peak 17.86M) | Time:00:00.00 | Mem:0.00M, Peak:0.00M | Scene, ViewLayer | Synchronizing object | Side hair.001
Fra:1 Mem:17.92M (Peak 17.92M) | Time:00:00.00 | Mem:0.00M, Peak:0.00M | Scene, ViewLayer | Synchronizing object | Silver fringe
Fra:1 Mem:17.90M (Peak 17.92M) | Time:00:00.00 | Mem:0.00M, Peak:0.00M | Scene, ViewLayer | Synchronizing object | Silver fringe.003
Fra:1 Mem:17.94M (Peak 17.94M) | Time:00:00.00 | Mem:0.00M, Peak:0.00M | Scene, ViewLayer | Synchronizing object | Eye outline
Fra:1 Mem:17.99M (Peak 17.99M) | Time:00:00.00 | Mem:0.00M, Peak:0.00M | Scene, ViewLayer | Synchronizing object | Eye
Fra:1 Mem:18.03M (Peak 18.03M) | Time:00:00.00 | Mem:0.00M, Peak:0.00M | Scene, ViewLayer | Synchronizing object | Eye.001
Fra:1 Mem:18.05M (Peak 18.05M) | Time:00:00.00 | Mem:0.00M, Peak:0.00M | Scene, ViewLayer | Synchronizing object | Eye outline.001
Fra:1 Mem:18.09M (Peak 18.09M) | Time:00:00.00 | Mem:0.00M, Peak:0.00M | Scene, ViewLayer | Initializing
Fra:1 Mem:14.95M (Peak 18.09M) | Time:00:00.00 | Mem:0.00M, Peak:0.00M | Scene, ViewLayer | Waiting for render to start
Fra:1 Mem:14.95M (Peak 18.09M) | Time:00:00.00 | Mem:0.00M, Peak:0.00M | Scene, ViewLayer | Updating Scene
Fra:1 Mem:14.95M (Peak 18.09M) | Time:00:00.00 | Mem:0.00M, Peak:0.00M | Scene, ViewLayer | Updating Shaders
Fra:1 Mem:14.95M (Peak 18.09M) | Time:00:00.00 | Mem:0.00M, Peak:0.00M | Scene, ViewLayer | Loading render kernels (may take a few minutes the first time)
Fra:1 Mem:15.04M (Peak 18.09M) | Time:00:00.00 | Mem:0.01M, Peak:0.01M | Scene, ViewLayer | Updating Procedurals
Fra:1 Mem:15.04M (Peak 18.09M) | Time:00:00.00 | Mem:0.01M, Peak:0.01M | Scene, ViewLayer | Updating Background
Fra:1 Mem:15.04M (Peak 18.09M) | Time:00:00.00 | Mem:0.01M, Peak:0.01M | Scene, ViewLayer | Updating Camera
Fra:1 Mem:15.04M (Peak 18.09M) | Time:00:00.00 | Mem:0.01M, Peak:0.01M | Scene, ViewLayer | Updating Meshes Flags
Fra:1 Mem:15.04M (Peak 18.09M) | Time:00:00.00 | Mem:0.01M, Peak:0.01M | Scene, ViewLayer | Updating Objects
Fra:1 Mem:15.04M (Peak 18.09M) | Time:00:00.00 | Mem:0.01M, Peak:0.01M | Scene, ViewLayer | Updating Objects | Copying Transformations to device
Fra:1 Mem:15.05M (Peak 18.09M) | Time:00:00.00 | Mem:0.02M, Peak:0.02M | Scene, ViewLayer | Updating Particle Systems
Fra:1 Mem:15.05M (Peak 18.09M) | Time:00:00.00 | Mem:0.02M, Peak:0.02M | Scene, ViewLayer | Updating Particle Systems | Copying Particles to device
Fra:1 Mem:15.05M (Peak 18.09M) | Time:00:00.00 | Mem:0.02M, Peak:0.02M | Scene, ViewLayer | Updating Meshes
Fra:1 Mem:15.05M (Peak 18.09M) | Time:00:00.00 | Mem:0.02M, Peak:0.02M | Scene, ViewLayer | Updating Objects | Applying Static Transformations
Fra:1 Mem:15.05M (Peak 18.09M) | Time:00:00.00 | Mem:0.02M, Peak:0.02M | Scene, ViewLayer | Updating Mesh | Computing attributes
Fra:1 Mem:15.16M (Peak 18.09M) | Time:00:00.00 | Mem:0.02M, Peak:0.02M | Scene, ViewLayer | Updating Mesh | Copying Attributes to device
Fra:1 Mem:15.16M (Peak 18.09M) | Time:00:00.00 | Mem:0.12M, Peak:0.12M | Scene, ViewLayer | Updating Scene BVH | Building
Fra:1 Mem:15.16M (Peak 18.09M) | Time:00:00.00 | Mem:0.12M, Peak:0.12M | Scene, ViewLayer | Updating Scene BVH | Building BVH
Fra:1 Mem:15.16M (Peak 18.09M) | Time:00:00.00 | Mem:0.43M, Peak:0.43M | Scene, ViewLayer | Updating Scene BVH | Building BVH 0%
Fra:1 Mem:15.16M (Peak 18.09M) | Time:00:00.00 | Mem:0.76M, Peak:1.06M | Scene, ViewLayer | Updating Scene BVH | Copying BVH to device
Fra:1 Mem:15.16M (Peak 18.09M) | Time:00:00.00 | Mem:0.76M, Peak:1.06M | Scene, ViewLayer | Updating Mesh | Computing normals
Fra:1 Mem:15.51M (Peak 18.09M) | Time:00:00.00 | Mem:0.76M, Peak:1.06M | Scene, ViewLayer | Updating Mesh | Copying Mesh to device
Fra:1 Mem:15.51M (Peak 18.09M) | Time:00:00.00 | Mem:1.11M, Peak:1.11M | Scene, ViewLayer | Updating Objects Flags
Fra:1 Mem:15.51M (Peak 18.09M) | Time:00:00.00 | Mem:1.11M, Peak:1.11M | Scene, ViewLayer | Updating Primitive Offsets
Fra:1 Mem:15.51M (Peak 18.09M) | Time:00:00.00 | Mem:1.11M, Peak:1.11M | Scene, ViewLayer | Updating Images
Fra:1 Mem:15.51M (Peak 18.09M) | Time:00:00.00 | Mem:1.11M, Peak:1.11M | Scene, ViewLayer | Updating Camera Volume
Fra:1 Mem:15.51M (Peak 18.09M) | Time:00:00.00 | Mem:1.11M, Peak:1.11M | Scene, ViewLayer | Updating Lookup Tables
Fra:1 Mem:15.51M (Peak 18.09M) | Time:00:00.00 | Mem:1.19M, Peak:1.19M | Scene, ViewLayer | Updating Lights
Fra:1 Mem:15.51M (Peak 18.09M) | Time:00:00.00 | Mem:1.19M, Peak:1.19M | Scene, ViewLayer | Updating Lights | Computing tree
Fra:1 Mem:15.51M (Peak 18.09M) | Time:00:00.00 | Mem:1.19M, Peak:1.19M | Scene, ViewLayer | Updating Integrator
Fra:1 Mem:15.51M (Peak 18.09M) | Time:00:00.00 | Mem:1.19M, Peak:1.19M | Scene, ViewLayer | Updating Film
Fra:1 Mem:15.51M (Peak 18.09M) | Time:00:00.00 | Mem:1.11M, Peak:1.19M | Scene, ViewLayer | Updating Lookup Tables
Fra:1 Mem:15.51M (Peak 18.09M) | Time:00:00.00 | Mem:1.20M, Peak:1.20M | Scene, ViewLayer | Updating Baking
Fra:1 Mem:15.51M (Peak 18.09M) | Time:00:00.00 | Mem:1.20M, Peak:1.20M | Scene, ViewLayer | Updating Device | Writing constant memory
Fra:1 Mem:15.52M (Peak 18.09M) | Time:00:00.00 | Mem:1.20M, Peak:1.20M | Scene, ViewLayer | Loading denoising kernels (may take a few minutes the first time)
Fra:1 Mem:15.52M (Peak 18.09M) | Time:00:00.00 | Mem:1.20M, Peak:1.20M | Scene, ViewLayer | Sample 0/32
Fra:1 Mem:21.61M (Peak 21.61M) | Time:00:00.00 | Remaining:00:00.08 | Mem:7.14M, Peak:7.14M | Scene, ViewLayer | Sample 1/32
Fra:1 Mem:24.12M (Peak 27.87M) | Time:00:00.21 | Mem:7.14M, Peak:7.14M | Scene, ViewLayer | Sample 32/32
Fra:1 Mem:24.12M (Peak 27.87M) | Time:00:00.21 | Mem:7.14M, Peak:7.14M | Scene, ViewLayer | Finished
Saved: '/Users/al/git/Starbase2/.local/character-frames/captain/left-3.png'
Time: 00:00.22 (Saving: 00:00.00)

Fra:1 Mem:17.31M (Peak 17.31M) | Time:00:00.00 | Mem:0.00M, Peak:0.00M | Scene, ViewLayer | Synchronizing object | Flight armor
Fra:1 Mem:17.32M (Peak 17.32M) | Time:00:00.00 | Mem:0.00M, Peak:0.00M | Scene, ViewLayer | Synchronizing object | Knee gasket
Fra:1 Mem:17.33M (Peak 17.33M) | Time:00:00.00 | Mem:0.00M, Peak:0.00M | Scene, ViewLayer | Synchronizing object | Knee plate
Fra:1 Mem:17.36M (Peak 17.36M) | Time:00:00.00 | Mem:0.00M, Peak:0.00M | Scene, ViewLayer | Synchronizing object | Shin
Fra:1 Mem:17.43M (Peak 17.43M) | Time:00:00.00 | Mem:0.00M, Peak:0.00M | Scene, ViewLayer | Synchronizing object | Boot
Fra:1 Mem:17.45M (Peak 17.45M) | Time:00:00.00 | Mem:0.00M, Peak:0.00M | Scene, ViewLayer | Synchronizing object | Boot trim
Fra:1 Mem:17.46M (Peak 17.46M) | Time:00:00.00 | Mem:0.00M, Peak:0.00M | Scene, ViewLayer | Synchronizing object | Rim
Fra:1 Mem:17.47M (Peak 17.47M) | Time:00:00.00 | Mem:0.00M, Peak:0.00M | Scene, ViewLayer | Synchronizing object | Upper sleeve
Fra:1 Mem:17.47M (Peak 17.47M) | Time:00:00.00 | Mem:0.00M, Peak:0.00M | Scene, ViewLayer | Synchronizing object | Gauntlet
Fra:1 Mem:17.48M (Peak 17.48M) | Time:00:00.00 | Mem:0.00M, Peak:0.00M | Scene, ViewLayer | Synchronizing object | Wrist display
Fra:1 Mem:17.52M (Peak 17.52M) | Time:00:00.00 | Mem:0.00M, Peak:0.00M | Scene, ViewLayer | Synchronizing object | Key
Fra:1 Mem:17.53M (Peak 17.53M) | Time:00:00.00 | Mem:0.00M, Peak:0.00M | Scene, ViewLayer | Synchronizing object | Rear hair locks.001
Fra:1 Mem:17.54M (Peak 17.54M) | Time:00:00.00 | Mem:0.00M, Peak:0.00M | Scene, ViewLayer | Synchronizing object | Knee gasket.001
Fra:1 Mem:17.55M (Peak 17.55M) | Time:00:00.00 | Mem:0.00M, Peak:0.00M | Scene, ViewLayer | Synchronizing object | Knee plate.001
Fra:1 Mem:17.58M (Peak 17.58M) | Time:00:00.00 | Mem:0.00M, Peak:0.00M | Scene, ViewLayer | Synchronizing object | Shin.001
Fra:1 Mem:17.63M (Peak 17.63M) | Time:00:00.00 | Mem:0.00M, Peak:0.00M | Scene, ViewLayer | Synchronizing object | Boot.001
Fra:1 Mem:17.63M (Peak 17.63M) | Time:00:00.00 | Mem:0.00M, Peak:0.00M | Scene, ViewLayer | Synchronizing object | Toe plate.001
Fra:1 Mem:17.69M (Peak 17.69M) | Time:00:00.00 | Mem:0.00M, Peak:0.00M | Scene, ViewLayer | Synchronizing object | Upper sleeve.001
Fra:1 Mem:17.66M (Peak 17.69M) | Time:00:00.00 | Mem:0.00M, Peak:0.00M | Scene, ViewLayer | Synchronizing object | Mission stripe.001
Fra:1 Mem:17.67M (Peak 17.69M) | Time:00:00.00 | Mem:0.00M, Peak:0.00M | Scene, ViewLayer | Synchronizing object | Elbow joint.001
Fra:1 Mem:17.70M (Peak 17.70M) | Time:00:00.00 | Mem:0.00M, Peak:0.00M | Scene, ViewLayer | Synchronizing object | Gauntlet.001
Fra:1 Mem:17.72M (Peak 17.72M) | Time:00:00.00 | Mem:0.00M, Peak:0.00M | Scene, ViewLayer | Synchronizing object | Glove.001
Fra:1 Mem:17.77M (Peak 17.77M) | Time:00:00.00 | Mem:0.00M, Peak:0.00M | Scene, ViewLayer | Synchronizing object | Wrist display.001
Fra:1 Mem:17.74M (Peak 17.77M) | Time:00:00.00 | Mem:0.00M, Peak:0.00M | Scene, ViewLayer | Synchronizing object | Chest seam
Fra:1 Mem:17.73M (Peak 17.77M) | Time:00:00.00 | Mem:0.00M, Peak:0.00M | Scene, ViewLayer | Synchronizing object | Expedition insignia
Fra:1 Mem:17.76M (Peak 17.77M) | Time:00:00.00 | Mem:0.00M, Peak:0.00M | Scene, ViewLayer | Synchronizing object | Scarf collar
Fra:1 Mem:17.81M (Peak 17.81M) | Time:00:00.00 | Mem:0.00M, Peak:0.00M | Scene, ViewLayer | Synchronizing object | Face
Fra:1 Mem:17.85M (Peak 17.85M) | Time:00:00.00 | Mem:0.00M, Peak:0.00M | Scene, ViewLayer | Synchronizing object | Side hair
Fra:1 Mem:17.88M (Peak 17.88M) | Time:00:00.00 | Mem:0.00M, Peak:0.00M | Scene, ViewLayer | Synchronizing object | Silver fringe
Fra:1 Mem:17.89M (Peak 17.89M) | Time:00:00.00 | Mem:0.00M, Peak:0.00M | Scene, ViewLayer | Synchronizing object | Silver fringe.002
Fra:1 Mem:17.93M (Peak 17.93M) | Time:00:00.00 | Mem:0.00M, Peak:0.00M | Scene, ViewLayer | Synchronizing object | Silver fringe.003
Fra:1 Mem:17.93M (Peak 17.93M) | Time:00:00.00 | Mem:0.00M, Peak:0.00M | Scene, ViewLayer | Synchronizing object | Eye
Fra:1 Mem:17.92M (Peak 17.93M) | Time:00:00.00 | Mem:0.00M, Peak:0.00M | Scene, ViewLayer | Synchronizing object | Eye light
Fra:1 Mem:17.93M (Peak 17.93M) | Time:00:00.00 | Mem:0.00M, Peak:0.00M | Scene, ViewLayer | Synchronizing object | Eye outline.001
Fra:1 Mem:17.93M (Peak 17.93M) | Time:00:00.00 | Mem:0.00M, Peak:0.00M | Scene, ViewLayer | Synchronizing object | Eye.001
Fra:1 Mem:17.96M (Peak 17.96M) | Time:00:00.00 | Mem:0.00M, Peak:0.00M | Scene, ViewLayer | Synchronizing object | Eye light.001
Fra:1 Mem:17.98M (Peak 17.98M) | Time:00:00.00 | Mem:0.00M, Peak:0.00M | Scene, ViewLayer | Synchronizing object | Mouth
Fra:1 Mem:18.09M (Peak 18.09M) | Time:00:00.00 | Mem:0.00M, Peak:0.00M | Scene, ViewLayer | Initializing
Fra:1 Mem:14.95M (Peak 18.09M) | Time:00:00.00 | Mem:0.00M, Peak:0.00M | Scene, ViewLayer | Waiting for render to start
Fra:1 Mem:14.95M (Peak 18.09M) | Time:00:00.00 | Mem:0.00M, Peak:0.00M | Scene, ViewLayer | Updating Scene
Fra:1 Mem:14.95M (Peak 18.09M) | Time:00:00.00 | Mem:0.00M, Peak:0.00M | Scene, ViewLayer | Updating Shaders
Fra:1 Mem:14.95M (Peak 18.09M) | Time:00:00.00 | Mem:0.00M, Peak:0.00M | Scene, ViewLayer | Loading render kernels (may take a few minutes the first time)
Fra:1 Mem:15.04M (Peak 18.09M) | Time:00:00.00 | Mem:0.01M, Peak:0.01M | Scene, ViewLayer | Updating Procedurals
Fra:1 Mem:15.04M (Peak 18.09M) | Time:00:00.00 | Mem:0.01M, Peak:0.01M | Scene, ViewLayer | Updating Background
Fra:1 Mem:15.04M (Peak 18.09M) | Time:00:00.00 | Mem:0.01M, Peak:0.01M | Scene, ViewLayer | Updating Camera
Fra:1 Mem:15.04M (Peak 18.09M) | Time:00:00.00 | Mem:0.01M, Peak:0.01M | Scene, ViewLayer | Updating Meshes Flags
Fra:1 Mem:15.04M (Peak 18.09M) | Time:00:00.00 | Mem:0.01M, Peak:0.01M | Scene, ViewLayer | Updating Objects
Fra:1 Mem:15.04M (Peak 18.09M) | Time:00:00.00 | Mem:0.01M, Peak:0.01M | Scene, ViewLayer | Updating Objects | Copying Transformations to device
Fra:1 Mem:15.05M (Peak 18.09M) | Time:00:00.00 | Mem:0.02M, Peak:0.02M | Scene, ViewLayer | Updating Particle Systems
Fra:1 Mem:15.05M (Peak 18.09M) | Time:00:00.00 | Mem:0.02M, Peak:0.02M | Scene, ViewLayer | Updating Particle Systems | Copying Particles to device
Fra:1 Mem:15.05M (Peak 18.09M) | Time:00:00.00 | Mem:0.02M, Peak:0.02M | Scene, ViewLayer | Updating Meshes
Fra:1 Mem:15.05M (Peak 18.09M) | Time:00:00.00 | Mem:0.02M, Peak:0.02M | Scene, ViewLayer | Updating Objects | Applying Static Transformations
Fra:1 Mem:15.05M (Peak 18.09M) | Time:00:00.00 | Mem:0.02M, Peak:0.02M | Scene, ViewLayer | Updating Mesh | Computing attributes
Fra:1 Mem:15.16M (Peak 18.09M) | Time:00:00.00 | Mem:0.02M, Peak:0.02M | Scene, ViewLayer | Updating Mesh | Copying Attributes to device
Fra:1 Mem:15.16M (Peak 18.09M) | Time:00:00.00 | Mem:0.12M, Peak:0.12M | Scene, ViewLayer | Updating Scene BVH | Building
Fra:1 Mem:15.16M (Peak 18.09M) | Time:00:00.00 | Mem:0.12M, Peak:0.12M | Scene, ViewLayer | Updating Scene BVH | Building BVH
Fra:1 Mem:15.16M (Peak 18.09M) | Time:00:00.00 | Mem:0.79M, Peak:1.09M | Scene, ViewLayer | Updating Scene BVH | Copying BVH to device
Fra:1 Mem:15.16M (Peak 18.09M) | Time:00:00.00 | Mem:0.79M, Peak:1.09M | Scene, ViewLayer | Updating Mesh | Computing normals
Fra:1 Mem:15.51M (Peak 18.09M) | Time:00:00.00 | Mem:0.79M, Peak:1.09M | Scene, ViewLayer | Updating Mesh | Copying Mesh to device
Fra:1 Mem:15.51M (Peak 18.09M) | Time:00:00.00 | Mem:1.14M, Peak:1.14M | Scene, ViewLayer | Updating Objects Flags
Fra:1 Mem:15.51M (Peak 18.09M) | Time:00:00.00 | Mem:1.14M, Peak:1.14M | Scene, ViewLayer | Updating Primitive Offsets
Fra:1 Mem:15.51M (Peak 18.09M) | Time:00:00.00 | Mem:1.14M, Peak:1.14M | Scene, ViewLayer | Updating Images
Fra:1 Mem:15.51M (Peak 18.09M) | Time:00:00.00 | Mem:1.14M, Peak:1.14M | Scene, ViewLayer | Updating Camera Volume
Fra:1 Mem:15.51M (Peak 18.09M) | Time:00:00.00 | Mem:1.14M, Peak:1.14M | Scene, ViewLayer | Updating Lookup Tables
Fra:1 Mem:15.51M (Peak 18.09M) | Time:00:00.00 | Mem:1.22M, Peak:1.22M | Scene, ViewLayer | Updating Lights
Fra:1 Mem:15.51M (Peak 18.09M) | Time:00:00.00 | Mem:1.22M, Peak:1.22M | Scene, ViewLayer | Updating Lights | Computing tree
Fra:1 Mem:15.51M (Peak 18.09M) | Time:00:00.00 | Mem:1.23M, Peak:1.23M | Scene, ViewLayer | Updating Integrator
Fra:1 Mem:15.51M (Peak 18.09M) | Time:00:00.00 | Mem:1.23M, Peak:1.23M | Scene, ViewLayer | Updating Film
Fra:1 Mem:15.51M (Peak 18.09M) | Time:00:00.00 | Mem:1.14M, Peak:1.23M | Scene, ViewLayer | Updating Lookup Tables
Fra:1 Mem:15.51M (Peak 18.09M) | Time:00:00.00 | Mem:1.23M, Peak:1.23M | Scene, ViewLayer | Updating Baking
Fra:1 Mem:15.51M (Peak 18.09M) | Time:00:00.00 | Mem:1.23M, Peak:1.23M | Scene, ViewLayer | Updating Device | Writing constant memory
Fra:1 Mem:15.52M (Peak 18.09M) | Time:00:00.00 | Mem:1.23M, Peak:1.23M | Scene, ViewLayer | Loading denoising kernels (may take a few minutes the first time)
Fra:1 Mem:15.52M (Peak 18.09M) | Time:00:00.00 | Mem:1.23M, Peak:1.23M | Scene, ViewLayer | Sample 0/32
Fra:1 Mem:21.61M (Peak 21.61M) | Time:00:00.00 | Remaining:00:00.09 | Mem:7.17M, Peak:7.17M | Scene, ViewLayer | Sample 1/32
Fra:1 Mem:24.12M (Peak 27.87M) | Time:00:00.22 | Mem:7.17M, Peak:7.17M | Scene, ViewLayer | Sample 32/32
Fra:1 Mem:24.12M (Peak 27.87M) | Time:00:00.22 | Mem:7.17M, Peak:7.17M | Scene, ViewLayer | Finished
Saved: '/Users/al/git/Starbase2/.local/character-frames/captain/left-4.png'
Time: 00:00.23 (Saving: 00:00.00)

Fra:1 Mem:17.31M (Peak 17.31M) | Time:00:00.00 | Mem:0.00M, Peak:0.00M | Scene, ViewLayer | Synchronizing object | Flight armor
Fra:1 Mem:17.31M (Peak 17.31M) | Time:00:00.00 | Mem:0.00M, Peak:0.00M | Scene, ViewLayer | Synchronizing object | Belt pouch
Fra:1 Mem:17.32M (Peak 17.32M) | Time:00:00.00 | Mem:0.00M, Peak:0.00M | Scene, ViewLayer | Synchronizing object | Knee gasket
Fra:1 Mem:17.35M (Peak 17.35M) | Time:00:00.00 | Mem:0.00M, Peak:0.00M | Scene, ViewLayer | Synchronizing object | Knee plate
Fra:1 Mem:17.38M (Peak 17.38M) | Time:00:00.00 | Mem:0.00M, Peak:0.00M | Scene, ViewLayer | Synchronizing object | Boot
Fra:1 Mem:17.41M (Peak 17.41M) | Time:00:00.00 | Mem:0.00M, Peak:0.00M | Scene, ViewLayer | Synchronizing object | Toe plate
Fra:1 Mem:17.46M (Peak 17.46M) | Time:00:00.00 | Mem:0.00M, Peak:0.00M | Scene, ViewLayer | Synchronizing object | Rim
Fra:1 Mem:17.47M (Peak 17.47M) | Time:00:00.00 | Mem:0.00M, Peak:0.00M | Scene, ViewLayer | Synchronizing object | Upper sleeve
Fra:1 Mem:17.52M (Peak 17.52M) | Time:00:00.00 | Mem:0.00M, Peak:0.00M | Scene, ViewLayer | Synchronizing object | Key
Fra:1 Mem:17.51M (Peak 17.52M) | Time:00:00.00 | Mem:0.00M, Peak:0.00M | Scene, ViewLayer | Synchronizing object | Shoulder shell
Fra:1 Mem:17.50M (Peak 17.52M) | Time:00:00.00 | Mem:0.00M, Peak:0.00M | Scene, ViewLayer | Synchronizing object | Gauntlet
Fra:1 Mem:17.53M (Peak 17.53M) | Time:00:00.00 | Mem:0.00M, Peak:0.00M | Scene, ViewLayer | Synchronizing object | Glove
Fra:1 Mem:17.60M (Peak 17.60M) | Time:00:00.00 | Mem:0.00M, Peak:0.00M | Scene, ViewLayer | Synchronizing object | Rear hair locks
Fra:1 Mem:17.60M (Peak 17.60M) | Time:00:00.00 | Mem:0.00M, Peak:0.00M | Scene, ViewLayer | Synchronizing object | Thigh.001
Fra:1 Mem:17.60M (Peak 17.60M) | Time:00:00.00 | Mem:0.00M, Peak:0.00M | Scene, ViewLayer | Synchronizing object | Expedition cape
Fra:1 Mem:17.63M (Peak 17.63M) | Time:00:00.00 | Mem:0.00M, Peak:0.00M | Scene, ViewLayer | Synchronizing object | Knee plate.001
Fra:1 Mem:17.65M (Peak 17.65M) | Time:00:00.00 | Mem:0.00M, Peak:0.00M | Scene, ViewLayer | Synchronizing object | Mouth
Fra:1 Mem:17.70M (Peak 17.70M) | Time:00:00.00 | Mem:0.00M, Peak:0.00M | Scene, ViewLayer | Synchronizing object | Toe plate.001
Fra:1 Mem:17.72M (Peak 17.72M) | Time:00:00.00 | Mem:0.00M, Peak:0.00M | Scene, ViewLayer | Synchronizing object | Boot trim.001
Fra:1 Mem:17.71M (Peak 17.72M) | Time:00:00.00 | Mem:0.00M, Peak:0.00M | Scene, ViewLayer | Synchronizing object | Upper sleeve.001
Fra:1 Mem:17.75M (Peak 17.75M) | Time:00:00.00 | Mem:0.00M, Peak:0.00M | Scene, ViewLayer | Synchronizing object | Mission stripe.001
Fra:1 Mem:17.75M (Peak 17.75M) | Time:00:00.00 | Mem:0.00M, Peak:0.00M | Scene, ViewLayer | Synchronizing object | Elbow joint.001
Fra:1 Mem:17.76M (Peak 17.76M) | Time:00:00.00 | Mem:0.00M, Peak:0.00M | Scene, ViewLayer | Synchronizing object | Glove.001
Fra:1 Mem:17.78M (Peak 17.78M) | Time:00:00.00 | Mem:0.00M, Peak:0.00M | Scene, ViewLayer | Synchronizing object | Wrist display.001
Fra:1 Mem:17.79M (Peak 17.79M) | Time:00:00.00 | Mem:0.00M, Peak:0.00M | Scene, ViewLayer | Synchronizing object | Chest cuirass
Fra:1 Mem:17.83M (Peak 17.83M) | Time:00:00.00 | Mem:0.00M, Peak:0.00M | Scene, ViewLayer | Synchronizing object | Chest seam
Fra:1 Mem:17.88M (Peak 17.88M) | Time:00:00.00 | Mem:0.00M, Peak:0.00M | Scene, ViewLayer | Synchronizing object | Eye light.001
Fra:1 Mem:17.87M (Peak 17.88M) | Time:00:00.00 | Mem:0.00M, Peak:0.00M | Scene, ViewLayer | Synchronizing object | Scarf collar
Fra:1 Mem:17.90M (Peak 17.90M) | Time:00:00.00 | Mem:0.00M, Peak:0.00M | Scene, ViewLayer | Synchronizing object | Side hair
Fra:1 Mem:17.91M (Peak 17.91M) | Time:00:00.00 | Mem:0.00M, Peak:0.00M | Scene, ViewLayer | Synchronizing object | Side hair.001
Fra:1 Mem:17.95M (Peak 17.95M) | Time:00:00.00 | Mem:0.00M, Peak:0.00M | Scene, ViewLayer | Synchronizing object | Eye.001
Fra:1 Mem:17.96M (Peak 17.96M) | Time:00:00.00 | Mem:0.00M, Peak:0.00M | Scene, ViewLayer | Synchronizing object | Silver fringe.001
Fra:1 Mem:17.98M (Peak 17.98M) | Time:00:00.00 | Mem:0.00M, Peak:0.00M | Scene, ViewLayer | Synchronizing object | Silver fringe.002
Fra:1 Mem:17.97M (Peak 17.98M) | Time:00:00.00 | Mem:0.00M, Peak:0.00M | Scene, ViewLayer | Synchronizing object | Silver fringe.003
Fra:1 Mem:17.98M (Peak 17.98M) | Time:00:00.00 | Mem:0.00M, Peak:0.00M | Scene, ViewLayer | Synchronizing object | Eye outline
Fra:1 Mem:17.99M (Peak 17.99M) | Time:00:00.00 | Mem:0.00M, Peak:0.00M | Scene, ViewLayer | Synchronizing object | Eye light
Fra:1 Mem:17.99M (Peak 17.99M) | Time:00:00.00 | Mem:0.00M, Peak:0.00M | Scene, ViewLayer | Synchronizing object | Eye outline.001
Fra:1 Mem:18.09M (Peak 18.09M) | Time:00:00.00 | Mem:0.00M, Peak:0.00M | Scene, ViewLayer | Initializing
Fra:1 Mem:14.95M (Peak 18.09M) | Time:00:00.00 | Mem:0.00M, Peak:0.00M | Scene, ViewLayer | Waiting for render to start
Fra:1 Mem:14.95M (Peak 18.09M) | Time:00:00.00 | Mem:0.00M, Peak:0.00M | Scene, ViewLayer | Updating Scene
Fra:1 Mem:14.95M (Peak 18.09M) | Time:00:00.00 | Mem:0.00M, Peak:0.00M | Scene, ViewLayer | Updating Shaders
Fra:1 Mem:14.95M (Peak 18.09M) | Time:00:00.00 | Mem:0.00M, Peak:0.00M | Scene, ViewLayer | Loading render kernels (may take a few minutes the first time)
Fra:1 Mem:15.04M (Peak 18.09M) | Time:00:00.00 | Mem:0.01M, Peak:0.01M | Scene, ViewLayer | Updating Procedurals
Fra:1 Mem:15.04M (Peak 18.09M) | Time:00:00.00 | Mem:0.01M, Peak:0.01M | Scene, ViewLayer | Updating Background
Fra:1 Mem:15.04M (Peak 18.09M) | Time:00:00.00 | Mem:0.01M, Peak:0.01M | Scene, ViewLayer | Updating Camera
Fra:1 Mem:15.04M (Peak 18.09M) | Time:00:00.00 | Mem:0.01M, Peak:0.01M | Scene, ViewLayer | Updating Meshes Flags
Fra:1 Mem:15.04M (Peak 18.09M) | Time:00:00.00 | Mem:0.01M, Peak:0.01M | Scene, ViewLayer | Updating Objects
Fra:1 Mem:15.04M (Peak 18.09M) | Time:00:00.00 | Mem:0.01M, Peak:0.01M | Scene, ViewLayer | Updating Objects | Copying Transformations to device
Fra:1 Mem:15.05M (Peak 18.09M) | Time:00:00.00 | Mem:0.02M, Peak:0.02M | Scene, ViewLayer | Updating Particle Systems
Fra:1 Mem:15.05M (Peak 18.09M) | Time:00:00.00 | Mem:0.02M, Peak:0.02M | Scene, ViewLayer | Updating Particle Systems | Copying Particles to device
Fra:1 Mem:15.05M (Peak 18.09M) | Time:00:00.00 | Mem:0.02M, Peak:0.02M | Scene, ViewLayer | Updating Meshes
Fra:1 Mem:15.05M (Peak 18.09M) | Time:00:00.00 | Mem:0.02M, Peak:0.02M | Scene, ViewLayer | Updating Objects | Applying Static Transformations
Fra:1 Mem:15.05M (Peak 18.09M) | Time:00:00.00 | Mem:0.02M, Peak:0.02M | Scene, ViewLayer | Updating Mesh | Computing attributes
Fra:1 Mem:15.16M (Peak 18.09M) | Time:00:00.00 | Mem:0.02M, Peak:0.02M | Scene, ViewLayer | Updating Mesh | Copying Attributes to device
Fra:1 Mem:15.16M (Peak 18.09M) | Time:00:00.00 | Mem:0.12M, Peak:0.12M | Scene, ViewLayer | Updating Scene BVH | Building
Fra:1 Mem:15.16M (Peak 18.09M) | Time:00:00.00 | Mem:0.12M, Peak:0.12M | Scene, ViewLayer | Updating Scene BVH | Building BVH
Fra:1 Mem:15.16M (Peak 18.09M) | Time:00:00.00 | Mem:0.43M, Peak:0.43M | Scene, ViewLayer | Updating Scene BVH | Building BVH 0%
Fra:1 Mem:15.16M (Peak 18.09M) | Time:00:00.00 | Mem:0.76M, Peak:1.06M | Scene, ViewLayer | Updating Scene BVH | Copying BVH to device
Fra:1 Mem:15.16M (Peak 18.09M) | Time:00:00.00 | Mem:0.76M, Peak:1.06M | Scene, ViewLayer | Updating Mesh | Computing normals
Fra:1 Mem:15.51M (Peak 18.09M) | Time:00:00.00 | Mem:0.76M, Peak:1.06M | Scene, ViewLayer | Updating Mesh | Copying Mesh to device
Fra:1 Mem:15.51M (Peak 18.09M) | Time:00:00.00 | Mem:1.11M, Peak:1.11M | Scene, ViewLayer | Updating Objects Flags
Fra:1 Mem:15.51M (Peak 18.09M) | Time:00:00.00 | Mem:1.11M, Peak:1.11M | Scene, ViewLayer | Updating Primitive Offsets
Fra:1 Mem:15.51M (Peak 18.09M) | Time:00:00.00 | Mem:1.11M, Peak:1.11M | Scene, ViewLayer | Updating Images
Fra:1 Mem:15.51M (Peak 18.09M) | Time:00:00.00 | Mem:1.11M, Peak:1.11M | Scene, ViewLayer | Updating Camera Volume
Fra:1 Mem:15.51M (Peak 18.09M) | Time:00:00.00 | Mem:1.11M, Peak:1.11M | Scene, ViewLayer | Updating Lookup Tables
Fra:1 Mem:15.51M (Peak 18.09M) | Time:00:00.00 | Mem:1.19M, Peak:1.19M | Scene, ViewLayer | Updating Lights
Fra:1 Mem:15.51M (Peak 18.09M) | Time:00:00.00 | Mem:1.19M, Peak:1.19M | Scene, ViewLayer | Updating Lights | Computing tree
Fra:1 Mem:15.51M (Peak 18.09M) | Time:00:00.00 | Mem:1.19M, Peak:1.19M | Scene, ViewLayer | Updating Integrator
Fra:1 Mem:15.51M (Peak 18.09M) | Time:00:00.00 | Mem:1.19M, Peak:1.19M | Scene, ViewLayer | Updating Film
Fra:1 Mem:15.51M (Peak 18.09M) | Time:00:00.00 | Mem:1.11M, Peak:1.19M | Scene, ViewLayer | Updating Lookup Tables
Fra:1 Mem:15.51M (Peak 18.09M) | Time:00:00.00 | Mem:1.20M, Peak:1.20M | Scene, ViewLayer | Updating Baking
Fra:1 Mem:15.51M (Peak 18.09M) | Time:00:00.00 | Mem:1.20M, Peak:1.20M | Scene, ViewLayer | Updating Device | Writing constant memory
Fra:1 Mem:15.52M (Peak 18.09M) | Time:00:00.00 | Mem:1.20M, Peak:1.20M | Scene, ViewLayer | Loading denoising kernels (may take a few minutes the first time)
Fra:1 Mem:15.52M (Peak 18.09M) | Time:00:00.00 | Mem:1.20M, Peak:1.20M | Scene, ViewLayer | Sample 0/32
Fra:1 Mem:21.61M (Peak 21.61M) | Time:00:00.00 | Remaining:00:00.10 | Mem:7.14M, Peak:7.14M | Scene, ViewLayer | Sample 1/32
Fra:1 Mem:24.12M (Peak 27.87M) | Time:00:00.23 | Mem:7.14M, Peak:7.14M | Scene, ViewLayer | Sample 32/32
Fra:1 Mem:24.12M (Peak 27.87M) | Time:00:00.23 | Mem:7.14M, Peak:7.14M | Scene, ViewLayer | Finished
Saved: '/Users/al/git/Starbase2/.local/character-frames/captain/left-5.png'
Time: 00:00.23 (Saving: 00:00.00)

Fra:1 Mem:17.31M (Peak 17.31M) | Time:00:00.00 | Mem:0.00M, Peak:0.00M | Scene, ViewLayer | Synchronizing object | Flight armor
Fra:1 Mem:17.31M (Peak 17.31M) | Time:00:00.00 | Mem:0.00M, Peak:0.00M | Scene, ViewLayer | Synchronizing object | Knee gasket
Fra:1 Mem:17.34M (Peak 17.34M) | Time:00:00.00 | Mem:0.00M, Peak:0.00M | Scene, ViewLayer | Synchronizing object | Knee plate
Fra:1 Mem:17.35M (Peak 17.35M) | Time:00:00.00 | Mem:0.00M, Peak:0.00M | Scene, ViewLayer | Synchronizing object | Shin
Fra:1 Mem:17.37M (Peak 17.37M) | Time:00:00.00 | Mem:0.00M, Peak:0.00M | Scene, ViewLayer | Synchronizing object | Boot
Fra:1 Mem:17.45M (Peak 17.45M) | Time:00:00.00 | Mem:0.00M, Peak:0.00M | Scene, ViewLayer | Synchronizing object | Toe plate
Fra:1 Mem:17.46M (Peak 17.46M) | Time:00:00.00 | Mem:0.00M, Peak:0.00M | Scene, ViewLayer | Synchronizing object | Rim
Fra:1 Mem:17.50M (Peak 17.50M) | Time:00:00.00 | Mem:0.00M, Peak:0.00M | Scene, ViewLayer | Synchronizing object | Key
Fra:1 Mem:17.53M (Peak 17.53M) | Time:00:00.00 | Mem:0.00M, Peak:0.00M | Scene, ViewLayer | Synchronizing object | Rear hair locks.001
Fra:1 Mem:17.55M (Peak 17.55M) | Time:00:00.00 | Mem:0.00M, Peak:0.00M | Scene, ViewLayer | Synchronizing object | Rear hair locks
Fra:1 Mem:17.54M (Peak 17.55M) | Time:00:00.00 | Mem:0.00M, Peak:0.00M | Scene, ViewLayer | Synchronizing object | Mission stripe
Fra:1 Mem:17.53M (Peak 17.55M) | Time:00:00.00 | Mem:0.00M, Peak:0.00M | Scene, ViewLayer | Synchronizing object | Elbow joint
Fra:1 Mem:17.55M (Peak 17.55M) | Time:00:00.00 | Mem:0.00M, Peak:0.00M | Scene, ViewLayer | Synchronizing object | Gauntlet
Fra:1 Mem:17.60M (Peak 17.60M) | Time:00:00.00 | Mem:0.00M, Peak:0.00M | Scene, ViewLayer | Synchronizing object | Wrist display
Fra:1 Mem:17.61M (Peak 17.61M) | Time:00:00.00 | Mem:0.00M, Peak:0.00M | Scene, ViewLayer | Synchronizing object | Thigh.001
Fra:1 Mem:17.61M (Peak 17.61M) | Time:00:00.00 | Mem:0.00M, Peak:0.00M | Scene, ViewLayer | Synchronizing object | Shin.001
Fra:1 Mem:17.63M (Peak 17.63M) | Time:00:00.00 | Mem:0.00M, Peak:0.00M | Scene, ViewLayer | Synchronizing object | Boot.001
Fra:1 Mem:17.65M (Peak 17.65M) | Time:00:00.00 | Mem:0.00M, Peak:0.00M | Scene, ViewLayer | Synchronizing object | Toe plate.001
Fra:1 Mem:17.71M (Peak 17.71M) | Time:00:00.00 | Mem:0.00M, Peak:0.00M | Scene, ViewLayer | Synchronizing object | Boot trim.001
Fra:1 Mem:17.74M (Peak 17.75M) | Time:00:00.00 | Mem:0.00M, Peak:0.00M | Scene, ViewLayer | Synchronizing object | Upper sleeve.001
Fra:1 Mem:17.71M (Peak 17.75M) | Time:00:00.00 | Mem:0.00M, Peak:0.00M | Scene, ViewLayer | Synchronizing object | Mission stripe.001
Fra:1 Mem:17.76M (Peak 17.77M) | Time:00:00.00 | Mem:0.00M, Peak:0.00M | Scene, ViewLayer | Synchronizing object | Elbow joint.001
Fra:1 Mem:17.79M (Peak 17.79M) | Time:00:00.00 | Mem:0.00M, Peak:0.00M | Scene, ViewLayer | Synchronizing object | Gauntlet.001
Fra:1 Mem:17.80M (Peak 17.80M) | Time:00:00.00 | Mem:0.00M, Peak:0.00M | Scene, ViewLayer | Synchronizing object | Glove.001
Fra:1 Mem:17.82M (Peak 17.81M) | Time:00:00.00 | Mem:0.00M, Peak:0.00M | Scene, ViewLayer | Synchronizing object | Expedition insignia
Fra:1 Mem:17.80M (Peak 17.81M) | Time:00:00.00 | Mem:0.00M, Peak:0.00M | Scene, ViewLayer | Synchronizing object | Scarf collar
Fra:1 Mem:17.82M (Peak 17.82M) | Time:00:00.00 | Mem:0.00M, Peak:0.00M | Scene, ViewLayer | Synchronizing object | Face
Fra:1 Mem:17.84M (Peak 17.84M) | Time:00:00.00 | Mem:0.00M, Peak:0.00M | Scene, ViewLayer | Synchronizing object | Hair crown
Fra:1 Mem:17.85M (Peak 17.85M) | Time:00:00.00 | Mem:0.00M, Peak:0.00M | Scene, ViewLayer | Synchronizing object | Side hair
Fra:1 Mem:17.88M (Peak 17.88M) | Time:00:00.00 | Mem:0.00M, Peak:0.00M | Scene, ViewLayer | Synchronizing object | Side hair.001
Fra:1 Mem:17.87M (Peak 17.88M) | Time:00:00.00 | Mem:0.00M, Peak:0.00M | Scene, ViewLayer | Synchronizing object | Silver fringe
Fra:1 Mem:17.88M (Peak 17.88M) | Time:00:00.00 | Mem:0.00M, Peak:0.00M | Scene, ViewLayer | Synchronizing object | Silver fringe.001
Fra:1 Mem:17.91M (Peak 17.91M) | Time:00:00.00 | Mem:0.00M, Peak:0.00M | Scene, ViewLayer | Synchronizing object | Silver fringe.002
Fra:1 Mem:17.94M (Peak 17.94M) | Time:00:00.00 | Mem:0.00M, Peak:0.00M | Scene, ViewLayer | Synchronizing object | Eye light.001
Fra:1 Mem:17.97M (Peak 17.97M) | Time:00:00.00 | Mem:0.00M, Peak:0.00M | Scene, ViewLayer | Synchronizing object | Eye light
Fra:1 Mem:17.97M (Peak 17.97M) | Time:00:00.00 | Mem:0.00M, Peak:0.00M | Scene, ViewLayer | Synchronizing object | Eye outline.001
Fra:1 Mem:17.99M (Peak 17.99M) | Time:00:00.00 | Mem:0.00M, Peak:0.00M | Scene, ViewLayer | Synchronizing object | Eye.001
Fra:1 Mem:18.09M (Peak 18.09M) | Time:00:00.00 | Mem:0.00M, Peak:0.00M | Scene, ViewLayer | Initializing
Fra:1 Mem:14.95M (Peak 18.09M) | Time:00:00.00 | Mem:0.00M, Peak:0.00M | Scene, ViewLayer | Waiting for render to start
Fra:1 Mem:14.95M (Peak 18.09M) | Time:00:00.00 | Mem:0.00M, Peak:0.00M | Scene, ViewLayer | Updating Scene
Fra:1 Mem:14.95M (Peak 18.09M) | Time:00:00.00 | Mem:0.00M, Peak:0.00M | Scene, ViewLayer | Updating Shaders
Fra:1 Mem:14.95M (Peak 18.09M) | Time:00:00.00 | Mem:0.00M, Peak:0.00M | Scene, ViewLayer | Loading render kernels (may take a few minutes the first time)
Fra:1 Mem:15.04M (Peak 18.09M) | Time:00:00.00 | Mem:0.01M, Peak:0.01M | Scene, ViewLayer | Updating Procedurals
Fra:1 Mem:15.04M (Peak 18.09M) | Time:00:00.00 | Mem:0.01M, Peak:0.01M | Scene, ViewLayer | Updating Background
Fra:1 Mem:15.04M (Peak 18.09M) | Time:00:00.00 | Mem:0.01M, Peak:0.01M | Scene, ViewLayer | Updating Camera
Fra:1 Mem:15.04M (Peak 18.09M) | Time:00:00.00 | Mem:0.01M, Peak:0.01M | Scene, ViewLayer | Updating Meshes Flags
Fra:1 Mem:15.04M (Peak 18.09M) | Time:00:00.00 | Mem:0.01M, Peak:0.01M | Scene, ViewLayer | Updating Objects
Fra:1 Mem:15.04M (Peak 18.09M) | Time:00:00.00 | Mem:0.01M, Peak:0.01M | Scene, ViewLayer | Updating Objects | Copying Transformations to device
Fra:1 Mem:15.05M (Peak 18.09M) | Time:00:00.00 | Mem:0.02M, Peak:0.02M | Scene, ViewLayer | Updating Particle Systems
Fra:1 Mem:15.05M (Peak 18.09M) | Time:00:00.00 | Mem:0.02M, Peak:0.02M | Scene, ViewLayer | Updating Particle Systems | Copying Particles to device
Fra:1 Mem:15.05M (Peak 18.09M) | Time:00:00.00 | Mem:0.02M, Peak:0.02M | Scene, ViewLayer | Updating Meshes
Fra:1 Mem:15.05M (Peak 18.09M) | Time:00:00.00 | Mem:0.02M, Peak:0.02M | Scene, ViewLayer | Updating Objects | Applying Static Transformations
Fra:1 Mem:15.05M (Peak 18.09M) | Time:00:00.00 | Mem:0.02M, Peak:0.02M | Scene, ViewLayer | Updating Mesh | Computing attributes
Fra:1 Mem:15.16M (Peak 18.09M) | Time:00:00.00 | Mem:0.02M, Peak:0.02M | Scene, ViewLayer | Updating Mesh | Copying Attributes to device
Fra:1 Mem:15.16M (Peak 18.09M) | Time:00:00.00 | Mem:0.12M, Peak:0.12M | Scene, ViewLayer | Updating Scene BVH | Building
Fra:1 Mem:15.16M (Peak 18.09M) | Time:00:00.00 | Mem:0.12M, Peak:0.12M | Scene, ViewLayer | Updating Scene BVH | Building BVH
Fra:1 Mem:15.16M (Peak 18.09M) | Time:00:00.00 | Mem:0.79M, Peak:1.09M | Scene, ViewLayer | Updating Scene BVH | Copying BVH to device
Fra:1 Mem:15.16M (Peak 18.09M) | Time:00:00.00 | Mem:0.79M, Peak:1.09M | Scene, ViewLayer | Updating Mesh | Computing normals
Fra:1 Mem:15.51M (Peak 18.09M) | Time:00:00.00 | Mem:0.79M, Peak:1.09M | Scene, ViewLayer | Updating Mesh | Copying Mesh to device
Fra:1 Mem:15.51M (Peak 18.09M) | Time:00:00.00 | Mem:1.14M, Peak:1.14M | Scene, ViewLayer | Updating Objects Flags
Fra:1 Mem:15.51M (Peak 18.09M) | Time:00:00.00 | Mem:1.14M, Peak:1.14M | Scene, ViewLayer | Updating Primitive Offsets
Fra:1 Mem:15.51M (Peak 18.09M) | Time:00:00.00 | Mem:1.14M, Peak:1.14M | Scene, ViewLayer | Updating Images
Fra:1 Mem:15.51M (Peak 18.09M) | Time:00:00.00 | Mem:1.14M, Peak:1.14M | Scene, ViewLayer | Updating Camera Volume
Fra:1 Mem:15.51M (Peak 18.09M) | Time:00:00.00 | Mem:1.14M, Peak:1.14M | Scene, ViewLayer | Updating Lookup Tables
Fra:1 Mem:15.51M (Peak 18.09M) | Time:00:00.00 | Mem:1.22M, Peak:1.22M | Scene, ViewLayer | Updating Lights
Fra:1 Mem:15.51M (Peak 18.09M) | Time:00:00.00 | Mem:1.22M, Peak:1.22M | Scene, ViewLayer | Updating Lights | Computing tree
Fra:1 Mem:15.51M (Peak 18.09M) | Time:00:00.00 | Mem:1.23M, Peak:1.23M | Scene, ViewLayer | Updating Integrator
Fra:1 Mem:15.51M (Peak 18.09M) | Time:00:00.00 | Mem:1.23M, Peak:1.23M | Scene, ViewLayer | Updating Film
Fra:1 Mem:15.51M (Peak 18.09M) | Time:00:00.00 | Mem:1.14M, Peak:1.23M | Scene, ViewLayer | Updating Lookup Tables
Fra:1 Mem:15.51M (Peak 18.09M) | Time:00:00.00 | Mem:1.23M, Peak:1.23M | Scene, ViewLayer | Updating Baking
Fra:1 Mem:15.51M (Peak 18.09M) | Time:00:00.00 | Mem:1.23M, Peak:1.23M | Scene, ViewLayer | Updating Device | Writing constant memory
Fra:1 Mem:15.52M (Peak 18.09M) | Time:00:00.00 | Mem:1.23M, Peak:1.23M | Scene, ViewLayer | Loading denoising kernels (may take a few minutes the first time)
Fra:1 Mem:15.52M (Peak 18.09M) | Time:00:00.00 | Mem:1.23M, Peak:1.23M | Scene, ViewLayer | Sample 0/32
Fra:1 Mem:21.61M (Peak 21.61M) | Time:00:00.00 | Remaining:00:00.09 | Mem:7.17M, Peak:7.17M | Scene, ViewLayer | Sample 1/32
Fra:1 Mem:24.12M (Peak 27.87M) | Time:00:00.22 | Mem:7.17M, Peak:7.17M | Scene, ViewLayer | Sample 32/32
Fra:1 Mem:24.12M (Peak 27.87M) | Time:00:00.22 | Mem:7.17M, Peak:7.17M | Scene, ViewLayer | Finished
Saved: '/Users/al/git/Starbase2/.local/character-frames/captain/left-6.png'
Time: 00:00.22 (Saving: 00:00.00)

Fra:1 Mem:17.31M (Peak 17.31M) | Time:00:00.00 | Mem:0.00M, Peak:0.00M | Scene, ViewLayer | Synchronizing object | Flight armor
Fra:1 Mem:17.31M (Peak 17.32M) | Time:00:00.00 | Mem:0.00M, Peak:0.00M | Scene, ViewLayer | Synchronizing object | Thigh
Fra:1 Mem:17.33M (Peak 17.33M) | Time:00:00.00 | Mem:0.00M, Peak:0.00M | Scene, ViewLayer | Synchronizing object | Knee plate
Fra:1 Mem:17.35M (Peak 17.35M) | Time:00:00.00 | Mem:0.00M, Peak:0.00M | Scene, ViewLayer | Synchronizing object | Shin
Fra:1 Mem:17.37M (Peak 17.37M) | Time:00:00.00 | Mem:0.00M, Peak:0.00M | Scene, ViewLayer | Synchronizing object | Boot
Fra:1 Mem:17.41M (Peak 17.41M) | Time:00:00.00 | Mem:0.00M, Peak:0.00M | Scene, ViewLayer | Synchronizing object | Toe plate
Fra:1 Mem:17.52M (Peak 17.52M) | Time:00:00.00 | Mem:0.00M, Peak:0.00M | Scene, ViewLayer | Synchronizing object | Boot trim
Fra:1 Mem:17.57M (Peak 17.57M) | Time:00:00.00 | Mem:0.00M, Peak:0.00M | Scene, ViewLayer | Synchronizing object | Rim
Fra:1 Mem:17.61M (Peak 17.60M) | Time:00:00.00 | Mem:0.00M, Peak:0.00M | Scene, ViewLayer | Synchronizing object | Shoulder shell
Fra:1 Mem:17.59M (Peak 17.60M) | Time:00:00.00 | Mem:0.00M, Peak:0.00M | Scene, ViewLayer | Synchronizing object | Mission stripe
Fra:1 Mem:17.59M (Peak 17.60M) | Time:00:00.00 | Mem:0.00M, Peak:0.00M | Scene, ViewLayer | Synchronizing object | Rear hair locks.001
Fra:1 Mem:17.59M (Peak 17.60M) | Time:00:00.00 | Mem:0.00M, Peak:0.00M | Scene, ViewLayer | Synchronizing object | Elbow joint
Fra:1 Mem:17.58M (Peak 17.60M) | Time:00:00.00 | Mem:0.00M, Peak:0.00M | Scene, ViewLayer | Synchronizing object | Glove
Fra:1 Mem:17.63M (Peak 17.63M) | Time:00:00.00 | Mem:0.00M, Peak:0.00M | Scene, ViewLayer | Synchronizing object | Wrist display
Fra:1 Mem:17.58M (Peak 17.63M) | Time:00:00.00 | Mem:0.00M, Peak:0.00M | Scene, ViewLayer | Synchronizing object | Thigh.001
Fra:1 Mem:17.62M (Peak 17.63M) | Time:00:00.00 | Mem:0.00M, Peak:0.00M | Scene, ViewLayer | Synchronizing object | Boot.001
Fra:1 Mem:17.62M (Peak 17.63M) | Time:00:00.00 | Mem:0.00M, Peak:0.00M | Scene, ViewLayer | Synchronizing object | Expedition cape
Fra:1 Mem:17.62M (Peak 17.63M) | Time:00:00.00 | Mem:0.00M, Peak:0.00M | Scene, ViewLayer | Synchronizing object | Toe plate.001
Fra:1 Mem:17.64M (Peak 17.64M) | Time:00:00.00 | Mem:0.00M, Peak:0.00M | Scene, ViewLayer | Synchronizing object | Boot trim.001
Fra:1 Mem:17.72M (Peak 17.72M) | Time:00:00.00 | Mem:0.00M, Peak:0.00M | Scene, ViewLayer | Synchronizing object | Shoulder shell.001
Fra:1 Mem:17.75M (Peak 17.75M) | Time:00:00.00 | Mem:0.00M, Peak:0.00M | Scene, ViewLayer | Synchronizing object | Mission stripe.001
Fra:1 Mem:17.71M (Peak 17.75M) | Time:00:00.00 | Mem:0.00M, Peak:0.00M | Scene, ViewLayer | Synchronizing object | Elbow joint.001
Fra:1 Mem:17.74M (Peak 17.75M) | Time:00:00.00 | Mem:0.00M, Peak:0.00M | Scene, ViewLayer | Synchronizing object | Glove.001
Fra:1 Mem:17.78M (Peak 17.78M) | Time:00:00.00 | Mem:0.00M, Peak:0.00M | Scene, ViewLayer | Synchronizing object | Chest seam
Fra:1 Mem:17.80M (Peak 17.80M) | Time:00:00.00 | Mem:0.00M, Peak:0.00M | Scene, ViewLayer | Synchronizing object | Expedition insignia
Fra:1 Mem:17.81M (Peak 17.81M) | Time:00:00.00 | Mem:0.00M, Peak:0.00M | Scene, ViewLayer | Synchronizing object | Scarf collar
Fra:1 Mem:17.82M (Peak 17.82M) | Time:00:00.00 | Mem:0.00M, Peak:0.00M | Scene, ViewLayer | Synchronizing object | Face
Fra:1 Mem:17.86M (Peak 17.87M) | Time:00:00.00 | Mem:0.00M, Peak:0.00M | Scene, ViewLayer | Synchronizing object | Side hair
Fra:1 Mem:17.90M (Peak 17.90M) | Time:00:00.00 | Mem:0.00M, Peak:0.00M | Scene, ViewLayer | Synchronizing object | Silver fringe
Fra:1 Mem:17.90M (Peak 17.90M) | Time:00:00.00 | Mem:0.00M, Peak:0.00M | Scene, ViewLayer | Synchronizing object | Silver fringe.001
Fra:1 Mem:17.90M (Peak 17.90M) | Time:00:00.00 | Mem:0.00M, Peak:0.00M | Scene, ViewLayer | Synchronizing object | Silver fringe.002
Fra:1 Mem:17.89M (Peak 17.90M) | Time:00:00.00 | Mem:0.00M, Peak:0.00M | Scene, ViewLayer | Synchronizing object | Silver fringe.003
Fra:1 Mem:17.91M (Peak 17.91M) | Time:00:00.00 | Mem:0.00M, Peak:0.00M | Scene, ViewLayer | Synchronizing object | Eye
Fra:1 Mem:17.95M (Peak 17.95M) | Time:00:00.00 | Mem:0.00M, Peak:0.00M | Scene, ViewLayer | Synchronizing object | Eye light
Fra:1 Mem:17.97M (Peak 17.97M) | Time:00:00.00 | Mem:0.00M, Peak:0.00M | Scene, ViewLayer | Synchronizing object | Eye.001
Fra:1 Mem:17.98M (Peak 17.98M) | Time:00:00.00 | Mem:0.00M, Peak:0.00M | Scene, ViewLayer | Synchronizing object | Eye light.001
Fra:1 Mem:18.09M (Peak 18.09M) | Time:00:00.00 | Mem:0.00M, Peak:0.00M | Scene, ViewLayer | Initializing
Fra:1 Mem:14.95M (Peak 18.09M) | Time:00:00.00 | Mem:0.00M, Peak:0.00M | Scene, ViewLayer | Waiting for render to start
Fra:1 Mem:14.95M (Peak 18.09M) | Time:00:00.00 | Mem:0.00M, Peak:0.00M | Scene, ViewLayer | Updating Scene
Fra:1 Mem:14.95M (Peak 18.09M) | Time:00:00.00 | Mem:0.00M, Peak:0.00M | Scene, ViewLayer | Updating Shaders
Fra:1 Mem:14.95M (Peak 18.09M) | Time:00:00.00 | Mem:0.00M, Peak:0.00M | Scene, ViewLayer | Loading render kernels (may take a few minutes the first time)
Fra:1 Mem:15.04M (Peak 18.09M) | Time:00:00.00 | Mem:0.01M, Peak:0.01M | Scene, ViewLayer | Updating Procedurals
Fra:1 Mem:15.04M (Peak 18.09M) | Time:00:00.00 | Mem:0.01M, Peak:0.01M | Scene, ViewLayer | Updating Background
Fra:1 Mem:15.04M (Peak 18.09M) | Time:00:00.00 | Mem:0.01M, Peak:0.01M | Scene, ViewLayer | Updating Camera
Fra:1 Mem:15.04M (Peak 18.09M) | Time:00:00.00 | Mem:0.01M, Peak:0.01M | Scene, ViewLayer | Updating Meshes Flags
Fra:1 Mem:15.04M (Peak 18.09M) | Time:00:00.00 | Mem:0.01M, Peak:0.01M | Scene, ViewLayer | Updating Objects
Fra:1 Mem:15.04M (Peak 18.09M) | Time:00:00.00 | Mem:0.01M, Peak:0.01M | Scene, ViewLayer | Updating Objects | Copying Transformations to device
Fra:1 Mem:15.05M (Peak 18.09M) | Time:00:00.00 | Mem:0.02M, Peak:0.02M | Scene, ViewLayer | Updating Particle Systems
Fra:1 Mem:15.05M (Peak 18.09M) | Time:00:00.00 | Mem:0.02M, Peak:0.02M | Scene, ViewLayer | Updating Particle Systems | Copying Particles to device
Fra:1 Mem:15.05M (Peak 18.09M) | Time:00:00.00 | Mem:0.02M, Peak:0.02M | Scene, ViewLayer | Updating Meshes
Fra:1 Mem:15.05M (Peak 18.09M) | Time:00:00.00 | Mem:0.02M, Peak:0.02M | Scene, ViewLayer | Updating Objects | Applying Static Transformations
Fra:1 Mem:15.05M (Peak 18.09M) | Time:00:00.00 | Mem:0.02M, Peak:0.02M | Scene, ViewLayer | Updating Mesh | Computing attributes
Fra:1 Mem:15.16M (Peak 18.09M) | Time:00:00.00 | Mem:0.02M, Peak:0.02M | Scene, ViewLayer | Updating Mesh | Copying Attributes to device
Fra:1 Mem:15.16M (Peak 18.09M) | Time:00:00.00 | Mem:0.12M, Peak:0.12M | Scene, ViewLayer | Updating Scene BVH | Building
Fra:1 Mem:15.16M (Peak 18.09M) | Time:00:00.00 | Mem:0.12M, Peak:0.12M | Scene, ViewLayer | Updating Scene BVH | Building BVH
Fra:1 Mem:15.16M (Peak 18.09M) | Time:00:00.00 | Mem:0.43M, Peak:0.43M | Scene, ViewLayer | Updating Scene BVH | Building BVH 0%
Fra:1 Mem:15.16M (Peak 18.09M) | Time:00:00.00 | Mem:0.76M, Peak:1.06M | Scene, ViewLayer | Updating Scene BVH | Copying BVH to device
Fra:1 Mem:15.16M (Peak 18.09M) | Time:00:00.00 | Mem:0.76M, Peak:1.06M | Scene, ViewLayer | Updating Mesh | Computing normals
Fra:1 Mem:15.51M (Peak 18.09M) | Time:00:00.00 | Mem:0.76M, Peak:1.06M | Scene, ViewLayer | Updating Mesh | Copying Mesh to device
Fra:1 Mem:15.51M (Peak 18.09M) | Time:00:00.00 | Mem:1.11M, Peak:1.11M | Scene, ViewLayer | Updating Objects Flags
Fra:1 Mem:15.51M (Peak 18.09M) | Time:00:00.00 | Mem:1.11M, Peak:1.11M | Scene, ViewLayer | Updating Primitive Offsets
Fra:1 Mem:15.51M (Peak 18.09M) | Time:00:00.00 | Mem:1.11M, Peak:1.11M | Scene, ViewLayer | Updating Images
Fra:1 Mem:15.51M (Peak 18.09M) | Time:00:00.00 | Mem:1.11M, Peak:1.11M | Scene, ViewLayer | Updating Camera Volume
Fra:1 Mem:15.51M (Peak 18.09M) | Time:00:00.00 | Mem:1.11M, Peak:1.11M | Scene, ViewLayer | Updating Lookup Tables
Fra:1 Mem:15.51M (Peak 18.09M) | Time:00:00.00 | Mem:1.19M, Peak:1.19M | Scene, ViewLayer | Updating Lights
Fra:1 Mem:15.51M (Peak 18.09M) | Time:00:00.00 | Mem:1.19M, Peak:1.19M | Scene, ViewLayer | Updating Lights | Computing tree
Fra:1 Mem:15.51M (Peak 18.09M) | Time:00:00.00 | Mem:1.19M, Peak:1.19M | Scene, ViewLayer | Updating Integrator
Fra:1 Mem:15.51M (Peak 18.09M) | Time:00:00.00 | Mem:1.19M, Peak:1.19M | Scene, ViewLayer | Updating Film
Fra:1 Mem:15.51M (Peak 18.09M) | Time:00:00.00 | Mem:1.11M, Peak:1.19M | Scene, ViewLayer | Updating Lookup Tables
Fra:1 Mem:15.51M (Peak 18.09M) | Time:00:00.00 | Mem:1.20M, Peak:1.20M | Scene, ViewLayer | Updating Baking
Fra:1 Mem:15.51M (Peak 18.09M) | Time:00:00.00 | Mem:1.20M, Peak:1.20M | Scene, ViewLayer | Updating Device | Writing constant memory
Fra:1 Mem:15.52M (Peak 18.09M) | Time:00:00.00 | Mem:1.20M, Peak:1.20M | Scene, ViewLayer | Loading denoising kernels (may take a few minutes the first time)
Fra:1 Mem:15.52M (Peak 18.09M) | Time:00:00.00 | Mem:1.20M, Peak:1.20M | Scene, ViewLayer | Sample 0/32
Fra:1 Mem:21.61M (Peak 21.61M) | Time:00:00.00 | Remaining:00:00.09 | Mem:7.14M, Peak:7.14M | Scene, ViewLayer | Sample 1/32
Fra:1 Mem:24.12M (Peak 27.87M) | Time:00:00.22 | Mem:7.14M, Peak:7.14M | Scene, ViewLayer | Sample 32/32
Fra:1 Mem:24.12M (Peak 27.87M) | Time:00:00.22 | Mem:7.14M, Peak:7.14M | Scene, ViewLayer | Finished
Saved: '/Users/al/git/Starbase2/.local/character-frames/captain/left-7.png'
Time: 00:00.23 (Saving: 00:00.00)

Fra:1 Mem:17.31M (Peak 17.31M) | Time:00:00.00 | Mem:0.00M, Peak:0.00M | Scene, ViewLayer | Synchronizing object | Flight armor
Fra:1 Mem:17.32M (Peak 17.32M) | Time:00:00.00 | Mem:0.00M, Peak:0.00M | Scene, ViewLayer | Synchronizing object | Knee plate
Fra:1 Mem:17.33M (Peak 17.33M) | Time:00:00.00 | Mem:0.00M, Peak:0.00M | Scene, ViewLayer | Synchronizing object | Shin
Fra:1 Mem:17.37M (Peak 17.37M) | Time:00:00.00 | Mem:0.00M, Peak:0.00M | Scene, ViewLayer | Synchronizing object | Boot
Fra:1 Mem:17.44M (Peak 17.44M) | Time:00:00.00 | Mem:0.00M, Peak:0.00M | Scene, ViewLayer | Synchronizing object | Toe plate
Fra:1 Mem:17.47M (Peak 17.47M) | Time:00:00.00 | Mem:0.00M, Peak:0.00M | Scene, ViewLayer | Synchronizing object | Boot trim
Fra:1 Mem:17.49M (Peak 17.49M) | Time:00:00.00 | Mem:0.00M, Peak:0.00M | Scene, ViewLayer | Synchronizing object | Rim
Fra:1 Mem:17.53M (Peak 17.53M) | Time:00:00.00 | Mem:0.00M, Peak:0.00M | Scene, ViewLayer | Synchronizing object | Mission stripe
Fra:1 Mem:17.54M (Peak 17.54M) | Time:00:00.00 | Mem:0.00M, Peak:0.00M | Scene, ViewLayer | Synchronizing object | Elbow joint
Fra:1 Mem:17.56M (Peak 17.56M) | Time:00:00.00 | Mem:0.00M, Peak:0.00M | Scene, ViewLayer | Synchronizing object | Key
Fra:1 Mem:17.55M (Peak 17.56M) | Time:00:00.00 | Mem:0.00M, Peak:0.00M | Scene, ViewLayer | Synchronizing object | Wrist display
Fra:1 Mem:17.56M (Peak 17.56M) | Time:00:00.00 | Mem:0.00M, Peak:0.00M | Scene, ViewLayer | Synchronizing object | Thigh.001
Fra:1 Mem:17.59M (Peak 17.59M) | Time:00:00.00 | Mem:0.00M, Peak:0.00M | Scene, ViewLayer | Synchronizing object | Shin.001
Fra:1 Mem:17.64M (Peak 17.64M) | Time:00:00.00 | Mem:0.00M, Peak:0.00M | Scene, ViewLayer | Synchronizing object | Toe plate.001
Fra:1 Mem:17.67M (Peak 17.67M) | Time:00:00.00 | Mem:0.00M, Peak:0.00M | Scene, ViewLayer | Synchronizing object | Upper sleeve.001
Fra:1 Mem:17.67M (Peak 17.67M) | Time:00:00.00 | Mem:0.00M, Peak:0.00M | Scene, ViewLayer | Synchronizing object | Elbow joint.001
Fra:1 Mem:17.71M (Peak 17.71M) | Time:00:00.00 | Mem:0.00M, Peak:0.00M | Scene, ViewLayer | Synchronizing object | Rear hair locks
Fra:1 Mem:17.73M (Peak 17.73M) | Time:00:00.00 | Mem:0.00M, Peak:0.00M | Scene, ViewLayer | Synchronizing object | Wrist display.001
Fra:1 Mem:17.73M (Peak 17.73M) | Time:00:00.00 | Mem:0.00M, Peak:0.00M | Scene, ViewLayer | Synchronizing object | Chest cuirass
Fra:1 Mem:17.75M (Peak 17.75M) | Time:00:00.00 | Mem:0.00M, Peak:0.00M | Scene, ViewLayer | Synchronizing object | Chest seam
Fra:1 Mem:17.77M (Peak 17.77M) | Time:00:00.00 | Mem:0.00M, Peak:0.00M | Scene, ViewLayer | Synchronizing object | Expedition insignia
Fra:1 Mem:17.81M (Peak 17.81M) | Time:00:00.00 | Mem:0.00M, Peak:0.00M | Scene, ViewLayer | Synchronizing object | Expedition cape
Fra:1 Mem:17.79M (Peak 17.81M) | Time:00:00.00 | Mem:0.00M, Peak:0.00M | Scene, ViewLayer | Synchronizing object | Scarf collar
Fra:1 Mem:17.81M (Peak 17.81M) | Time:00:00.00 | Mem:0.00M, Peak:0.00M | Scene, ViewLayer | Synchronizing object | Mouth
Fra:1 Mem:17.81M (Peak 17.81M) | Time:00:00.00 | Mem:0.00M, Peak:0.00M | Scene, ViewLayer | Synchronizing object | Face
Fra:1 Mem:17.89M (Peak 17.89M) | Time:00:00.00 | Mem:0.00M, Peak:0.00M | Scene, ViewLayer | Synchronizing object | Side hair
Fra:1 Mem:17.86M (Peak 17.89M) | Time:00:00.00 | Mem:0.00M, Peak:0.00M | Scene, ViewLayer | Synchronizing object | Nose
Fra:1 Mem:17.86M (Peak 17.89M) | Time:00:00.00 | Mem:0.00M, Peak:0.00M | Scene, ViewLayer | Synchronizing object | Silver fringe
Fra:1 Mem:17.87M (Peak 17.89M) | Time:00:00.00 | Mem:0.00M, Peak:0.00M | Scene, ViewLayer | Synchronizing object | Silver fringe.003
Fra:1 Mem:17.93M (Peak 17.93M) | Time:00:00.00 | Mem:0.00M, Peak:0.00M | Scene, ViewLayer | Synchronizing object | Eye outline
Fra:1 Mem:17.94M (Peak 17.94M) | Time:00:00.00 | Mem:0.00M, Peak:0.00M | Scene, ViewLayer | Synchronizing object | Eye
Fra:1 Mem:17.95M (Peak 17.95M) | Time:00:00.00 | Mem:0.00M, Peak:0.00M | Scene, ViewLayer | Synchronizing object | Eye outline.001
Fra:1 Mem:17.96M (Peak 17.96M) | Time:00:00.00 | Mem:0.00M, Peak:0.00M | Scene, ViewLayer | Synchronizing object | Eye light.001
Fra:1 Mem:18.09M (Peak 18.09M) | Time:00:00.00 | Mem:0.00M, Peak:0.00M | Scene, ViewLayer | Initializing
Fra:1 Mem:14.95M (Peak 18.09M) | Time:00:00.00 | Mem:0.00M, Peak:0.00M | Scene, ViewLayer | Waiting for render to start
Fra:1 Mem:14.95M (Peak 18.09M) | Time:00:00.00 | Mem:0.00M, Peak:0.00M | Scene, ViewLayer | Updating Scene
Fra:1 Mem:14.95M (Peak 18.09M) | Time:00:00.00 | Mem:0.00M, Peak:0.00M | Scene, ViewLayer | Updating Shaders
Fra:1 Mem:14.95M (Peak 18.09M) | Time:00:00.00 | Mem:0.00M, Peak:0.00M | Scene, ViewLayer | Loading render kernels (may take a few minutes the first time)
Fra:1 Mem:15.04M (Peak 18.09M) | Time:00:00.00 | Mem:0.01M, Peak:0.01M | Scene, ViewLayer | Updating Procedurals
Fra:1 Mem:15.04M (Peak 18.09M) | Time:00:00.00 | Mem:0.01M, Peak:0.01M | Scene, ViewLayer | Updating Background
Fra:1 Mem:15.04M (Peak 18.09M) | Time:00:00.00 | Mem:0.01M, Peak:0.01M | Scene, ViewLayer | Updating Camera
Fra:1 Mem:15.04M (Peak 18.09M) | Time:00:00.00 | Mem:0.01M, Peak:0.01M | Scene, ViewLayer | Updating Meshes Flags
Fra:1 Mem:15.04M (Peak 18.09M) | Time:00:00.00 | Mem:0.01M, Peak:0.01M | Scene, ViewLayer | Updating Objects
Fra:1 Mem:15.04M (Peak 18.09M) | Time:00:00.00 | Mem:0.01M, Peak:0.01M | Scene, ViewLayer | Updating Objects | Copying Transformations to device
Fra:1 Mem:15.05M (Peak 18.09M) | Time:00:00.00 | Mem:0.02M, Peak:0.02M | Scene, ViewLayer | Updating Particle Systems
Fra:1 Mem:15.05M (Peak 18.09M) | Time:00:00.00 | Mem:0.02M, Peak:0.02M | Scene, ViewLayer | Updating Particle Systems | Copying Particles to device
Fra:1 Mem:15.05M (Peak 18.09M) | Time:00:00.00 | Mem:0.02M, Peak:0.02M | Scene, ViewLayer | Updating Meshes
Fra:1 Mem:15.05M (Peak 18.09M) | Time:00:00.00 | Mem:0.02M, Peak:0.02M | Scene, ViewLayer | Updating Objects | Applying Static Transformations
Fra:1 Mem:15.05M (Peak 18.09M) | Time:00:00.00 | Mem:0.02M, Peak:0.02M | Scene, ViewLayer | Updating Mesh | Computing attributes
Fra:1 Mem:15.16M (Peak 18.09M) | Time:00:00.00 | Mem:0.02M, Peak:0.02M | Scene, ViewLayer | Updating Mesh | Copying Attributes to device
Fra:1 Mem:15.16M (Peak 18.09M) | Time:00:00.00 | Mem:0.12M, Peak:0.12M | Scene, ViewLayer | Updating Scene BVH | Building
Fra:1 Mem:15.16M (Peak 18.09M) | Time:00:00.00 | Mem:0.12M, Peak:0.12M | Scene, ViewLayer | Updating Scene BVH | Building BVH
Fra:1 Mem:15.16M (Peak 18.09M) | Time:00:00.00 | Mem:0.79M, Peak:1.09M | Scene, ViewLayer | Updating Scene BVH | Copying BVH to device
Fra:1 Mem:15.16M (Peak 18.09M) | Time:00:00.00 | Mem:0.79M, Peak:1.09M | Scene, ViewLayer | Updating Mesh | Computing normals
Fra:1 Mem:15.51M (Peak 18.09M) | Time:00:00.00 | Mem:0.79M, Peak:1.09M | Scene, ViewLayer | Updating Mesh | Copying Mesh to device
Fra:1 Mem:15.51M (Peak 18.09M) | Time:00:00.00 | Mem:1.14M, Peak:1.14M | Scene, ViewLayer | Updating Objects Flags
Fra:1 Mem:15.51M (Peak 18.09M) | Time:00:00.00 | Mem:1.14M, Peak:1.14M | Scene, ViewLayer | Updating Primitive Offsets
Fra:1 Mem:15.51M (Peak 18.09M) | Time:00:00.00 | Mem:1.14M, Peak:1.14M | Scene, ViewLayer | Updating Images
Fra:1 Mem:15.51M (Peak 18.09M) | Time:00:00.00 | Mem:1.14M, Peak:1.14M | Scene, ViewLayer | Updating Camera Volume
Fra:1 Mem:15.51M (Peak 18.09M) | Time:00:00.00 | Mem:1.14M, Peak:1.14M | Scene, ViewLayer | Updating Lookup Tables
Fra:1 Mem:15.51M (Peak 18.09M) | Time:00:00.00 | Mem:1.22M, Peak:1.22M | Scene, ViewLayer | Updating Lights
Fra:1 Mem:15.51M (Peak 18.09M) | Time:00:00.00 | Mem:1.22M, Peak:1.22M | Scene, ViewLayer | Updating Lights | Computing tree
Fra:1 Mem:15.51M (Peak 18.09M) | Time:00:00.00 | Mem:1.23M, Peak:1.23M | Scene, ViewLayer | Updating Integrator
Fra:1 Mem:15.51M (Peak 18.09M) | Time:00:00.00 | Mem:1.23M, Peak:1.23M | Scene, ViewLayer | Updating Film
Fra:1 Mem:15.51M (Peak 18.09M) | Time:00:00.00 | Mem:1.14M, Peak:1.23M | Scene, ViewLayer | Updating Lookup Tables
Fra:1 Mem:15.51M (Peak 18.09M) | Time:00:00.00 | Mem:1.23M, Peak:1.23M | Scene, ViewLayer | Updating Baking
Fra:1 Mem:15.51M (Peak 18.09M) | Time:00:00.00 | Mem:1.23M, Peak:1.23M | Scene, ViewLayer | Updating Device | Writing constant memory
Fra:1 Mem:15.52M (Peak 18.09M) | Time:00:00.00 | Mem:1.23M, Peak:1.23M | Scene, ViewLayer | Loading denoising kernels (may take a few minutes the first time)
Fra:1 Mem:15.52M (Peak 18.09M) | Time:00:00.00 | Mem:1.23M, Peak:1.23M | Scene, ViewLayer | Sample 0/32
Fra:1 Mem:21.61M (Peak 21.61M) | Time:00:00.00 | Remaining:00:00.09 | Mem:7.17M, Peak:7.17M | Scene, ViewLayer | Sample 1/32
Fra:1 Mem:24.12M (Peak 27.87M) | Time:00:00.23 | Mem:7.17M, Peak:7.17M | Scene, ViewLayer | Sample 32/32
Fra:1 Mem:24.12M (Peak 27.87M) | Time:00:00.23 | Mem:7.17M, Peak:7.17M | Scene, ViewLayer | Finished
Saved: '/Users/al/git/Starbase2/.local/character-frames/captain/left-8.png'
Time: 00:00.23 (Saving: 00:00.00)

Fra:1 Mem:17.31M (Peak 17.31M) | Time:00:00.00 | Mem:0.00M, Peak:0.00M | Scene, ViewLayer | Synchronizing object | Flight armor
Fra:1 Mem:17.32M (Peak 17.32M) | Time:00:00.00 | Mem:0.00M, Peak:0.00M | Scene, ViewLayer | Synchronizing object | Belt pouch
Fra:1 Mem:17.33M (Peak 17.33M) | Time:00:00.00 | Mem:0.00M, Peak:0.00M | Scene, ViewLayer | Synchronizing object | Shin
Fra:1 Mem:17.37M (Peak 17.37M) | Time:00:00.00 | Mem:0.00M, Peak:0.00M | Scene, ViewLayer | Synchronizing object | Boot
Fra:1 Mem:17.52M (Peak 17.52M) | Time:00:00.00 | Mem:0.00M, Peak:0.00M | Scene, ViewLayer | Synchronizing object | Toe plate
Fra:1 Mem:17.56M (Peak 17.56M) | Time:00:00.00 | Mem:0.00M, Peak:0.00M | Scene, ViewLayer | Synchronizing object | Boot trim
Fra:1 Mem:17.56M (Peak 17.56M) | Time:00:00.00 | Mem:0.00M, Peak:0.00M | Scene, ViewLayer | Synchronizing object | Shoulder shell
Fra:1 Mem:17.55M (Peak 17.56M) | Time:00:00.00 | Mem:0.00M, Peak:0.00M | Scene, ViewLayer | Synchronizing object | Mission stripe
Fra:1 Mem:17.55M (Peak 17.56M) | Time:00:00.00 | Mem:0.00M, Peak:0.00M | Scene, ViewLayer | Synchronizing object | Elbow joint
Fra:1 Mem:17.59M (Peak 17.59M) | Time:00:00.00 | Mem:0.00M, Peak:0.00M | Scene, ViewLayer | Synchronizing object | Glove
Fra:1 Mem:17.57M (Peak 17.59M) | Time:00:00.00 | Mem:0.00M, Peak:0.00M | Scene, ViewLayer | Synchronizing object | Key
Fra:1 Mem:17.56M (Peak 17.59M) | Time:00:00.00 | Mem:0.00M, Peak:0.00M | Scene, ViewLayer | Synchronizing object | Rear hair locks.001
Fra:1 Mem:17.57M (Peak 17.59M) | Time:00:00.00 | Mem:0.00M, Peak:0.00M | Scene, ViewLayer | Synchronizing object | Knee gasket.001
Fra:1 Mem:17.56M (Peak 17.59M) | Time:00:00.00 | Mem:0.00M, Peak:0.00M | Scene, ViewLayer | Synchronizing object | Knee plate.001
Fra:1 Mem:17.57M (Peak 17.59M) | Time:00:00.00 | Mem:0.00M, Peak:0.00M | Scene, ViewLayer | Synchronizing object | Shin.001
Fra:1 Mem:17.59M (Peak 17.59M) | Time:00:00.00 | Mem:0.00M, Peak:0.00M | Scene, ViewLayer | Synchronizing object | Toe plate.001
Fra:1 Mem:17.63M (Peak 17.63M) | Time:00:00.00 | Mem:0.00M, Peak:0.00M | Scene, ViewLayer | Synchronizing object | Boot trim.001
Fra:1 Mem:17.64M (Peak 17.64M) | Time:00:00.00 | Mem:0.00M, Peak:0.00M | Scene, ViewLayer | Synchronizing object | Shoulder shell.001
Fra:1 Mem:17.66M (Peak 17.66M) | Time:00:00.00 | Mem:0.00M, Peak:0.00M | Scene, ViewLayer | Synchronizing object | Mission stripe.001
Fra:1 Mem:17.69M (Peak 17.69M) | Time:00:00.00 | Mem:0.00M, Peak:0.00M | Scene, ViewLayer | Synchronizing object | Elbow joint.001
Fra:1 Mem:17.74M (Peak 17.74M) | Time:00:00.00 | Mem:0.00M, Peak:0.00M | Scene, ViewLayer | Synchronizing object | Gauntlet.001
Fra:1 Mem:17.75M (Peak 17.75M) | Time:00:00.00 | Mem:0.00M, Peak:0.00M | Scene, ViewLayer | Synchronizing object | Glove.001
Fra:1 Mem:17.78M (Peak 17.78M) | Time:00:00.00 | Mem:0.00M, Peak:0.00M | Scene, ViewLayer | Synchronizing object | Wrist display.001
Fra:1 Mem:17.79M (Peak 17.79M) | Time:00:00.00 | Mem:0.00M, Peak:0.00M | Scene, ViewLayer | Synchronizing object | Chest seam
Fra:1 Mem:17.80M (Peak 17.80M) | Time:00:00.00 | Mem:0.00M, Peak:0.00M | Scene, ViewLayer | Synchronizing object | Expedition cape
Fra:1 Mem:17.80M (Peak 17.80M) | Time:00:00.00 | Mem:0.00M, Peak:0.00M | Scene, ViewLayer | Synchronizing object | Face
Fra:1 Mem:17.80M (Peak 17.80M) | Time:00:00.00 | Mem:0.00M, Peak:0.00M | Scene, ViewLayer | Synchronizing object | Side hair.001
Fra:1 Mem:17.91M (Peak 17.91M) | Time:00:00.00 | Mem:0.00M, Peak:0.00M | Scene, ViewLayer | Synchronizing object | Silver fringe
Fra:1 Mem:17.91M (Peak 17.91M) | Time:00:00.00 | Mem:0.00M, Peak:0.00M | Scene, ViewLayer | Synchronizing object | Silver fringe.001
Fra:1 Mem:17.91M (Peak 17.91M) | Time:00:00.00 | Mem:0.00M, Peak:0.00M | Scene, ViewLayer | Synchronizing object | Silver fringe.002
Fra:1 Mem:17.92M (Peak 17.92M) | Time:00:00.00 | Mem:0.00M, Peak:0.00M | Scene, ViewLayer | Synchronizing object | Eye
Fra:1 Mem:17.93M (Peak 17.93M) | Time:00:00.00 | Mem:0.00M, Peak:0.00M | Scene, ViewLayer | Synchronizing object | Eye outline
Fra:1 Mem:17.96M (Peak 17.96M) | Time:00:00.00 | Mem:0.00M, Peak:0.00M | Scene, ViewLayer | Synchronizing object | Eye.001
Fra:1 Mem:17.97M (Peak 17.97M) | Time:00:00.00 | Mem:0.00M, Peak:0.00M | Scene, ViewLayer | Synchronizing object | Eye light.001
Fra:1 Mem:18.00M (Peak 18.00M) | Time:00:00.00 | Mem:0.00M, Peak:0.00M | Scene, ViewLayer | Synchronizing object | Nose
Fra:1 Mem:18.09M (Peak 18.09M) | Time:00:00.00 | Mem:0.00M, Peak:0.00M | Scene, ViewLayer | Initializing
Fra:1 Mem:14.95M (Peak 18.09M) | Time:00:00.00 | Mem:0.00M, Peak:0.00M | Scene, ViewLayer | Waiting for render to start
Fra:1 Mem:14.95M (Peak 18.09M) | Time:00:00.00 | Mem:0.00M, Peak:0.00M | Scene, ViewLayer | Updating Scene
Fra:1 Mem:14.95M (Peak 18.09M) | Time:00:00.00 | Mem:0.00M, Peak:0.00M | Scene, ViewLayer | Updating Shaders
Fra:1 Mem:14.95M (Peak 18.09M) | Time:00:00.00 | Mem:0.00M, Peak:0.00M | Scene, ViewLayer | Loading render kernels (may take a few minutes the first time)
Fra:1 Mem:15.04M (Peak 18.09M) | Time:00:00.00 | Mem:0.01M, Peak:0.01M | Scene, ViewLayer | Updating Procedurals
Fra:1 Mem:15.04M (Peak 18.09M) | Time:00:00.00 | Mem:0.01M, Peak:0.01M | Scene, ViewLayer | Updating Background
Fra:1 Mem:15.04M (Peak 18.09M) | Time:00:00.00 | Mem:0.01M, Peak:0.01M | Scene, ViewLayer | Updating Camera
Fra:1 Mem:15.04M (Peak 18.09M) | Time:00:00.00 | Mem:0.01M, Peak:0.01M | Scene, ViewLayer | Updating Meshes Flags
Fra:1 Mem:15.04M (Peak 18.09M) | Time:00:00.00 | Mem:0.01M, Peak:0.01M | Scene, ViewLayer | Updating Objects
Fra:1 Mem:15.04M (Peak 18.09M) | Time:00:00.00 | Mem:0.01M, Peak:0.01M | Scene, ViewLayer | Updating Objects | Copying Transformations to device
Fra:1 Mem:15.05M (Peak 18.09M) | Time:00:00.00 | Mem:0.02M, Peak:0.02M | Scene, ViewLayer | Updating Particle Systems
Fra:1 Mem:15.05M (Peak 18.09M) | Time:00:00.00 | Mem:0.02M, Peak:0.02M | Scene, ViewLayer | Updating Particle Systems | Copying Particles to device
Fra:1 Mem:15.05M (Peak 18.09M) | Time:00:00.00 | Mem:0.02M, Peak:0.02M | Scene, ViewLayer | Updating Meshes
Fra:1 Mem:15.05M (Peak 18.09M) | Time:00:00.00 | Mem:0.02M, Peak:0.02M | Scene, ViewLayer | Updating Objects | Applying Static Transformations
Fra:1 Mem:15.05M (Peak 18.09M) | Time:00:00.00 | Mem:0.02M, Peak:0.02M | Scene, ViewLayer | Updating Mesh | Computing attributes
Fra:1 Mem:15.16M (Peak 18.09M) | Time:00:00.00 | Mem:0.02M, Peak:0.02M | Scene, ViewLayer | Updating Mesh | Copying Attributes to device
Fra:1 Mem:15.16M (Peak 18.09M) | Time:00:00.00 | Mem:0.12M, Peak:0.12M | Scene, ViewLayer | Updating Scene BVH | Building
Fra:1 Mem:15.16M (Peak 18.09M) | Time:00:00.00 | Mem:0.12M, Peak:0.12M | Scene, ViewLayer | Updating Scene BVH | Building BVH
Fra:1 Mem:15.16M (Peak 18.09M) | Time:00:00.00 | Mem:0.43M, Peak:0.43M | Scene, ViewLayer | Updating Scene BVH | Building BVH 0%
Fra:1 Mem:15.16M (Peak 18.09M) | Time:00:00.00 | Mem:0.76M, Peak:1.06M | Scene, ViewLayer | Updating Scene BVH | Copying BVH to device
Fra:1 Mem:15.16M (Peak 18.09M) | Time:00:00.00 | Mem:0.76M, Peak:1.06M | Scene, ViewLayer | Updating Mesh | Computing normals
Fra:1 Mem:15.51M (Peak 18.09M) | Time:00:00.00 | Mem:0.76M, Peak:1.06M | Scene, ViewLayer | Updating Mesh | Copying Mesh to device
Fra:1 Mem:15.51M (Peak 18.09M) | Time:00:00.00 | Mem:1.11M, Peak:1.11M | Scene, ViewLayer | Updating Objects Flags
Fra:1 Mem:15.51M (Peak 18.09M) | Time:00:00.00 | Mem:1.11M, Peak:1.11M | Scene, ViewLayer | Updating Primitive Offsets
Fra:1 Mem:15.51M (Peak 18.09M) | Time:00:00.00 | Mem:1.11M, Peak:1.11M | Scene, ViewLayer | Updating Images
Fra:1 Mem:15.51M (Peak 18.09M) | Time:00:00.00 | Mem:1.11M, Peak:1.11M | Scene, ViewLayer | Updating Camera Volume
Fra:1 Mem:15.51M (Peak 18.09M) | Time:00:00.00 | Mem:1.11M, Peak:1.11M | Scene, ViewLayer | Updating Lookup Tables
Fra:1 Mem:15.51M (Peak 18.09M) | Time:00:00.00 | Mem:1.19M, Peak:1.19M | Scene, ViewLayer | Updating Lights
Fra:1 Mem:15.51M (Peak 18.09M) | Time:00:00.00 | Mem:1.19M, Peak:1.19M | Scene, ViewLayer | Updating Lights | Computing tree
Fra:1 Mem:15.51M (Peak 18.09M) | Time:00:00.00 | Mem:1.19M, Peak:1.19M | Scene, ViewLayer | Updating Integrator
Fra:1 Mem:15.51M (Peak 18.09M) | Time:00:00.00 | Mem:1.19M, Peak:1.19M | Scene, ViewLayer | Updating Film
Fra:1 Mem:15.51M (Peak 18.09M) | Time:00:00.00 | Mem:1.11M, Peak:1.19M | Scene, ViewLayer | Updating Lookup Tables
Fra:1 Mem:15.51M (Peak 18.09M) | Time:00:00.00 | Mem:1.20M, Peak:1.20M | Scene, ViewLayer | Updating Baking
Fra:1 Mem:15.51M (Peak 18.09M) | Time:00:00.00 | Mem:1.20M, Peak:1.20M | Scene, ViewLayer | Updating Device | Writing constant memory
Fra:1 Mem:15.52M (Peak 18.09M) | Time:00:00.00 | Mem:1.20M, Peak:1.20M | Scene, ViewLayer | Loading denoising kernels (may take a few minutes the first time)
Fra:1 Mem:15.52M (Peak 18.09M) | Time:00:00.00 | Mem:1.20M, Peak:1.20M | Scene, ViewLayer | Sample 0/32
Fra:1 Mem:21.61M (Peak 21.61M) | Time:00:00.00 | Remaining:00:00.07 | Mem:7.14M, Peak:7.14M | Scene, ViewLayer | Sample 1/32
Fra:1 Mem:24.12M (Peak 27.87M) | Time:00:00.21 | Mem:7.14M, Peak:7.14M | Scene, ViewLayer | Sample 32/32
Fra:1 Mem:24.12M (Peak 27.87M) | Time:00:00.21 | Mem:7.14M, Peak:7.14M | Scene, ViewLayer | Finished
Saved: '/Users/al/git/Starbase2/.local/character-frames/captain/right-0.png'
Time: 00:00.22 (Saving: 00:00.00)

Fra:1 Mem:17.31M (Peak 17.31M) | Time:00:00.00 | Mem:0.00M, Peak:0.00M | Scene, ViewLayer | Synchronizing object | Flight armor
Fra:1 Mem:17.33M (Peak 17.33M) | Time:00:00.00 | Mem:0.00M, Peak:0.00M | Scene, ViewLayer | Synchronizing object | Belt pouch
Fra:1 Mem:17.33M (Peak 17.33M) | Time:00:00.00 | Mem:0.00M, Peak:0.00M | Scene, ViewLayer | Synchronizing object | Shin
Fra:1 Mem:17.46M (Peak 17.46M) | Time:00:00.00 | Mem:0.00M, Peak:0.00M | Scene, ViewLayer | Synchronizing object | Boot
Fra:1 Mem:17.46M (Peak 17.46M) | Time:00:00.00 | Mem:0.00M, Peak:0.00M | Scene, ViewLayer | Synchronizing object | Toe plate
Fra:1 Mem:17.48M (Peak 17.48M) | Time:00:00.00 | Mem:0.00M, Peak:0.00M | Scene, ViewLayer | Synchronizing object | Upper sleeve
Fra:1 Mem:17.53M (Peak 17.53M) | Time:00:00.00 | Mem:0.00M, Peak:0.00M | Scene, ViewLayer | Synchronizing object | Rim
Fra:1 Mem:17.50M (Peak 17.53M) | Time:00:00.00 | Mem:0.00M, Peak:0.00M | Scene, ViewLayer | Synchronizing object | Mission stripe
Fra:1 Mem:17.51M (Peak 17.53M) | Time:00:00.00 | Mem:0.00M, Peak:0.00M | Scene, ViewLayer | Synchronizing object | Elbow joint
Fra:1 Mem:17.54M (Peak 17.54M) | Time:00:00.00 | Mem:0.00M, Peak:0.00M | Scene, ViewLayer | Synchronizing object | Gauntlet
Fra:1 Mem:17.60M (Peak 17.60M) | Time:00:00.00 | Mem:0.00M, Peak:0.00M | Scene, ViewLayer | Synchronizing object | Glove
Fra:1 Mem:17.55M (Peak 17.60M) | Time:00:00.00 | Mem:0.00M, Peak:0.00M | Scene, ViewLayer | Synchronizing object | Knee gasket.001
Fra:1 Mem:17.52M (Peak 17.60M) | Time:00:00.00 | Mem:0.00M, Peak:0.00M | Scene, ViewLayer | Synchronizing object | Shin.001
Fra:1 Mem:17.61M (Peak 17.61M) | Time:00:00.00 | Mem:0.00M, Peak:0.00M | Scene, ViewLayer | Synchronizing object | Boot trim.001
Fra:1 Mem:17.61M (Peak 17.61M) | Time:00:00.00 | Mem:0.00M, Peak:0.00M | Scene, ViewLayer | Synchronizing object | Rear hair locks.001
Fra:1 Mem:17.63M (Peak 17.63M) | Time:00:00.00 | Mem:0.00M, Peak:0.00M | Scene, ViewLayer | Synchronizing object | Shoulder shell.001
Fra:1 Mem:17.66M (Peak 17.66M) | Time:00:00.00 | Mem:0.00M, Peak:0.00M | Scene, ViewLayer | Synchronizing object | Mission stripe.001
Fra:1 Mem:17.74M (Peak 17.74M) | Time:00:00.00 | Mem:0.00M, Peak:0.00M | Scene, ViewLayer | Synchronizing object | Elbow joint.001
Fra:1 Mem:17.77M (Peak 17.77M) | Time:00:00.00 | Mem:0.00M, Peak:0.00M | Scene, ViewLayer | Synchronizing object | Gauntlet.001
Fra:1 Mem:17.77M (Peak 17.77M) | Time:00:00.00 | Mem:0.00M, Peak:0.00M | Scene, ViewLayer | Synchronizing object | Chest cuirass
Fra:1 Mem:17.80M (Peak 17.80M) | Time:00:00.00 | Mem:0.00M, Peak:0.00M | Scene, ViewLayer | Synchronizing object | Expedition cape
Fra:1 Mem:17.79M (Peak 17.80M) | Time:00:00.00 | Mem:0.00M, Peak:0.00M | Scene, ViewLayer | Synchronizing object | Expedition insignia
Fra:1 Mem:17.83M (Peak 17.83M) | Time:00:00.00 | Mem:0.00M, Peak:0.00M | Scene, ViewLayer | Synchronizing object | Scarf collar
Fra:1 Mem:17.83M (Peak 17.83M) | Time:00:00.00 | Mem:0.00M, Peak:0.00M | Scene, ViewLayer | Synchronizing object | Face
Fra:1 Mem:17.83M (Peak 17.83M) | Time:00:00.00 | Mem:0.00M, Peak:0.00M | Scene, ViewLayer | Synchronizing object | Side hair
Fra:1 Mem:17.86M (Peak 17.86M) | Time:00:00.00 | Mem:0.00M, Peak:0.00M | Scene, ViewLayer | Synchronizing object | Side hair.001
Fra:1 Mem:17.88M (Peak 17.88M) | Time:00:00.00 | Mem:0.00M, Peak:0.00M | Scene, ViewLayer | Synchronizing object | Silver fringe
Fra:1 Mem:17.90M (Peak 17.90M) | Time:00:00.00 | Mem:0.00M, Peak:0.00M | Scene, ViewLayer | Synchronizing object | Silver fringe.002
Fra:1 Mem:17.91M (Peak 17.91M) | Time:00:00.00 | Mem:0.00M, Peak:0.00M | Scene, ViewLayer | Synchronizing object | Silver fringe.003
Fra:1 Mem:17.90M (Peak 17.91M) | Time:00:00.00 | Mem:0.00M, Peak:0.00M | Scene, ViewLayer | Synchronizing object | Nose
Fra:1 Mem:17.93M (Peak 17.93M) | Time:00:00.00 | Mem:0.00M, Peak:0.00M | Scene, ViewLayer | Synchronizing object | Eye
Fra:1 Mem:17.95M (Peak 17.95M) | Time:00:00.00 | Mem:0.00M, Peak:0.00M | Scene, ViewLayer | Synchronizing object | Eye light
Fra:1 Mem:17.98M (Peak 17.98M) | Time:00:00.00 | Mem:0.00M, Peak:0.00M | Scene, ViewLayer | Synchronizing object | Eye light.001
Fra:1 Mem:17.98M (Peak 17.98M) | Time:00:00.00 | Mem:0.00M, Peak:0.00M | Scene, ViewLayer | Synchronizing object | Eye.001
Fra:1 Mem:18.09M (Peak 18.09M) | Time:00:00.00 | Mem:0.00M, Peak:0.00M | Scene, ViewLayer | Initializing
Fra:1 Mem:14.95M (Peak 18.09M) | Time:00:00.00 | Mem:0.00M, Peak:0.00M | Scene, ViewLayer | Waiting for render to start
Fra:1 Mem:14.95M (Peak 18.09M) | Time:00:00.00 | Mem:0.00M, Peak:0.00M | Scene, ViewLayer | Updating Scene
Fra:1 Mem:14.95M (Peak 18.09M) | Time:00:00.00 | Mem:0.00M, Peak:0.00M | Scene, ViewLayer | Updating Shaders
Fra:1 Mem:14.95M (Peak 18.09M) | Time:00:00.00 | Mem:0.00M, Peak:0.00M | Scene, ViewLayer | Loading render kernels (may take a few minutes the first time)
Fra:1 Mem:15.04M (Peak 18.09M) | Time:00:00.00 | Mem:0.01M, Peak:0.01M | Scene, ViewLayer | Updating Procedurals
Fra:1 Mem:15.04M (Peak 18.09M) | Time:00:00.00 | Mem:0.01M, Peak:0.01M | Scene, ViewLayer | Updating Background
Fra:1 Mem:15.04M (Peak 18.09M) | Time:00:00.00 | Mem:0.01M, Peak:0.01M | Scene, ViewLayer | Updating Camera
Fra:1 Mem:15.04M (Peak 18.09M) | Time:00:00.00 | Mem:0.01M, Peak:0.01M | Scene, ViewLayer | Updating Meshes Flags
Fra:1 Mem:15.04M (Peak 18.09M) | Time:00:00.00 | Mem:0.01M, Peak:0.01M | Scene, ViewLayer | Updating Objects
Fra:1 Mem:15.04M (Peak 18.09M) | Time:00:00.00 | Mem:0.01M, Peak:0.01M | Scene, ViewLayer | Updating Objects | Copying Transformations to device
Fra:1 Mem:15.05M (Peak 18.09M) | Time:00:00.00 | Mem:0.02M, Peak:0.02M | Scene, ViewLayer | Updating Particle Systems
Fra:1 Mem:15.05M (Peak 18.09M) | Time:00:00.00 | Mem:0.02M, Peak:0.02M | Scene, ViewLayer | Updating Particle Systems | Copying Particles to device
Fra:1 Mem:15.05M (Peak 18.09M) | Time:00:00.00 | Mem:0.02M, Peak:0.02M | Scene, ViewLayer | Updating Meshes
Fra:1 Mem:15.05M (Peak 18.09M) | Time:00:00.00 | Mem:0.02M, Peak:0.02M | Scene, ViewLayer | Updating Objects | Applying Static Transformations
Fra:1 Mem:15.05M (Peak 18.09M) | Time:00:00.00 | Mem:0.02M, Peak:0.02M | Scene, ViewLayer | Updating Mesh | Computing attributes
Fra:1 Mem:15.16M (Peak 18.09M) | Time:00:00.00 | Mem:0.02M, Peak:0.02M | Scene, ViewLayer | Updating Mesh | Copying Attributes to device
Fra:1 Mem:15.16M (Peak 18.09M) | Time:00:00.00 | Mem:0.12M, Peak:0.12M | Scene, ViewLayer | Updating Scene BVH | Building
Fra:1 Mem:15.16M (Peak 18.09M) | Time:00:00.00 | Mem:0.12M, Peak:0.12M | Scene, ViewLayer | Updating Scene BVH | Building BVH
Fra:1 Mem:15.16M (Peak 18.09M) | Time:00:00.00 | Mem:0.76M, Peak:1.06M | Scene, ViewLayer | Updating Scene BVH | Copying BVH to device
Fra:1 Mem:15.16M (Peak 18.09M) | Time:00:00.00 | Mem:0.76M, Peak:1.06M | Scene, ViewLayer | Updating Mesh | Computing normals
Fra:1 Mem:15.51M (Peak 18.09M) | Time:00:00.00 | Mem:0.76M, Peak:1.06M | Scene, ViewLayer | Updating Mesh | Copying Mesh to device
Fra:1 Mem:15.51M (Peak 18.09M) | Time:00:00.00 | Mem:1.11M, Peak:1.11M | Scene, ViewLayer | Updating Objects Flags
Fra:1 Mem:15.51M (Peak 18.09M) | Time:00:00.00 | Mem:1.11M, Peak:1.11M | Scene, ViewLayer | Updating Primitive Offsets
Fra:1 Mem:15.51M (Peak 18.09M) | Time:00:00.00 | Mem:1.11M, Peak:1.11M | Scene, ViewLayer | Updating Images
Fra:1 Mem:15.51M (Peak 18.09M) | Time:00:00.00 | Mem:1.11M, Peak:1.11M | Scene, ViewLayer | Updating Camera Volume
Fra:1 Mem:15.51M (Peak 18.09M) | Time:00:00.00 | Mem:1.11M, Peak:1.11M | Scene, ViewLayer | Updating Lookup Tables
Fra:1 Mem:15.51M (Peak 18.09M) | Time:00:00.00 | Mem:1.19M, Peak:1.19M | Scene, ViewLayer | Updating Lights
Fra:1 Mem:15.51M (Peak 18.09M) | Time:00:00.00 | Mem:1.19M, Peak:1.19M | Scene, ViewLayer | Updating Lights | Computing tree
Fra:1 Mem:15.51M (Peak 18.09M) | Time:00:00.00 | Mem:1.19M, Peak:1.19M | Scene, ViewLayer | Updating Integrator
Fra:1 Mem:15.51M (Peak 18.09M) | Time:00:00.00 | Mem:1.19M, Peak:1.19M | Scene, ViewLayer | Updating Film
Fra:1 Mem:15.51M (Peak 18.09M) | Time:00:00.00 | Mem:1.11M, Peak:1.19M | Scene, ViewLayer | Updating Lookup Tables
Fra:1 Mem:15.51M (Peak 18.09M) | Time:00:00.00 | Mem:1.20M, Peak:1.20M | Scene, ViewLayer | Updating Baking
Fra:1 Mem:15.51M (Peak 18.09M) | Time:00:00.00 | Mem:1.20M, Peak:1.20M | Scene, ViewLayer | Updating Device | Writing constant memory
Fra:1 Mem:15.52M (Peak 18.09M) | Time:00:00.00 | Mem:1.20M, Peak:1.20M | Scene, ViewLayer | Loading denoising kernels (may take a few minutes the first time)
Fra:1 Mem:15.52M (Peak 18.09M) | Time:00:00.00 | Mem:1.20M, Peak:1.20M | Scene, ViewLayer | Sample 0/32
Fra:1 Mem:21.61M (Peak 21.61M) | Time:00:00.00 | Remaining:00:00.09 | Mem:7.14M, Peak:7.14M | Scene, ViewLayer | Sample 1/32
Fra:1 Mem:24.12M (Peak 27.87M) | Time:00:00.23 | Mem:7.14M, Peak:7.14M | Scene, ViewLayer | Sample 32/32
Fra:1 Mem:24.12M (Peak 27.87M) | Time:00:00.23 | Mem:7.14M, Peak:7.14M | Scene, ViewLayer | Finished
Saved: '/Users/al/git/Starbase2/.local/character-frames/captain/right-1.png'
Time: 00:00.23 (Saving: 00:00.00)

Fra:1 Mem:17.31M (Peak 17.31M) | Time:00:00.00 | Mem:0.00M, Peak:0.00M | Scene, ViewLayer | Synchronizing object | Flight armor
Fra:1 Mem:17.31M (Peak 17.31M) | Time:00:00.00 | Mem:0.00M, Peak:0.00M | Scene, ViewLayer | Synchronizing object | Belt pouch.001
Fra:1 Mem:17.33M (Peak 17.33M) | Time:00:00.00 | Mem:0.00M, Peak:0.00M | Scene, ViewLayer | Synchronizing object | Thigh
Fra:1 Mem:17.37M (Peak 17.37M) | Time:00:00.00 | Mem:0.00M, Peak:0.00M | Scene, ViewLayer | Synchronizing object | Knee gasket
Fra:1 Mem:17.40M (Peak 17.40M) | Time:00:00.00 | Mem:0.00M, Peak:0.00M | Scene, ViewLayer | Synchronizing object | Shin
Fra:1 Mem:17.38M (Peak 17.40M) | Time:00:00.00 | Mem:0.00M, Peak:0.00M | Scene, ViewLayer | Synchronizing object | Boot
Fra:1 Mem:17.40M (Peak 17.40M) | Time:00:00.00 | Mem:0.00M, Peak:0.00M | Scene, ViewLayer | Synchronizing object | Toe plate
Fra:1 Mem:17.41M (Peak 17.41M) | Time:00:00.00 | Mem:0.00M, Peak:0.00M | Scene, ViewLayer | Synchronizing object | Upper sleeve
Fra:1 Mem:17.46M (Peak 17.46M) | Time:00:00.00 | Mem:0.00M, Peak:0.00M | Scene, ViewLayer | Synchronizing object | Rim
Fra:1 Mem:17.45M (Peak 17.46M) | Time:00:00.00 | Mem:0.00M, Peak:0.00M | Scene, ViewLayer | Synchronizing object | Elbow joint
Fra:1 Mem:17.53M (Peak 17.53M) | Time:00:00.00 | Mem:0.00M, Peak:0.00M | Scene, ViewLayer | Synchronizing object | Gauntlet
Fra:1 Mem:17.56M (Peak 17.56M) | Time:00:00.00 | Mem:0.00M, Peak:0.00M | Scene, ViewLayer | Synchronizing object | Key
Fra:1 Mem:17.60M (Peak 17.60M) | Time:00:00.00 | Mem:0.00M, Peak:0.00M | Scene, ViewLayer | Synchronizing object | Thigh.001
Fra:1 Mem:17.61M (Peak 17.61M) | Time:00:00.00 | Mem:0.00M, Peak:0.00M | Scene, ViewLayer | Synchronizing object | Knee gasket.001
Fra:1 Mem:17.60M (Peak 17.61M) | Time:00:00.00 | Mem:0.00M, Peak:0.00M | Scene, ViewLayer | Synchronizing object | Toe plate.001
Fra:1 Mem:17.62M (Peak 17.62M) | Time:00:00.00 | Mem:0.00M, Peak:0.00M | Scene, ViewLayer | Synchronizing object | Boot trim.001
Fra:1 Mem:17.61M (Peak 17.62M) | Time:00:00.00 | Mem:0.00M, Peak:0.00M | Scene, ViewLayer | Synchronizing object | Shoulder shell.001
Fra:1 Mem:17.64M (Peak 17.64M) | Time:00:00.00 | Mem:0.00M, Peak:0.00M | Scene, ViewLayer | Synchronizing object | Rear hair locks.001
Fra:1 Mem:17.64M (Peak 17.64M) | Time:00:00.00 | Mem:0.00M, Peak:0.00M | Scene, ViewLayer | Synchronizing object | Mission stripe.001
Fra:1 Mem:17.67M (Peak 17.67M) | Time:00:00.00 | Mem:0.00M, Peak:0.00M | Scene, ViewLayer | Synchronizing object | Elbow joint.001
Fra:1 Mem:17.69M (Peak 17.69M) | Time:00:00.00 | Mem:0.00M, Peak:0.00M | Scene, ViewLayer | Synchronizing object | Gauntlet.001
Fra:1 Mem:17.74M (Peak 17.74M) | Time:00:00.00 | Mem:0.00M, Peak:0.00M | Scene, ViewLayer | Synchronizing object | Glove.001
Fra:1 Mem:17.74M (Peak 17.74M) | Time:00:00.00 | Mem:0.00M, Peak:0.00M | Scene, ViewLayer | Synchronizing object | Chest cuirass
Fra:1 Mem:17.74M (Peak 17.74M) | Time:00:00.00 | Mem:0.00M, Peak:0.00M | Scene, ViewLayer | Synchronizing object | Scarf collar
Fra:1 Mem:17.75M (Peak 17.75M) | Time:00:00.00 | Mem:0.00M, Peak:0.00M | Scene, ViewLayer | Synchronizing object | Rear hair locks
Fra:1 Mem:17.77M (Peak 17.77M) | Time:00:00.00 | Mem:0.00M, Peak:0.00M | Scene, ViewLayer | Synchronizing object | Face
Fra:1 Mem:17.77M (Peak 17.77M) | Time:00:00.00 | Mem:0.00M, Peak:0.00M | Scene, ViewLayer | Synchronizing object | Hair crown
Fra:1 Mem:17.80M (Peak 17.80M) | Time:00:00.00 | Mem:0.00M, Peak:0.00M | Scene, ViewLayer | Synchronizing object | Expedition cape
Fra:1 Mem:17.83M (Peak 17.83M) | Time:00:00.00 | Mem:0.00M, Peak:0.00M | Scene, ViewLayer | Synchronizing object | Side hair
Fra:1 Mem:17.86M (Peak 17.86M) | Time:00:00.00 | Mem:0.00M, Peak:0.00M | Scene, ViewLayer | Synchronizing object | Side hair.001
Fra:1 Mem:17.88M (Peak 17.88M) | Time:00:00.00 | Mem:0.00M, Peak:0.00M | Scene, ViewLayer | Synchronizing object | Silver fringe
Fra:1 Mem:17.90M (Peak 17.90M) | Time:00:00.00 | Mem:0.00M, Peak:0.00M | Scene, ViewLayer | Synchronizing object | Silver fringe.001
Fra:1 Mem:17.90M (Peak 17.90M) | Time:00:00.00 | Mem:0.00M, Peak:0.00M | Scene, ViewLayer | Synchronizing object | Silver fringe.002
Fra:1 Mem:17.93M (Peak 17.93M) | Time:00:00.00 | Mem:0.00M, Peak:0.00M | Scene, ViewLayer | Synchronizing object | Silver fringe.003
Fra:1 Mem:17.93M (Peak 17.93M) | Time:00:00.00 | Mem:0.00M, Peak:0.00M | Scene, ViewLayer | Synchronizing object | Eye outline
Fra:1 Mem:17.95M (Peak 17.95M) | Time:00:00.00 | Mem:0.00M, Peak:0.00M | Scene, ViewLayer | Synchronizing object | Eye light
Fra:1 Mem:17.99M (Peak 17.99M) | Time:00:00.00 | Mem:0.00M, Peak:0.00M | Scene, ViewLayer | Synchronizing object | Eye.001
Fra:1 Mem:17.98M (Peak 17.99M) | Time:00:00.00 | Mem:0.00M, Peak:0.00M | Scene, ViewLayer | Synchronizing object | Nose
Fra:1 Mem:18.02M (Peak 18.02M) | Time:00:00.00 | Mem:0.00M, Peak:0.00M | Scene, ViewLayer | Synchronizing object | Mouth
Fra:1 Mem:18.09M (Peak 18.09M) | Time:00:00.00 | Mem:0.00M, Peak:0.00M | Scene, ViewLayer | Initializing
Fra:1 Mem:14.95M (Peak 18.09M) | Time:00:00.00 | Mem:0.00M, Peak:0.00M | Scene, ViewLayer | Waiting for render to start
Fra:1 Mem:14.95M (Peak 18.09M) | Time:00:00.00 | Mem:0.00M, Peak:0.00M | Scene, ViewLayer | Updating Scene
Fra:1 Mem:14.95M (Peak 18.09M) | Time:00:00.00 | Mem:0.00M, Peak:0.00M | Scene, ViewLayer | Updating Shaders
Fra:1 Mem:14.95M (Peak 18.09M) | Time:00:00.00 | Mem:0.00M, Peak:0.00M | Scene, ViewLayer | Loading render kernels (may take a few minutes the first time)
Fra:1 Mem:15.04M (Peak 18.09M) | Time:00:00.00 | Mem:0.01M, Peak:0.01M | Scene, ViewLayer | Updating Procedurals
Fra:1 Mem:15.04M (Peak 18.09M) | Time:00:00.00 | Mem:0.01M, Peak:0.01M | Scene, ViewLayer | Updating Background
Fra:1 Mem:15.04M (Peak 18.09M) | Time:00:00.00 | Mem:0.01M, Peak:0.01M | Scene, ViewLayer | Updating Camera
Fra:1 Mem:15.04M (Peak 18.09M) | Time:00:00.00 | Mem:0.01M, Peak:0.01M | Scene, ViewLayer | Updating Meshes Flags
Fra:1 Mem:15.04M (Peak 18.09M) | Time:00:00.00 | Mem:0.01M, Peak:0.01M | Scene, ViewLayer | Updating Objects
Fra:1 Mem:15.04M (Peak 18.09M) | Time:00:00.00 | Mem:0.01M, Peak:0.01M | Scene, ViewLayer | Updating Objects | Copying Transformations to device
Fra:1 Mem:15.05M (Peak 18.09M) | Time:00:00.00 | Mem:0.02M, Peak:0.02M | Scene, ViewLayer | Updating Particle Systems
Fra:1 Mem:15.05M (Peak 18.09M) | Time:00:00.00 | Mem:0.02M, Peak:0.02M | Scene, ViewLayer | Updating Particle Systems | Copying Particles to device
Fra:1 Mem:15.05M (Peak 18.09M) | Time:00:00.00 | Mem:0.02M, Peak:0.02M | Scene, ViewLayer | Updating Meshes
Fra:1 Mem:15.05M (Peak 18.09M) | Time:00:00.00 | Mem:0.02M, Peak:0.02M | Scene, ViewLayer | Updating Objects | Applying Static Transformations
Fra:1 Mem:15.05M (Peak 18.09M) | Time:00:00.00 | Mem:0.02M, Peak:0.02M | Scene, ViewLayer | Updating Mesh | Computing attributes
Fra:1 Mem:15.16M (Peak 18.09M) | Time:00:00.00 | Mem:0.02M, Peak:0.02M | Scene, ViewLayer | Updating Mesh | Copying Attributes to device
Fra:1 Mem:15.16M (Peak 18.09M) | Time:00:00.00 | Mem:0.12M, Peak:0.12M | Scene, ViewLayer | Updating Scene BVH | Building
Fra:1 Mem:15.16M (Peak 18.09M) | Time:00:00.00 | Mem:0.12M, Peak:0.12M | Scene, ViewLayer | Updating Scene BVH | Building BVH
Fra:1 Mem:15.16M (Peak 18.09M) | Time:00:00.00 | Mem:0.43M, Peak:0.43M | Scene, ViewLayer | Updating Scene BVH | Building BVH 0%
Fra:1 Mem:15.16M (Peak 18.09M) | Time:00:00.00 | Mem:0.76M, Peak:1.06M | Scene, ViewLayer | Updating Scene BVH | Copying BVH to device
Fra:1 Mem:15.16M (Peak 18.09M) | Time:00:00.00 | Mem:0.76M, Peak:1.06M | Scene, ViewLayer | Updating Mesh | Computing normals
Fra:1 Mem:15.51M (Peak 18.09M) | Time:00:00.00 | Mem:0.76M, Peak:1.06M | Scene, ViewLayer | Updating Mesh | Copying Mesh to device
Fra:1 Mem:15.51M (Peak 18.09M) | Time:00:00.00 | Mem:1.11M, Peak:1.11M | Scene, ViewLayer | Updating Objects Flags
Fra:1 Mem:15.51M (Peak 18.09M) | Time:00:00.00 | Mem:1.11M, Peak:1.11M | Scene, ViewLayer | Updating Primitive Offsets
Fra:1 Mem:15.51M (Peak 18.09M) | Time:00:00.00 | Mem:1.11M, Peak:1.11M | Scene, ViewLayer | Updating Images
Fra:1 Mem:15.51M (Peak 18.09M) | Time:00:00.00 | Mem:1.11M, Peak:1.11M | Scene, ViewLayer | Updating Camera Volume
Fra:1 Mem:15.51M (Peak 18.09M) | Time:00:00.00 | Mem:1.11M, Peak:1.11M | Scene, ViewLayer | Updating Lookup Tables
Fra:1 Mem:15.51M (Peak 18.09M) | Time:00:00.00 | Mem:1.19M, Peak:1.19M | Scene, ViewLayer | Updating Lights
Fra:1 Mem:15.51M (Peak 18.09M) | Time:00:00.00 | Mem:1.19M, Peak:1.19M | Scene, ViewLayer | Updating Lights | Computing tree
Fra:1 Mem:15.51M (Peak 18.09M) | Time:00:00.00 | Mem:1.19M, Peak:1.19M | Scene, ViewLayer | Updating Integrator
Fra:1 Mem:15.51M (Peak 18.09M) | Time:00:00.00 | Mem:1.19M, Peak:1.19M | Scene, ViewLayer | Updating Film
Fra:1 Mem:15.51M (Peak 18.09M) | Time:00:00.00 | Mem:1.11M, Peak:1.19M | Scene, ViewLayer | Updating Lookup Tables
Fra:1 Mem:15.51M (Peak 18.09M) | Time:00:00.00 | Mem:1.20M, Peak:1.20M | Scene, ViewLayer | Updating Baking
Fra:1 Mem:15.51M (Peak 18.09M) | Time:00:00.00 | Mem:1.20M, Peak:1.20M | Scene, ViewLayer | Updating Device | Writing constant memory
Fra:1 Mem:15.52M (Peak 18.09M) | Time:00:00.00 | Mem:1.20M, Peak:1.20M | Scene, ViewLayer | Loading denoising kernels (may take a few minutes the first time)
Fra:1 Mem:15.52M (Peak 18.09M) | Time:00:00.00 | Mem:1.20M, Peak:1.20M | Scene, ViewLayer | Sample 0/32
Fra:1 Mem:21.61M (Peak 21.61M) | Time:00:00.00 | Remaining:00:00.09 | Mem:7.14M, Peak:7.14M | Scene, ViewLayer | Sample 1/32
Fra:1 Mem:24.12M (Peak 27.87M) | Time:00:00.22 | Mem:7.14M, Peak:7.14M | Scene, ViewLayer | Sample 32/32
Fra:1 Mem:24.12M (Peak 27.87M) | Time:00:00.22 | Mem:7.14M, Peak:7.14M | Scene, ViewLayer | Finished
Saved: '/Users/al/git/Starbase2/.local/character-frames/captain/right-2.png'
Time: 00:00.23 (Saving: 00:00.00)

Fra:1 Mem:17.31M (Peak 17.31M) | Time:00:00.00 | Mem:0.00M, Peak:0.00M | Scene, ViewLayer | Synchronizing object | Flight armor
Fra:1 Mem:17.32M (Peak 17.32M) | Time:00:00.00 | Mem:0.00M, Peak:0.00M | Scene, ViewLayer | Synchronizing object | Thigh
Fra:1 Mem:17.34M (Peak 17.34M) | Time:00:00.00 | Mem:0.00M, Peak:0.00M | Scene, ViewLayer | Synchronizing object | Shin
Fra:1 Mem:17.35M (Peak 17.35M) | Time:00:00.00 | Mem:0.00M, Peak:0.00M | Scene, ViewLayer | Synchronizing object | Boot
Fra:1 Mem:17.46M (Peak 17.46M) | Time:00:00.00 | Mem:0.00M, Peak:0.00M | Scene, ViewLayer | Synchronizing object | Toe plate
Fra:1 Mem:17.48M (Peak 17.48M) | Time:00:00.00 | Mem:0.00M, Peak:0.00M | Scene, ViewLayer | Synchronizing object | Rim
Fra:1 Mem:17.52M (Peak 17.52M) | Time:00:00.00 | Mem:0.00M, Peak:0.00M | Scene, ViewLayer | Synchronizing object | Key
Fra:1 Mem:17.55M (Peak 17.55M) | Time:00:00.00 | Mem:0.00M, Peak:0.00M | Scene, ViewLayer | Synchronizing object | Rear hair locks.001
Fra:1 Mem:17.55M (Peak 17.55M) | Time:00:00.00 | Mem:0.00M, Peak:0.00M | Scene, ViewLayer | Synchronizing object | Mission stripe
Fra:1 Mem:17.51M (Peak 17.55M) | Time:00:00.00 | Mem:0.00M, Peak:0.00M | Scene, ViewLayer | Synchronizing object | Gauntlet
Fra:1 Mem:17.54M (Peak 17.55M) | Time:00:00.00 | Mem:0.00M, Peak:0.00M | Scene, ViewLayer | Synchronizing object | Wrist display
Fra:1 Mem:17.57M (Peak 17.57M) | Time:00:00.00 | Mem:0.00M, Peak:0.00M | Scene, ViewLayer | Synchronizing object | Thigh.001
Fra:1 Mem:17.57M (Peak 17.57M) | Time:00:00.00 | Mem:0.00M, Peak:0.00M | Scene, ViewLayer | Synchronizing object | Knee plate.001
Fra:1 Mem:17.68M (Peak 17.68M) | Time:00:00.00 | Mem:0.00M, Peak:0.00M | Scene, ViewLayer | Synchronizing object | Shin.001
Fra:1 Mem:17.71M (Peak 17.71M) | Time:00:00.00 | Mem:0.00M, Peak:0.00M | Scene, ViewLayer | Synchronizing object | Boot.001
Fra:1 Mem:17.68M (Peak 17.71M) | Time:00:00.00 | Mem:0.00M, Peak:0.00M | Scene, ViewLayer | Synchronizing object | Elbow joint.001
Fra:1 Mem:17.70M (Peak 17.71M) | Time:00:00.00 | Mem:0.00M, Peak:0.00M | Scene, ViewLayer | Synchronizing object | Glove.001
Fra:1 Mem:17.73M (Peak 17.73M) | Time:00:00.00 | Mem:0.00M, Peak:0.00M | Scene, ViewLayer | Synchronizing object | Mouth
Fra:1 Mem:17.81M (Peak 17.81M) | Time:00:00.00 | Mem:0.00M, Peak:0.00M | Scene, ViewLayer | Synchronizing object | Wrist display.001
Fra:1 Mem:17.82M (Peak 17.82M) | Time:00:00.00 | Mem:0.00M, Peak:0.00M | Scene, ViewLayer | Synchronizing object | Chest seam
Fra:1 Mem:17.79M (Peak 17.82M) | Time:00:00.00 | Mem:0.00M, Peak:0.00M | Scene, ViewLayer | Synchronizing object | Nose
Fra:1 Mem:17.84M (Peak 17.84M) | Time:00:00.00 | Mem:0.00M, Peak:0.00M | Scene, ViewLayer | Synchronizing object | Face
Fra:1 Mem:17.85M (Peak 17.85M) | Time:00:00.00 | Mem:0.00M, Peak:0.00M | Scene, ViewLayer | Synchronizing object | Eye light.001
Fra:1 Mem:17.88M (Peak 17.88M) | Time:00:00.00 | Mem:0.00M, Peak:0.00M | Scene, ViewLayer | Synchronizing object | Hair crown
Fra:1 Mem:17.90M (Peak 17.90M) | Time:00:00.00 | Mem:0.00M, Peak:0.00M | Scene, ViewLayer | Synchronizing object | Side hair
Fra:1 Mem:17.88M (Peak 17.90M) | Time:00:00.00 | Mem:0.00M, Peak:0.00M | Scene, ViewLayer | Synchronizing object | Silver fringe
Fra:1 Mem:17.92M (Peak 17.92M) | Time:00:00.00 | Mem:0.00M, Peak:0.00M | Scene, ViewLayer | Synchronizing object | Silver fringe.001
Fra:1 Mem:17.91M (Peak 17.92M) | Time:00:00.00 | Mem:0.00M, Peak:0.00M | Scene, ViewLayer | Synchronizing object | Silver fringe.002
Fra:1 Mem:17.95M (Peak 17.95M) | Time:00:00.00 | Mem:0.00M, Peak:0.00M | Scene, ViewLayer | Synchronizing object | Silver fringe.003
Fra:1 Mem:17.96M (Peak 17.96M) | Time:00:00.00 | Mem:0.00M, Peak:0.00M | Scene, ViewLayer | Synchronizing object | Eye light
Fra:1 Mem:17.99M (Peak 17.99M) | Time:00:00.00 | Mem:0.00M, Peak:0.00M | Scene, ViewLayer | Synchronizing object | Eye outline.001
Fra:1 Mem:17.99M (Peak 17.99M) | Time:00:00.00 | Mem:0.00M, Peak:0.00M | Scene, ViewLayer | Synchronizing object | Eye.001
Fra:1 Mem:18.09M (Peak 18.09M) | Time:00:00.00 | Mem:0.00M, Peak:0.00M | Scene, ViewLayer | Initializing
Fra:1 Mem:14.95M (Peak 18.09M) | Time:00:00.00 | Mem:0.00M, Peak:0.00M | Scene, ViewLayer | Waiting for render to start
Fra:1 Mem:14.95M (Peak 18.09M) | Time:00:00.00 | Mem:0.00M, Peak:0.00M | Scene, ViewLayer | Updating Scene
Fra:1 Mem:14.95M (Peak 18.09M) | Time:00:00.00 | Mem:0.00M, Peak:0.00M | Scene, ViewLayer | Updating Shaders
Fra:1 Mem:14.95M (Peak 18.09M) | Time:00:00.00 | Mem:0.00M, Peak:0.00M | Scene, ViewLayer | Loading render kernels (may take a few minutes the first time)
Fra:1 Mem:15.04M (Peak 18.09M) | Time:00:00.00 | Mem:0.01M, Peak:0.01M | Scene, ViewLayer | Updating Procedurals
Fra:1 Mem:15.04M (Peak 18.09M) | Time:00:00.00 | Mem:0.01M, Peak:0.01M | Scene, ViewLayer | Updating Background
Fra:1 Mem:15.04M (Peak 18.09M) | Time:00:00.00 | Mem:0.01M, Peak:0.01M | Scene, ViewLayer | Updating Camera
Fra:1 Mem:15.04M (Peak 18.09M) | Time:00:00.00 | Mem:0.01M, Peak:0.01M | Scene, ViewLayer | Updating Meshes Flags
Fra:1 Mem:15.04M (Peak 18.09M) | Time:00:00.00 | Mem:0.01M, Peak:0.01M | Scene, ViewLayer | Updating Objects
Fra:1 Mem:15.04M (Peak 18.09M) | Time:00:00.00 | Mem:0.01M, Peak:0.01M | Scene, ViewLayer | Updating Objects | Copying Transformations to device
Fra:1 Mem:15.05M (Peak 18.09M) | Time:00:00.00 | Mem:0.02M, Peak:0.02M | Scene, ViewLayer | Updating Particle Systems
Fra:1 Mem:15.05M (Peak 18.09M) | Time:00:00.00 | Mem:0.02M, Peak:0.02M | Scene, ViewLayer | Updating Particle Systems | Copying Particles to device
Fra:1 Mem:15.05M (Peak 18.09M) | Time:00:00.00 | Mem:0.02M, Peak:0.02M | Scene, ViewLayer | Updating Meshes
Fra:1 Mem:15.05M (Peak 18.09M) | Time:00:00.00 | Mem:0.02M, Peak:0.02M | Scene, ViewLayer | Updating Objects | Applying Static Transformations
Fra:1 Mem:15.05M (Peak 18.09M) | Time:00:00.00 | Mem:0.02M, Peak:0.02M | Scene, ViewLayer | Updating Mesh | Computing attributes
Fra:1 Mem:15.16M (Peak 18.09M) | Time:00:00.00 | Mem:0.02M, Peak:0.02M | Scene, ViewLayer | Updating Mesh | Copying Attributes to device
Fra:1 Mem:15.16M (Peak 18.09M) | Time:00:00.00 | Mem:0.12M, Peak:0.12M | Scene, ViewLayer | Updating Scene BVH | Building
Fra:1 Mem:15.16M (Peak 18.09M) | Time:00:00.00 | Mem:0.12M, Peak:0.12M | Scene, ViewLayer | Updating Scene BVH | Building BVH
Fra:1 Mem:15.16M (Peak 18.09M) | Time:00:00.00 | Mem:0.76M, Peak:1.06M | Scene, ViewLayer | Updating Scene BVH | Copying BVH to device
Fra:1 Mem:15.16M (Peak 18.09M) | Time:00:00.00 | Mem:0.76M, Peak:1.06M | Scene, ViewLayer | Updating Mesh | Computing normals
Fra:1 Mem:15.51M (Peak 18.09M) | Time:00:00.00 | Mem:0.76M, Peak:1.06M | Scene, ViewLayer | Updating Mesh | Copying Mesh to device
Fra:1 Mem:15.51M (Peak 18.09M) | Time:00:00.00 | Mem:1.11M, Peak:1.11M | Scene, ViewLayer | Updating Objects Flags
Fra:1 Mem:15.51M (Peak 18.09M) | Time:00:00.00 | Mem:1.11M, Peak:1.11M | Scene, ViewLayer | Updating Primitive Offsets
Fra:1 Mem:15.51M (Peak 18.09M) | Time:00:00.00 | Mem:1.11M, Peak:1.11M | Scene, ViewLayer | Updating Images
Fra:1 Mem:15.51M (Peak 18.09M) | Time:00:00.00 | Mem:1.11M, Peak:1.11M | Scene, ViewLayer | Updating Camera Volume
Fra:1 Mem:15.51M (Peak 18.09M) | Time:00:00.00 | Mem:1.11M, Peak:1.11M | Scene, ViewLayer | Updating Lookup Tables
Fra:1 Mem:15.51M (Peak 18.09M) | Time:00:00.00 | Mem:1.19M, Peak:1.19M | Scene, ViewLayer | Updating Lights
Fra:1 Mem:15.51M (Peak 18.09M) | Time:00:00.00 | Mem:1.19M, Peak:1.19M | Scene, ViewLayer | Updating Lights | Computing tree
Fra:1 Mem:15.51M (Peak 18.09M) | Time:00:00.00 | Mem:1.19M, Peak:1.19M | Scene, ViewLayer | Updating Integrator
Fra:1 Mem:15.51M (Peak 18.09M) | Time:00:00.00 | Mem:1.19M, Peak:1.19M | Scene, ViewLayer | Updating Film
Fra:1 Mem:15.51M (Peak 18.09M) | Time:00:00.00 | Mem:1.11M, Peak:1.19M | Scene, ViewLayer | Updating Lookup Tables
Fra:1 Mem:15.51M (Peak 18.09M) | Time:00:00.00 | Mem:1.20M, Peak:1.20M | Scene, ViewLayer | Updating Baking
Fra:1 Mem:15.51M (Peak 18.09M) | Time:00:00.00 | Mem:1.20M, Peak:1.20M | Scene, ViewLayer | Updating Device | Writing constant memory
Fra:1 Mem:15.52M (Peak 18.09M) | Time:00:00.00 | Mem:1.20M, Peak:1.20M | Scene, ViewLayer | Loading denoising kernels (may take a few minutes the first time)
Fra:1 Mem:15.52M (Peak 18.09M) | Time:00:00.00 | Mem:1.20M, Peak:1.20M | Scene, ViewLayer | Sample 0/32
Fra:1 Mem:21.61M (Peak 21.61M) | Time:00:00.00 | Remaining:00:00.09 | Mem:7.14M, Peak:7.14M | Scene, ViewLayer | Sample 1/32
Fra:1 Mem:24.12M (Peak 27.87M) | Time:00:00.22 | Mem:7.14M, Peak:7.14M | Scene, ViewLayer | Sample 32/32
Fra:1 Mem:24.12M (Peak 27.87M) | Time:00:00.22 | Mem:7.14M, Peak:7.14M | Scene, ViewLayer | Finished
Saved: '/Users/al/git/Starbase2/.local/character-frames/captain/right-3.png'
Time: 00:00.22 (Saving: 00:00.00)

Fra:1 Mem:17.31M (Peak 17.31M) | Time:00:00.00 | Mem:0.00M, Peak:0.00M | Scene, ViewLayer | Synchronizing object | Flight armor
Fra:1 Mem:17.31M (Peak 17.31M) | Time:00:00.00 | Mem:0.00M, Peak:0.00M | Scene, ViewLayer | Synchronizing object | Buckle
Fra:1 Mem:17.33M (Peak 17.33M) | Time:00:00.00 | Mem:0.00M, Peak:0.00M | Scene, ViewLayer | Synchronizing object | Belt pouch
Fra:1 Mem:17.36M (Peak 17.36M) | Time:00:00.00 | Mem:0.00M, Peak:0.00M | Scene, ViewLayer | Synchronizing object | Shin
Fra:1 Mem:17.40M (Peak 17.40M) | Time:00:00.00 | Mem:0.00M, Peak:0.00M | Scene, ViewLayer | Synchronizing object | Boot
Fra:1 Mem:17.43M (Peak 17.43M) | Time:00:00.00 | Mem:0.00M, Peak:0.00M | Scene, ViewLayer | Synchronizing object | Toe plate
Fra:1 Mem:17.51M (Peak 17.51M) | Time:00:00.00 | Mem:0.00M, Peak:0.00M | Scene, ViewLayer | Synchronizing object | Rim
Fra:1 Mem:17.50M (Peak 17.51M) | Time:00:00.00 | Mem:0.00M, Peak:0.00M | Scene, ViewLayer | Synchronizing object | Boot trim
Fra:1 Mem:17.50M (Peak 17.51M) | Time:00:00.00 | Mem:0.00M, Peak:0.00M | Scene, ViewLayer | Synchronizing object | Elbow joint
Fra:1 Mem:17.50M (Peak 17.51M) | Time:00:00.00 | Mem:0.00M, Peak:0.00M | Scene, ViewLayer | Synchronizing object | Gauntlet
Fra:1 Mem:17.51M (Peak 17.51M) | Time:00:00.00 | Mem:0.00M, Peak:0.00M | Scene, ViewLayer | Synchronizing object | Thigh.001
Fra:1 Mem:17.58M (Peak 17.58M) | Time:00:00.00 | Mem:0.00M, Peak:0.00M | Scene, ViewLayer | Synchronizing object | Knee gasket.001
Fra:1 Mem:17.59M (Peak 17.59M) | Time:00:00.00 | Mem:0.00M, Peak:0.00M | Scene, ViewLayer | Synchronizing object | Knee plate.001
Fra:1 Mem:17.62M (Peak 17.62M) | Time:00:00.00 | Mem:0.00M, Peak:0.00M | Scene, ViewLayer | Synchronizing object | Shin.001
Fra:1 Mem:17.62M (Peak 17.62M) | Time:00:00.00 | Mem:0.00M, Peak:0.00M | Scene, ViewLayer | Synchronizing object | Boot trim.001
Fra:1 Mem:17.62M (Peak 17.62M) | Time:00:00.00 | Mem:0.00M, Peak:0.00M | Scene, ViewLayer | Synchronizing object | Rear hair locks
Fra:1 Mem:17.64M (Peak 17.64M) | Time:00:00.00 | Mem:0.00M, Peak:0.00M | Scene, ViewLayer | Synchronizing object | Shoulder shell.001
Fra:1 Mem:17.66M (Peak 17.66M) | Time:00:00.00 | Mem:0.00M, Peak:0.00M | Scene, ViewLayer | Synchronizing object | Expedition cape
Fra:1 Mem:17.70M (Peak 17.70M) | Time:00:00.00 | Mem:0.00M, Peak:0.00M | Scene, ViewLayer | Synchronizing object | Elbow joint.001
Fra:1 Mem:17.73M (Peak 17.73M) | Time:00:00.00 | Mem:0.00M, Peak:0.00M | Scene, ViewLayer | Synchronizing object | Gauntlet.001
Fra:1 Mem:17.74M (Peak 17.74M) | Time:00:00.00 | Mem:0.00M, Peak:0.00M | Scene, ViewLayer | Synchronizing object | Glove.001
Fra:1 Mem:17.76M (Peak 17.76M) | Time:00:00.00 | Mem:0.00M, Peak:0.00M | Scene, ViewLayer | Synchronizing object | Chest cuirass
Fra:1 Mem:17.80M (Peak 17.80M) | Time:00:00.00 | Mem:0.00M, Peak:0.00M | Scene, ViewLayer | Synchronizing object | Chest seam
Fra:1 Mem:17.83M (Peak 17.83M) | Time:00:00.00 | Mem:0.00M, Peak:0.00M | Scene, ViewLayer | Synchronizing object | Mouth
Fra:1 Mem:17.82M (Peak 17.83M) | Time:00:00.00 | Mem:0.00M, Peak:0.00M | Scene, ViewLayer | Synchronizing object | Expedition insignia
Fra:1 Mem:17.82M (Peak 17.83M) | Time:00:00.00 | Mem:0.00M, Peak:0.00M | Scene, ViewLayer | Synchronizing object | Hair crown
Fra:1 Mem:17.86M (Peak 17.86M) | Time:00:00.00 | Mem:0.00M, Peak:0.00M | Scene, ViewLayer | Synchronizing object | Side hair.001
Fra:1 Mem:17.92M (Peak 17.92M) | Time:00:00.00 | Mem:0.00M, Peak:0.00M | Scene, ViewLayer | Synchronizing object | Silver fringe
Fra:1 Mem:17.93M (Peak 17.93M) | Time:00:00.00 | Mem:0.00M, Peak:0.00M | Scene, ViewLayer | Synchronizing object | Silver fringe.001
Fra:1 Mem:17.95M (Peak 17.95M) | Time:00:00.00 | Mem:0.00M, Peak:0.00M | Scene, ViewLayer | Synchronizing object | Silver fringe.002
Fra:1 Mem:17.94M (Peak 17.95M) | Time:00:00.00 | Mem:0.00M, Peak:0.00M | Scene, ViewLayer | Synchronizing object | Silver fringe.003
Fra:1 Mem:17.97M (Peak 17.97M) | Time:00:00.00 | Mem:0.00M, Peak:0.00M | Scene, ViewLayer | Synchronizing object | Eye light
Fra:1 Mem:18.01M (Peak 18.01M) | Time:00:00.00 | Mem:0.00M, Peak:0.00M | Scene, ViewLayer | Synchronizing object | Eye outline.001
Fra:1 Mem:17.99M (Peak 18.01M) | Time:00:00.00 | Mem:0.00M, Peak:0.00M | Scene, ViewLayer | Synchronizing object | Eye light.001
Fra:1 Mem:18.00M (Peak 18.01M) | Time:00:00.00 | Mem:0.00M, Peak:0.00M | Scene, ViewLayer | Synchronizing object | Nose
Fra:1 Mem:18.09M (Peak 18.09M) | Time:00:00.00 | Mem:0.00M, Peak:0.00M | Scene, ViewLayer | Initializing
Fra:1 Mem:14.95M (Peak 18.09M) | Time:00:00.00 | Mem:0.00M, Peak:0.00M | Scene, ViewLayer | Waiting for render to start
Fra:1 Mem:14.95M (Peak 18.09M) | Time:00:00.00 | Mem:0.00M, Peak:0.00M | Scene, ViewLayer | Updating Scene
Fra:1 Mem:14.95M (Peak 18.09M) | Time:00:00.00 | Mem:0.00M, Peak:0.00M | Scene, ViewLayer | Updating Shaders
Fra:1 Mem:14.95M (Peak 18.09M) | Time:00:00.00 | Mem:0.00M, Peak:0.00M | Scene, ViewLayer | Loading render kernels (may take a few minutes the first time)
Fra:1 Mem:15.04M (Peak 18.09M) | Time:00:00.00 | Mem:0.01M, Peak:0.01M | Scene, ViewLayer | Updating Procedurals
Fra:1 Mem:15.04M (Peak 18.09M) | Time:00:00.00 | Mem:0.01M, Peak:0.01M | Scene, ViewLayer | Updating Background
Fra:1 Mem:15.04M (Peak 18.09M) | Time:00:00.00 | Mem:0.01M, Peak:0.01M | Scene, ViewLayer | Updating Camera
Fra:1 Mem:15.04M (Peak 18.09M) | Time:00:00.00 | Mem:0.01M, Peak:0.01M | Scene, ViewLayer | Updating Meshes Flags
Fra:1 Mem:15.04M (Peak 18.09M) | Time:00:00.00 | Mem:0.01M, Peak:0.01M | Scene, ViewLayer | Updating Objects
Fra:1 Mem:15.04M (Peak 18.09M) | Time:00:00.00 | Mem:0.01M, Peak:0.01M | Scene, ViewLayer | Updating Objects | Copying Transformations to device
Fra:1 Mem:15.05M (Peak 18.09M) | Time:00:00.00 | Mem:0.02M, Peak:0.02M | Scene, ViewLayer | Updating Particle Systems
Fra:1 Mem:15.05M (Peak 18.09M) | Time:00:00.00 | Mem:0.02M, Peak:0.02M | Scene, ViewLayer | Updating Particle Systems | Copying Particles to device
Fra:1 Mem:15.05M (Peak 18.09M) | Time:00:00.00 | Mem:0.02M, Peak:0.02M | Scene, ViewLayer | Updating Meshes
Fra:1 Mem:15.05M (Peak 18.09M) | Time:00:00.00 | Mem:0.02M, Peak:0.02M | Scene, ViewLayer | Updating Objects | Applying Static Transformations
Fra:1 Mem:15.05M (Peak 18.09M) | Time:00:00.00 | Mem:0.02M, Peak:0.02M | Scene, ViewLayer | Updating Mesh | Computing attributes
Fra:1 Mem:15.16M (Peak 18.09M) | Time:00:00.00 | Mem:0.02M, Peak:0.02M | Scene, ViewLayer | Updating Mesh | Copying Attributes to device
Fra:1 Mem:15.16M (Peak 18.09M) | Time:00:00.00 | Mem:0.12M, Peak:0.12M | Scene, ViewLayer | Updating Scene BVH | Building
Fra:1 Mem:15.16M (Peak 18.09M) | Time:00:00.00 | Mem:0.12M, Peak:0.12M | Scene, ViewLayer | Updating Scene BVH | Building BVH
Fra:1 Mem:15.16M (Peak 18.09M) | Time:00:00.00 | Mem:0.43M, Peak:0.43M | Scene, ViewLayer | Updating Scene BVH | Building BVH 0%
Fra:1 Mem:15.16M (Peak 18.09M) | Time:00:00.00 | Mem:0.79M, Peak:1.09M | Scene, ViewLayer | Updating Scene BVH | Copying BVH to device
Fra:1 Mem:15.16M (Peak 18.09M) | Time:00:00.00 | Mem:0.79M, Peak:1.09M | Scene, ViewLayer | Updating Mesh | Computing normals
Fra:1 Mem:15.51M (Peak 18.09M) | Time:00:00.00 | Mem:0.79M, Peak:1.09M | Scene, ViewLayer | Updating Mesh | Copying Mesh to device
Fra:1 Mem:15.51M (Peak 18.09M) | Time:00:00.00 | Mem:1.14M, Peak:1.14M | Scene, ViewLayer | Updating Objects Flags
Fra:1 Mem:15.51M (Peak 18.09M) | Time:00:00.00 | Mem:1.14M, Peak:1.14M | Scene, ViewLayer | Updating Primitive Offsets
Fra:1 Mem:15.51M (Peak 18.09M) | Time:00:00.00 | Mem:1.14M, Peak:1.14M | Scene, ViewLayer | Updating Images
Fra:1 Mem:15.51M (Peak 18.09M) | Time:00:00.00 | Mem:1.14M, Peak:1.14M | Scene, ViewLayer | Updating Camera Volume
Fra:1 Mem:15.51M (Peak 18.09M) | Time:00:00.00 | Mem:1.14M, Peak:1.14M | Scene, ViewLayer | Updating Lookup Tables
Fra:1 Mem:15.51M (Peak 18.09M) | Time:00:00.00 | Mem:1.22M, Peak:1.22M | Scene, ViewLayer | Updating Lights
Fra:1 Mem:15.51M (Peak 18.09M) | Time:00:00.00 | Mem:1.22M, Peak:1.22M | Scene, ViewLayer | Updating Lights | Computing tree
Fra:1 Mem:15.51M (Peak 18.09M) | Time:00:00.00 | Mem:1.23M, Peak:1.23M | Scene, ViewLayer | Updating Integrator
Fra:1 Mem:15.51M (Peak 18.09M) | Time:00:00.00 | Mem:1.23M, Peak:1.23M | Scene, ViewLayer | Updating Film
Fra:1 Mem:15.51M (Peak 18.09M) | Time:00:00.00 | Mem:1.14M, Peak:1.23M | Scene, ViewLayer | Updating Lookup Tables
Fra:1 Mem:15.51M (Peak 18.09M) | Time:00:00.00 | Mem:1.23M, Peak:1.23M | Scene, ViewLayer | Updating Baking
Fra:1 Mem:15.51M (Peak 18.09M) | Time:00:00.00 | Mem:1.23M, Peak:1.23M | Scene, ViewLayer | Updating Device | Writing constant memory
Fra:1 Mem:15.52M (Peak 18.09M) | Time:00:00.00 | Mem:1.23M, Peak:1.23M | Scene, ViewLayer | Loading denoising kernels (may take a few minutes the first time)
Fra:1 Mem:15.52M (Peak 18.09M) | Time:00:00.00 | Mem:1.23M, Peak:1.23M | Scene, ViewLayer | Sample 0/32
Fra:1 Mem:21.61M (Peak 21.61M) | Time:00:00.00 | Remaining:00:00.09 | Mem:7.17M, Peak:7.17M | Scene, ViewLayer | Sample 1/32
Fra:1 Mem:24.12M (Peak 27.87M) | Time:00:00.23 | Mem:7.17M, Peak:7.17M | Scene, ViewLayer | Sample 32/32
Fra:1 Mem:24.12M (Peak 27.87M) | Time:00:00.23 | Mem:7.17M, Peak:7.17M | Scene, ViewLayer | Finished
Saved: '/Users/al/git/Starbase2/.local/character-frames/captain/right-4.png'
Time: 00:00.23 (Saving: 00:00.00)

Fra:1 Mem:17.31M (Peak 17.31M) | Time:00:00.00 | Mem:0.00M, Peak:0.00M | Scene, ViewLayer | Synchronizing object | Flight armor
Fra:1 Mem:17.32M (Peak 17.32M) | Time:00:00.00 | Mem:0.00M, Peak:0.00M | Scene, ViewLayer | Synchronizing object | Thigh
Fra:1 Mem:17.33M (Peak 17.33M) | Time:00:00.00 | Mem:0.00M, Peak:0.00M | Scene, ViewLayer | Synchronizing object | Knee gasket
Fra:1 Mem:17.36M (Peak 17.36M) | Time:00:00.00 | Mem:0.00M, Peak:0.00M | Scene, ViewLayer | Synchronizing object | Shin
Fra:1 Mem:17.43M (Peak 17.43M) | Time:00:00.00 | Mem:0.00M, Peak:0.00M | Scene, ViewLayer | Synchronizing object | Boot
Fra:1 Mem:17.44M (Peak 17.44M) | Time:00:00.00 | Mem:0.00M, Peak:0.00M | Scene, ViewLayer | Synchronizing object | Toe plate
Fra:1 Mem:17.48M (Peak 17.48M) | Time:00:00.00 | Mem:0.00M, Peak:0.00M | Scene, ViewLayer | Synchronizing object | Boot trim
Fra:1 Mem:17.49M (Peak 17.49M) | Time:00:00.00 | Mem:0.00M, Peak:0.00M | Scene, ViewLayer | Synchronizing object | Shoulder shell
Fra:1 Mem:17.51M (Peak 17.51M) | Time:00:00.00 | Mem:0.00M, Peak:0.00M | Scene, ViewLayer | Synchronizing object | Elbow joint
Fra:1 Mem:17.53M (Peak 17.53M) | Time:00:00.00 | Mem:0.00M, Peak:0.00M | Scene, ViewLayer | Synchronizing object | Gauntlet
Fra:1 Mem:17.54M (Peak 17.54M) | Time:00:00.00 | Mem:0.00M, Peak:0.00M | Scene, ViewLayer | Synchronizing object | Wrist display
Fra:1 Mem:17.55M (Peak 17.55M) | Time:00:00.00 | Mem:0.00M, Peak:0.00M | Scene, ViewLayer | Synchronizing object | Knee gasket.001
Fra:1 Mem:17.56M (Peak 17.56M) | Time:00:00.00 | Mem:0.00M, Peak:0.00M | Scene, ViewLayer | Synchronizing object | Knee plate.001
Fra:1 Mem:17.60M (Peak 17.60M) | Time:00:00.00 | Mem:0.00M, Peak:0.00M | Scene, ViewLayer | Synchronizing object | Toe plate.001
Fra:1 Mem:17.63M (Peak 17.63M) | Time:00:00.00 | Mem:0.00M, Peak:0.00M | Scene, ViewLayer | Synchronizing object | Boot trim.001
Fra:1 Mem:17.65M (Peak 17.65M) | Time:00:00.00 | Mem:0.00M, Peak:0.00M | Scene, ViewLayer | Synchronizing object | Upper sleeve.001
Fra:1 Mem:17.64M (Peak 17.65M) | Time:00:00.00 | Mem:0.00M, Peak:0.00M | Scene, ViewLayer | Synchronizing object | Mission stripe.001
Fra:1 Mem:17.67M (Peak 17.67M) | Time:00:00.00 | Mem:0.00M, Peak:0.00M | Scene, ViewLayer | Synchronizing object | Elbow joint.001
Fra:1 Mem:17.69M (Peak 17.69M) | Time:00:00.00 | Mem:0.00M, Peak:0.00M | Scene, ViewLayer | Synchronizing object | Gauntlet.001
Fra:1 Mem:17.70M (Peak 17.70M) | Time:00:00.00 | Mem:0.00M, Peak:0.00M | Scene, ViewLayer | Synchronizing object | Chest cuirass
Fra:1 Mem:17.76M (Peak 17.76M) | Time:00:00.00 | Mem:0.00M, Peak:0.00M | Scene, ViewLayer | Synchronizing object | Chest seam
Fra:1 Mem:17.76M (Peak 17.76M) | Time:00:00.00 | Mem:0.00M, Peak:0.00M | Scene, ViewLayer | Synchronizing object | Expedition insignia
Fra:1 Mem:17.78M (Peak 17.78M) | Time:00:00.00 | Mem:0.00M, Peak:0.00M | Scene, ViewLayer | Synchronizing object | Scarf collar
Fra:1 Mem:17.80M (Peak 17.80M) | Time:00:00.00 | Mem:0.00M, Peak:0.00M | Scene, ViewLayer | Synchronizing object | Face
Fra:1 Mem:17.83M (Peak 17.83M) | Time:00:00.00 | Mem:0.00M, Peak:0.00M | Scene, ViewLayer | Synchronizing object | Hair crown
Fra:1 Mem:17.82M (Peak 17.83M) | Time:00:00.00 | Mem:0.00M, Peak:0.00M | Scene, ViewLayer | Synchronizing object | Rear hair locks
Fra:1 Mem:17.84M (Peak 17.84M) | Time:00:00.00 | Mem:0.00M, Peak:0.00M | Scene, ViewLayer | Synchronizing object | Silver fringe.001
Fra:1 Mem:17.90M (Peak 17.90M) | Time:00:00.00 | Mem:0.00M, Peak:0.00M | Scene, ViewLayer | Synchronizing object | Silver fringe.003
Fra:1 Mem:17.88M (Peak 17.90M) | Time:00:00.00 | Mem:0.00M, Peak:0.00M | Scene, ViewLayer | Synchronizing object | Eye outline
Fra:1 Mem:17.91M (Peak 17.91M) | Time:00:00.00 | Mem:0.00M, Peak:0.00M | Scene, ViewLayer | Synchronizing object | Eye light
Fra:1 Mem:17.93M (Peak 17.93M) | Time:00:00.00 | Mem:0.00M, Peak:0.00M | Scene, ViewLayer | Synchronizing object | Eye outline.001
Fra:1 Mem:17.94M (Peak 17.94M) | Time:00:00.00 | Mem:0.00M, Peak:0.00M | Scene, ViewLayer | Synchronizing object | Eye.001
Fra:1 Mem:17.95M (Peak 17.95M) | Time:00:00.00 | Mem:0.00M, Peak:0.00M | Scene, ViewLayer | Synchronizing object | Nose
Fra:1 Mem:18.00M (Peak 18.00M) | Time:00:00.00 | Mem:0.00M, Peak:0.00M | Scene, ViewLayer | Synchronizing object | Mouth
Fra:1 Mem:18.01M (Peak 18.01M) | Time:00:00.00 | Mem:0.00M, Peak:0.00M | Scene, ViewLayer | Synchronizing object | Expedition cape
Fra:1 Mem:18.09M (Peak 18.09M) | Time:00:00.00 | Mem:0.00M, Peak:0.00M | Scene, ViewLayer | Initializing
Fra:1 Mem:14.95M (Peak 18.09M) | Time:00:00.00 | Mem:0.00M, Peak:0.00M | Scene, ViewLayer | Waiting for render to start
Fra:1 Mem:14.95M (Peak 18.09M) | Time:00:00.00 | Mem:0.00M, Peak:0.00M | Scene, ViewLayer | Updating Scene
Fra:1 Mem:14.95M (Peak 18.09M) | Time:00:00.00 | Mem:0.00M, Peak:0.00M | Scene, ViewLayer | Updating Shaders
Fra:1 Mem:14.95M (Peak 18.09M) | Time:00:00.00 | Mem:0.00M, Peak:0.00M | Scene, ViewLayer | Loading render kernels (may take a few minutes the first time)
Fra:1 Mem:15.04M (Peak 18.09M) | Time:00:00.00 | Mem:0.01M, Peak:0.01M | Scene, ViewLayer | Updating Procedurals
Fra:1 Mem:15.04M (Peak 18.09M) | Time:00:00.00 | Mem:0.01M, Peak:0.01M | Scene, ViewLayer | Updating Background
Fra:1 Mem:15.04M (Peak 18.09M) | Time:00:00.00 | Mem:0.01M, Peak:0.01M | Scene, ViewLayer | Updating Camera
Fra:1 Mem:15.04M (Peak 18.09M) | Time:00:00.00 | Mem:0.01M, Peak:0.01M | Scene, ViewLayer | Updating Meshes Flags
Fra:1 Mem:15.04M (Peak 18.09M) | Time:00:00.00 | Mem:0.01M, Peak:0.01M | Scene, ViewLayer | Updating Objects
Fra:1 Mem:15.04M (Peak 18.09M) | Time:00:00.00 | Mem:0.01M, Peak:0.01M | Scene, ViewLayer | Updating Objects | Copying Transformations to device
Fra:1 Mem:15.05M (Peak 18.09M) | Time:00:00.00 | Mem:0.02M, Peak:0.02M | Scene, ViewLayer | Updating Particle Systems
Fra:1 Mem:15.05M (Peak 18.09M) | Time:00:00.00 | Mem:0.02M, Peak:0.02M | Scene, ViewLayer | Updating Particle Systems | Copying Particles to device
Fra:1 Mem:15.05M (Peak 18.09M) | Time:00:00.00 | Mem:0.02M, Peak:0.02M | Scene, ViewLayer | Updating Meshes
Fra:1 Mem:15.05M (Peak 18.09M) | Time:00:00.00 | Mem:0.02M, Peak:0.02M | Scene, ViewLayer | Updating Objects | Applying Static Transformations
Fra:1 Mem:15.05M (Peak 18.09M) | Time:00:00.00 | Mem:0.02M, Peak:0.02M | Scene, ViewLayer | Updating Mesh | Computing attributes
Fra:1 Mem:15.16M (Peak 18.09M) | Time:00:00.00 | Mem:0.02M, Peak:0.02M | Scene, ViewLayer | Updating Mesh | Copying Attributes to device
Fra:1 Mem:15.16M (Peak 18.09M) | Time:00:00.00 | Mem:0.12M, Peak:0.12M | Scene, ViewLayer | Updating Scene BVH | Building
Fra:1 Mem:15.16M (Peak 18.09M) | Time:00:00.00 | Mem:0.12M, Peak:0.12M | Scene, ViewLayer | Updating Scene BVH | Building BVH
Fra:1 Mem:15.16M (Peak 18.09M) | Time:00:00.00 | Mem:0.76M, Peak:1.06M | Scene, ViewLayer | Updating Scene BVH | Copying BVH to device
Fra:1 Mem:15.16M (Peak 18.09M) | Time:00:00.00 | Mem:0.76M, Peak:1.06M | Scene, ViewLayer | Updating Mesh | Computing normals
Fra:1 Mem:15.51M (Peak 18.09M) | Time:00:00.00 | Mem:0.76M, Peak:1.06M | Scene, ViewLayer | Updating Mesh | Copying Mesh to device
Fra:1 Mem:15.51M (Peak 18.09M) | Time:00:00.00 | Mem:1.11M, Peak:1.11M | Scene, ViewLayer | Updating Objects Flags
Fra:1 Mem:15.51M (Peak 18.09M) | Time:00:00.00 | Mem:1.11M, Peak:1.11M | Scene, ViewLayer | Updating Primitive Offsets
Fra:1 Mem:15.51M (Peak 18.09M) | Time:00:00.00 | Mem:1.11M, Peak:1.11M | Scene, ViewLayer | Updating Images
Fra:1 Mem:15.51M (Peak 18.09M) | Time:00:00.00 | Mem:1.11M, Peak:1.11M | Scene, ViewLayer | Updating Camera Volume
Fra:1 Mem:15.51M (Peak 18.09M) | Time:00:00.00 | Mem:1.11M, Peak:1.11M | Scene, ViewLayer | Updating Lookup Tables
Fra:1 Mem:15.51M (Peak 18.09M) | Time:00:00.00 | Mem:1.19M, Peak:1.19M | Scene, ViewLayer | Updating Lights
Fra:1 Mem:15.51M (Peak 18.09M) | Time:00:00.00 | Mem:1.19M, Peak:1.19M | Scene, ViewLayer | Updating Lights | Computing tree
Fra:1 Mem:15.51M (Peak 18.09M) | Time:00:00.00 | Mem:1.19M, Peak:1.19M | Scene, ViewLayer | Updating Integrator
Fra:1 Mem:15.51M (Peak 18.09M) | Time:00:00.00 | Mem:1.19M, Peak:1.19M | Scene, ViewLayer | Updating Film
Fra:1 Mem:15.51M (Peak 18.09M) | Time:00:00.00 | Mem:1.11M, Peak:1.19M | Scene, ViewLayer | Updating Lookup Tables
Fra:1 Mem:15.51M (Peak 18.09M) | Time:00:00.00 | Mem:1.20M, Peak:1.20M | Scene, ViewLayer | Updating Baking
Fra:1 Mem:15.51M (Peak 18.09M) | Time:00:00.00 | Mem:1.20M, Peak:1.20M | Scene, ViewLayer | Updating Device | Writing constant memory
Fra:1 Mem:15.52M (Peak 18.09M) | Time:00:00.00 | Mem:1.20M, Peak:1.20M | Scene, ViewLayer | Loading denoising kernels (may take a few minutes the first time)
Fra:1 Mem:15.52M (Peak 18.09M) | Time:00:00.00 | Mem:1.20M, Peak:1.20M | Scene, ViewLayer | Sample 0/32
Fra:1 Mem:21.61M (Peak 21.61M) | Time:00:00.00 | Remaining:00:00.10 | Mem:7.14M, Peak:7.14M | Scene, ViewLayer | Sample 1/32
Fra:1 Mem:24.12M (Peak 27.87M) | Time:00:00.23 | Mem:7.14M, Peak:7.14M | Scene, ViewLayer | Sample 32/32
Fra:1 Mem:24.12M (Peak 27.87M) | Time:00:00.23 | Mem:7.14M, Peak:7.14M | Scene, ViewLayer | Finished
Saved: '/Users/al/git/Starbase2/.local/character-frames/captain/right-5.png'
Time: 00:00.23 (Saving: 00:00.00)

Fra:1 Mem:17.31M (Peak 17.31M) | Time:00:00.00 | Mem:0.00M, Peak:0.00M | Scene, ViewLayer | Synchronizing object | Flight armor
Fra:1 Mem:17.31M (Peak 17.31M) | Time:00:00.00 | Mem:0.00M, Peak:0.00M | Scene, ViewLayer | Synchronizing object | Belt pouch.001
Fra:1 Mem:17.33M (Peak 17.33M) | Time:00:00.00 | Mem:0.00M, Peak:0.00M | Scene, ViewLayer | Synchronizing object | Knee gasket
Fra:1 Mem:17.36M (Peak 17.36M) | Time:00:00.00 | Mem:0.00M, Peak:0.00M | Scene, ViewLayer | Synchronizing object | Knee plate
Fra:1 Mem:17.47M (Peak 17.47M) | Time:00:00.00 | Mem:0.00M, Peak:0.00M | Scene, ViewLayer | Synchronizing object | Shin
Fra:1 Mem:17.46M (Peak 17.47M) | Time:00:00.00 | Mem:0.00M, Peak:0.00M | Scene, ViewLayer | Synchronizing object | Toe plate
Fra:1 Mem:17.51M (Peak 17.51M) | Time:00:00.00 | Mem:0.00M, Peak:0.00M | Scene, ViewLayer | Synchronizing object | Boot trim
Fra:1 Mem:17.53M (Peak 17.53M) | Time:00:00.00 | Mem:0.00M, Peak:0.00M | Scene, ViewLayer | Synchronizing object | Shoulder shell
Fra:1 Mem:17.54M (Peak 17.54M) | Time:00:00.00 | Mem:0.00M, Peak:0.00M | Scene, ViewLayer | Synchronizing object | Rim
Fra:1 Mem:17.58M (Peak 17.58M) | Time:00:00.00 | Mem:0.00M, Peak:0.00M | Scene, ViewLayer | Synchronizing object | Mission stripe
Fra:1 Mem:17.54M (Peak 17.58M) | Time:00:00.00 | Mem:0.00M, Peak:0.00M | Scene, ViewLayer | Synchronizing object | Gauntlet
Fra:1 Mem:17.59M (Peak 17.59M) | Time:00:00.00 | Mem:0.00M, Peak:0.00M | Scene, ViewLayer | Synchronizing object | Glove
Fra:1 Mem:17.58M (Peak 17.59M) | Time:00:00.00 | Mem:0.00M, Peak:0.00M | Scene, ViewLayer | Synchronizing object | Thigh.001
Fra:1 Mem:17.56M (Peak 17.59M) | Time:00:00.00 | Mem:0.00M, Peak:0.00M | Scene, ViewLayer | Synchronizing object | Shin.001
Fra:1 Mem:17.58M (Peak 17.59M) | Time:00:00.00 | Mem:0.00M, Peak:0.00M | Scene, ViewLayer | Synchronizing object | Toe plate.001
Fra:1 Mem:17.59M (Peak 17.59M) | Time:00:00.00 | Mem:0.00M, Peak:0.00M | Scene, ViewLayer | Synchronizing object | Boot trim.001
Fra:1 Mem:17.61M (Peak 17.61M) | Time:00:00.00 | Mem:0.00M, Peak:0.00M | Scene, ViewLayer | Synchronizing object | Upper sleeve.001
Fra:1 Mem:17.65M (Peak 17.65M) | Time:00:00.00 | Mem:0.00M, Peak:0.00M | Scene, ViewLayer | Synchronizing object | Shoulder shell.001
Fra:1 Mem:17.66M (Peak 17.66M) | Time:00:00.00 | Mem:0.00M, Peak:0.00M | Scene, ViewLayer | Synchronizing object | Mission stripe.001
Fra:1 Mem:17.68M (Peak 17.68M) | Time:00:00.00 | Mem:0.00M, Peak:0.00M | Scene, ViewLayer | Synchronizing object | Gauntlet.001
Fra:1 Mem:17.68M (Peak 17.68M) | Time:00:00.00 | Mem:0.00M, Peak:0.00M | Scene, ViewLayer | Synchronizing object | Glove.001
Fra:1 Mem:17.69M (Peak 17.69M) | Time:00:00.00 | Mem:0.00M, Peak:0.00M | Scene, ViewLayer | Synchronizing object | Wrist display.001
Fra:1 Mem:17.73M (Peak 17.73M) | Time:00:00.00 | Mem:0.00M, Peak:0.00M | Scene, ViewLayer | Synchronizing object | Chest cuirass
Fra:1 Mem:17.74M (Peak 17.74M) | Time:00:00.00 | Mem:0.00M, Peak:0.00M | Scene, ViewLayer | Synchronizing object | Chest seam
Fra:1 Mem:17.84M (Peak 17.84M) | Time:00:00.00 | Mem:0.00M, Peak:0.00M | Scene, ViewLayer | Synchronizing object | Expedition insignia
Fra:1 Mem:17.86M (Peak 17.86M) | Time:00:00.00 | Mem:0.00M, Peak:0.00M | Scene, ViewLayer | Synchronizing object | Scarf collar
Fra:1 Mem:17.86M (Peak 17.86M) | Time:00:00.00 | Mem:0.00M, Peak:0.00M | Scene, ViewLayer | Synchronizing object | Face
Fra:1 Mem:17.87M (Peak 17.87M) | Time:00:00.00 | Mem:0.00M, Peak:0.00M | Scene, ViewLayer | Synchronizing object | Hair crown
Fra:1 Mem:17.87M (Peak 17.87M) | Time:00:00.00 | Mem:0.00M, Peak:0.00M | Scene, ViewLayer | Synchronizing object | Side hair.001
Fra:1 Mem:17.90M (Peak 17.90M) | Time:00:00.00 | Mem:0.00M, Peak:0.00M | Scene, ViewLayer | Synchronizing object | Silver fringe
Fra:1 Mem:17.89M (Peak 17.90M) | Time:00:00.00 | Mem:0.00M, Peak:0.00M | Scene, ViewLayer | Synchronizing object | Silver fringe.001
Fra:1 Mem:17.93M (Peak 17.93M) | Time:00:00.00 | Mem:0.00M, Peak:0.00M | Scene, ViewLayer | Synchronizing object | Eye outline
Fra:1 Mem:17.91M (Peak 17.93M) | Time:00:00.00 | Mem:0.00M, Peak:0.00M | Scene, ViewLayer | Synchronizing object | Expedition cape
Fra:1 Mem:17.94M (Peak 17.94M) | Time:00:00.00 | Mem:0.00M, Peak:0.00M | Scene, ViewLayer | Synchronizing object | Eye
Fra:1 Mem:17.93M (Peak 17.94M) | Time:00:00.00 | Mem:0.00M, Peak:0.00M | Scene, ViewLayer | Synchronizing object | Eye light
Fra:1 Mem:17.94M (Peak 17.94M) | Time:00:00.00 | Mem:0.00M, Peak:0.00M | Scene, ViewLayer | Synchronizing object | Eye outline.001
Fra:1 Mem:17.95M (Peak 17.95M) | Time:00:00.00 | Mem:0.00M, Peak:0.00M | Scene, ViewLayer | Synchronizing object | Eye.001
Fra:1 Mem:17.97M (Peak 17.97M) | Time:00:00.00 | Mem:0.00M, Peak:0.00M | Scene, ViewLayer | Synchronizing object | Eye light.001
Fra:1 Mem:17.98M (Peak 17.98M) | Time:00:00.00 | Mem:0.00M, Peak:0.00M | Scene, ViewLayer | Synchronizing object | Nose
Fra:1 Mem:18.00M (Peak 18.00M) | Time:00:00.00 | Mem:0.00M, Peak:0.00M | Scene, ViewLayer | Synchronizing object | Mouth
Fra:1 Mem:18.09M (Peak 18.09M) | Time:00:00.00 | Mem:0.00M, Peak:0.00M | Scene, ViewLayer | Initializing
Fra:1 Mem:14.95M (Peak 18.09M) | Time:00:00.00 | Mem:0.00M, Peak:0.00M | Scene, ViewLayer | Waiting for render to start
Fra:1 Mem:14.95M (Peak 18.09M) | Time:00:00.00 | Mem:0.00M, Peak:0.00M | Scene, ViewLayer | Updating Scene
Fra:1 Mem:14.95M (Peak 18.09M) | Time:00:00.00 | Mem:0.00M, Peak:0.00M | Scene, ViewLayer | Updating Shaders
Fra:1 Mem:14.95M (Peak 18.09M) | Time:00:00.00 | Mem:0.00M, Peak:0.00M | Scene, ViewLayer | Loading render kernels (may take a few minutes the first time)
Fra:1 Mem:15.04M (Peak 18.09M) | Time:00:00.00 | Mem:0.01M, Peak:0.01M | Scene, ViewLayer | Updating Procedurals
Fra:1 Mem:15.04M (Peak 18.09M) | Time:00:00.00 | Mem:0.01M, Peak:0.01M | Scene, ViewLayer | Updating Background
Fra:1 Mem:15.04M (Peak 18.09M) | Time:00:00.00 | Mem:0.01M, Peak:0.01M | Scene, ViewLayer | Updating Camera
Fra:1 Mem:15.04M (Peak 18.09M) | Time:00:00.00 | Mem:0.01M, Peak:0.01M | Scene, ViewLayer | Updating Meshes Flags
Fra:1 Mem:15.04M (Peak 18.09M) | Time:00:00.00 | Mem:0.01M, Peak:0.01M | Scene, ViewLayer | Updating Objects
Fra:1 Mem:15.04M (Peak 18.09M) | Time:00:00.00 | Mem:0.01M, Peak:0.01M | Scene, ViewLayer | Updating Objects | Copying Transformations to device
Fra:1 Mem:15.05M (Peak 18.09M) | Time:00:00.00 | Mem:0.02M, Peak:0.02M | Scene, ViewLayer | Updating Particle Systems
Fra:1 Mem:15.05M (Peak 18.09M) | Time:00:00.00 | Mem:0.02M, Peak:0.02M | Scene, ViewLayer | Updating Particle Systems | Copying Particles to device
Fra:1 Mem:15.05M (Peak 18.09M) | Time:00:00.00 | Mem:0.02M, Peak:0.02M | Scene, ViewLayer | Updating Meshes
Fra:1 Mem:15.05M (Peak 18.09M) | Time:00:00.00 | Mem:0.02M, Peak:0.02M | Scene, ViewLayer | Updating Objects | Applying Static Transformations
Fra:1 Mem:15.05M (Peak 18.09M) | Time:00:00.00 | Mem:0.02M, Peak:0.02M | Scene, ViewLayer | Updating Mesh | Computing attributes
Fra:1 Mem:15.16M (Peak 18.09M) | Time:00:00.00 | Mem:0.02M, Peak:0.02M | Scene, ViewLayer | Updating Mesh | Copying Attributes to device
Fra:1 Mem:15.16M (Peak 18.09M) | Time:00:00.00 | Mem:0.12M, Peak:0.12M | Scene, ViewLayer | Updating Scene BVH | Building
Fra:1 Mem:15.16M (Peak 18.09M) | Time:00:00.00 | Mem:0.12M, Peak:0.12M | Scene, ViewLayer | Updating Scene BVH | Building BVH
Fra:1 Mem:15.16M (Peak 18.09M) | Time:00:00.00 | Mem:0.43M, Peak:0.43M | Scene, ViewLayer | Updating Scene BVH | Building BVH 0%
Fra:1 Mem:15.16M (Peak 18.09M) | Time:00:00.00 | Mem:0.76M, Peak:1.06M | Scene, ViewLayer | Updating Scene BVH | Copying BVH to device
Fra:1 Mem:15.16M (Peak 18.09M) | Time:00:00.00 | Mem:0.76M, Peak:1.06M | Scene, ViewLayer | Updating Mesh | Computing normals
Fra:1 Mem:15.51M (Peak 18.09M) | Time:00:00.00 | Mem:0.76M, Peak:1.06M | Scene, ViewLayer | Updating Mesh | Copying Mesh to device
Fra:1 Mem:15.51M (Peak 18.09M) | Time:00:00.00 | Mem:1.11M, Peak:1.11M | Scene, ViewLayer | Updating Objects Flags
Fra:1 Mem:15.51M (Peak 18.09M) | Time:00:00.00 | Mem:1.11M, Peak:1.11M | Scene, ViewLayer | Updating Primitive Offsets
Fra:1 Mem:15.51M (Peak 18.09M) | Time:00:00.00 | Mem:1.11M, Peak:1.11M | Scene, ViewLayer | Updating Images
Fra:1 Mem:15.51M (Peak 18.09M) | Time:00:00.00 | Mem:1.11M, Peak:1.11M | Scene, ViewLayer | Updating Camera Volume
Fra:1 Mem:15.51M (Peak 18.09M) | Time:00:00.00 | Mem:1.11M, Peak:1.11M | Scene, ViewLayer | Updating Lookup Tables
Fra:1 Mem:15.51M (Peak 18.09M) | Time:00:00.00 | Mem:1.19M, Peak:1.19M | Scene, ViewLayer | Updating Lights
Fra:1 Mem:15.51M (Peak 18.09M) | Time:00:00.00 | Mem:1.19M, Peak:1.19M | Scene, ViewLayer | Updating Lights | Computing tree
Fra:1 Mem:15.51M (Peak 18.09M) | Time:00:00.00 | Mem:1.19M, Peak:1.19M | Scene, ViewLayer | Updating Integrator
Fra:1 Mem:15.51M (Peak 18.09M) | Time:00:00.00 | Mem:1.19M, Peak:1.19M | Scene, ViewLayer | Updating Film
Fra:1 Mem:15.51M (Peak 18.09M) | Time:00:00.00 | Mem:1.11M, Peak:1.19M | Scene, ViewLayer | Updating Lookup Tables
Fra:1 Mem:15.51M (Peak 18.09M) | Time:00:00.00 | Mem:1.20M, Peak:1.20M | Scene, ViewLayer | Updating Baking
Fra:1 Mem:15.51M (Peak 18.09M) | Time:00:00.00 | Mem:1.20M, Peak:1.20M | Scene, ViewLayer | Updating Device | Writing constant memory
Fra:1 Mem:15.52M (Peak 18.09M) | Time:00:00.00 | Mem:1.20M, Peak:1.20M | Scene, ViewLayer | Loading denoising kernels (may take a few minutes the first time)
Fra:1 Mem:15.52M (Peak 18.09M) | Time:00:00.00 | Mem:1.20M, Peak:1.20M | Scene, ViewLayer | Sample 0/32
Fra:1 Mem:21.61M (Peak 21.61M) | Time:00:00.00 | Remaining:00:00.10 | Mem:7.14M, Peak:7.14M | Scene, ViewLayer | Sample 1/32
Fra:1 Mem:24.12M (Peak 27.87M) | Time:00:00.23 | Mem:7.14M, Peak:7.14M | Scene, ViewLayer | Sample 32/32
Fra:1 Mem:24.12M (Peak 27.87M) | Time:00:00.23 | Mem:7.14M, Peak:7.14M | Scene, ViewLayer | Finished
Saved: '/Users/al/git/Starbase2/.local/character-frames/captain/right-6.png'
Time: 00:00.23 (Saving: 00:00.00)

Fra:1 Mem:17.31M (Peak 17.31M) | Time:00:00.00 | Mem:0.00M, Peak:0.00M | Scene, ViewLayer | Synchronizing object | Flight armor
Fra:1 Mem:17.32M (Peak 17.32M) | Time:00:00.00 | Mem:0.00M, Peak:0.00M | Scene, ViewLayer | Synchronizing object | Belt pouch
Fra:1 Mem:17.33M (Peak 17.33M) | Time:00:00.00 | Mem:0.00M, Peak:0.00M | Scene, ViewLayer | Synchronizing object | Shin
Fra:1 Mem:17.37M (Peak 17.37M) | Time:00:00.00 | Mem:0.00M, Peak:0.00M | Scene, ViewLayer | Synchronizing object | Boot
Fra:1 Mem:17.44M (Peak 17.44M) | Time:00:00.00 | Mem:0.00M, Peak:0.00M | Scene, ViewLayer | Synchronizing object | Toe plate
Fra:1 Mem:17.46M (Peak 17.46M) | Time:00:00.00 | Mem:0.00M, Peak:0.00M | Scene, ViewLayer | Synchronizing object | Boot trim
Fra:1 Mem:17.49M (Peak 17.49M) | Time:00:00.00 | Mem:0.00M, Peak:0.00M | Scene, ViewLayer | Synchronizing object | Shoulder shell
Fra:1 Mem:17.54M (Peak 17.54M) | Time:00:00.00 | Mem:0.00M, Peak:0.00M | Scene, ViewLayer | Synchronizing object | Mission stripe
Fra:1 Mem:17.57M (Peak 17.57M) | Time:00:00.00 | Mem:0.00M, Peak:0.00M | Scene, ViewLayer | Synchronizing object | Rim
Fra:1 Mem:17.54M (Peak 17.57M) | Time:00:00.00 | Mem:0.00M, Peak:0.00M | Scene, ViewLayer | Synchronizing object | Wrist display
Fra:1 Mem:17.55M (Peak 17.57M) | Time:00:00.00 | Mem:0.00M, Peak:0.00M | Scene, ViewLayer | Synchronizing object | Thigh.001
Fra:1 Mem:17.58M (Peak 17.58M) | Time:00:00.00 | Mem:0.00M, Peak:0.00M | Scene, ViewLayer | Synchronizing object | Knee plate.001
Fra:1 Mem:17.56M (Peak 17.58M) | Time:00:00.00 | Mem:0.00M, Peak:0.00M | Scene, ViewLayer | Synchronizing object | Shin.001
Fra:1 Mem:17.58M (Peak 17.58M) | Time:00:00.00 | Mem:0.00M, Peak:0.00M | Scene, ViewLayer | Synchronizing object | Key
Fra:1 Mem:17.58M (Peak 17.58M) | Time:00:00.00 | Mem:0.00M, Peak:0.00M | Scene, ViewLayer | Synchronizing object | Toe plate.001
Fra:1 Mem:17.58M (Peak 17.58M) | Time:00:00.00 | Mem:0.00M, Peak:0.00M | Scene, ViewLayer | Synchronizing object | Boot trim.001
Fra:1 Mem:17.65M (Peak 17.65M) | Time:00:00.00 | Mem:0.00M, Peak:0.00M | Scene, ViewLayer | Synchronizing object | Rear hair locks.001
Fra:1 Mem:17.67M (Peak 17.68M) | Time:00:00.00 | Mem:0.00M, Peak:0.00M | Scene, ViewLayer | Synchronizing object | Shoulder shell.001
Fra:1 Mem:17.67M (Peak 17.68M) | Time:00:00.00 | Mem:0.00M, Peak:0.00M | Scene, ViewLayer | Synchronizing object | Rear hair locks
Fra:1 Mem:17.69M (Peak 17.69M) | Time:00:00.00 | Mem:0.00M, Peak:0.00M | Scene, ViewLayer | Synchronizing object | Elbow joint.001
Fra:1 Mem:17.73M (Peak 17.73M) | Time:00:00.00 | Mem:0.00M, Peak:0.00M | Scene, ViewLayer | Synchronizing object | Expedition cape
Fra:1 Mem:17.74M (Peak 17.74M) | Time:00:00.00 | Mem:0.00M, Peak:0.00M | Scene, ViewLayer | Synchronizing object | Glove.001
Fra:1 Mem:17.75M (Peak 17.75M) | Time:00:00.00 | Mem:0.00M, Peak:0.00M | Scene, ViewLayer | Synchronizing object | Expedition insignia
Fra:1 Mem:17.80M (Peak 17.80M) | Time:00:00.00 | Mem:0.00M, Peak:0.00M | Scene, ViewLayer | Synchronizing object | Mouth
Fra:1 Mem:17.84M (Peak 17.84M) | Time:00:00.00 | Mem:0.00M, Peak:0.00M | Scene, ViewLayer | Synchronizing object | Scarf collar
Fra:1 Mem:17.87M (Peak 17.87M) | Time:00:00.00 | Mem:0.00M, Peak:0.00M | Scene, ViewLayer | Synchronizing object | Face
Fra:1 Mem:17.91M (Peak 17.91M) | Time:00:00.00 | Mem:0.00M, Peak:0.00M | Scene, ViewLayer | Synchronizing object | Side hair.001
Fra:1 Mem:17.88M (Peak 17.91M) | Time:00:00.00 | Mem:0.00M, Peak:0.00M | Scene, ViewLayer | Synchronizing object | Silver fringe.001
Fra:1 Mem:17.94M (Peak 17.94M) | Time:00:00.00 | Mem:0.00M, Peak:0.00M | Scene, ViewLayer | Synchronizing object | Silver fringe.002
Fra:1 Mem:17.96M (Peak 17.96M) | Time:00:00.00 | Mem:0.00M, Peak:0.00M | Scene, ViewLayer | Synchronizing object | Silver fringe.003
Fra:1 Mem:17.96M (Peak 17.96M) | Time:00:00.00 | Mem:0.00M, Peak:0.00M | Scene, ViewLayer | Synchronizing object | Eye outline.001
Fra:1 Mem:17.98M (Peak 17.98M) | Time:00:00.00 | Mem:0.00M, Peak:0.00M | Scene, ViewLayer | Synchronizing object | Eye.001
Fra:1 Mem:18.09M (Peak 18.09M) | Time:00:00.00 | Mem:0.00M, Peak:0.00M | Scene, ViewLayer | Initializing
Fra:1 Mem:14.95M (Peak 18.09M) | Time:00:00.00 | Mem:0.00M, Peak:0.00M | Scene, ViewLayer | Waiting for render to start
Fra:1 Mem:14.95M (Peak 18.09M) | Time:00:00.00 | Mem:0.00M, Peak:0.00M | Scene, ViewLayer | Updating Scene
Fra:1 Mem:14.95M (Peak 18.09M) | Time:00:00.00 | Mem:0.00M, Peak:0.00M | Scene, ViewLayer | Updating Shaders
Fra:1 Mem:14.95M (Peak 18.09M) | Time:00:00.00 | Mem:0.00M, Peak:0.00M | Scene, ViewLayer | Loading render kernels (may take a few minutes the first time)
Fra:1 Mem:15.04M (Peak 18.09M) | Time:00:00.00 | Mem:0.01M, Peak:0.01M | Scene, ViewLayer | Updating Procedurals
Fra:1 Mem:15.04M (Peak 18.09M) | Time:00:00.00 | Mem:0.01M, Peak:0.01M | Scene, ViewLayer | Updating Background
Fra:1 Mem:15.04M (Peak 18.09M) | Time:00:00.00 | Mem:0.01M, Peak:0.01M | Scene, ViewLayer | Updating Camera
Fra:1 Mem:15.04M (Peak 18.09M) | Time:00:00.00 | Mem:0.01M, Peak:0.01M | Scene, ViewLayer | Updating Meshes Flags
Fra:1 Mem:15.04M (Peak 18.09M) | Time:00:00.00 | Mem:0.01M, Peak:0.01M | Scene, ViewLayer | Updating Objects
Fra:1 Mem:15.04M (Peak 18.09M) | Time:00:00.00 | Mem:0.01M, Peak:0.01M | Scene, ViewLayer | Updating Objects | Copying Transformations to device
Fra:1 Mem:15.05M (Peak 18.09M) | Time:00:00.00 | Mem:0.02M, Peak:0.02M | Scene, ViewLayer | Updating Particle Systems
Fra:1 Mem:15.05M (Peak 18.09M) | Time:00:00.00 | Mem:0.02M, Peak:0.02M | Scene, ViewLayer | Updating Particle Systems | Copying Particles to device
Fra:1 Mem:15.05M (Peak 18.09M) | Time:00:00.00 | Mem:0.02M, Peak:0.02M | Scene, ViewLayer | Updating Meshes
Fra:1 Mem:15.05M (Peak 18.09M) | Time:00:00.00 | Mem:0.02M, Peak:0.02M | Scene, ViewLayer | Updating Objects | Applying Static Transformations
Fra:1 Mem:15.05M (Peak 18.09M) | Time:00:00.00 | Mem:0.02M, Peak:0.02M | Scene, ViewLayer | Updating Mesh | Computing attributes
Fra:1 Mem:15.16M (Peak 18.09M) | Time:00:00.00 | Mem:0.02M, Peak:0.02M | Scene, ViewLayer | Updating Mesh | Copying Attributes to device
Fra:1 Mem:15.16M (Peak 18.09M) | Time:00:00.00 | Mem:0.12M, Peak:0.12M | Scene, ViewLayer | Updating Scene BVH | Building
Fra:1 Mem:15.16M (Peak 18.09M) | Time:00:00.00 | Mem:0.12M, Peak:0.12M | Scene, ViewLayer | Updating Scene BVH | Building BVH
Fra:1 Mem:15.16M (Peak 18.09M) | Time:00:00.00 | Mem:0.76M, Peak:1.06M | Scene, ViewLayer | Updating Scene BVH | Copying BVH to device
Fra:1 Mem:15.16M (Peak 18.09M) | Time:00:00.00 | Mem:0.76M, Peak:1.06M | Scene, ViewLayer | Updating Mesh | Computing normals
Fra:1 Mem:15.51M (Peak 18.09M) | Time:00:00.00 | Mem:0.76M, Peak:1.06M | Scene, ViewLayer | Updating Mesh | Copying Mesh to device
Fra:1 Mem:15.51M (Peak 18.09M) | Time:00:00.00 | Mem:1.11M, Peak:1.11M | Scene, ViewLayer | Updating Objects Flags
Fra:1 Mem:15.51M (Peak 18.09M) | Time:00:00.00 | Mem:1.11M, Peak:1.11M | Scene, ViewLayer | Updating Primitive Offsets
Fra:1 Mem:15.51M (Peak 18.09M) | Time:00:00.00 | Mem:1.11M, Peak:1.11M | Scene, ViewLayer | Updating Images
Fra:1 Mem:15.51M (Peak 18.09M) | Time:00:00.00 | Mem:1.11M, Peak:1.11M | Scene, ViewLayer | Updating Camera Volume
Fra:1 Mem:15.51M (Peak 18.09M) | Time:00:00.00 | Mem:1.11M, Peak:1.11M | Scene, ViewLayer | Updating Lookup Tables
Fra:1 Mem:15.51M (Peak 18.09M) | Time:00:00.00 | Mem:1.19M, Peak:1.19M | Scene, ViewLayer | Updating Lights
Fra:1 Mem:15.51M (Peak 18.09M) | Time:00:00.00 | Mem:1.19M, Peak:1.19M | Scene, ViewLayer | Updating Lights | Computing tree
Fra:1 Mem:15.51M (Peak 18.09M) | Time:00:00.00 | Mem:1.19M, Peak:1.19M | Scene, ViewLayer | Updating Integrator
Fra:1 Mem:15.51M (Peak 18.09M) | Time:00:00.00 | Mem:1.19M, Peak:1.19M | Scene, ViewLayer | Updating Film
Fra:1 Mem:15.51M (Peak 18.09M) | Time:00:00.00 | Mem:1.11M, Peak:1.19M | Scene, ViewLayer | Updating Lookup Tables
Fra:1 Mem:15.51M (Peak 18.09M) | Time:00:00.00 | Mem:1.20M, Peak:1.20M | Scene, ViewLayer | Updating Baking
Fra:1 Mem:15.51M (Peak 18.09M) | Time:00:00.00 | Mem:1.20M, Peak:1.20M | Scene, ViewLayer | Updating Device | Writing constant memory
Fra:1 Mem:15.52M (Peak 18.09M) | Time:00:00.00 | Mem:1.20M, Peak:1.20M | Scene, ViewLayer | Loading denoising kernels (may take a few minutes the first time)
Fra:1 Mem:15.52M (Peak 18.09M) | Time:00:00.00 | Mem:1.20M, Peak:1.20M | Scene, ViewLayer | Sample 0/32
Fra:1 Mem:21.61M (Peak 21.61M) | Time:00:00.00 | Remaining:00:00.08 | Mem:7.14M, Peak:7.14M | Scene, ViewLayer | Sample 1/32
Fra:1 Mem:24.12M (Peak 27.87M) | Time:00:00.21 | Mem:7.14M, Peak:7.14M | Scene, ViewLayer | Sample 32/32
Fra:1 Mem:24.12M (Peak 27.87M) | Time:00:00.21 | Mem:7.14M, Peak:7.14M | Scene, ViewLayer | Finished
Saved: '/Users/al/git/Starbase2/.local/character-frames/captain/right-7.png'
Time: 00:00.21 (Saving: 00:00.00)

Fra:1 Mem:17.31M (Peak 17.31M) | Time:00:00.00 | Mem:0.00M, Peak:0.00M | Scene, ViewLayer | Synchronizing object | Flight armor
Fra:1 Mem:17.31M (Peak 17.31M) | Time:00:00.00 | Mem:0.00M, Peak:0.00M | Scene, ViewLayer | Synchronizing object | Knee plate
Fra:1 Mem:17.34M (Peak 17.34M) | Time:00:00.00 | Mem:0.00M, Peak:0.00M | Scene, ViewLayer | Synchronizing object | Shin
Fra:1 Mem:17.44M (Peak 17.44M) | Time:00:00.00 | Mem:0.00M, Peak:0.00M | Scene, ViewLayer | Synchronizing object | Boot
Fra:1 Mem:17.46M (Peak 17.46M) | Time:00:00.00 | Mem:0.00M, Peak:0.00M | Scene, ViewLayer | Synchronizing object | Toe plate
Fra:1 Mem:17.49M (Peak 17.49M) | Time:00:00.00 | Mem:0.00M, Peak:0.00M | Scene, ViewLayer | Synchronizing object | Rim
Fra:1 Mem:17.50M (Peak 17.50M) | Time:00:00.00 | Mem:0.00M, Peak:0.00M | Scene, ViewLayer | Synchronizing object | Shoulder shell
Fra:1 Mem:17.47M (Peak 17.50M) | Time:00:00.00 | Mem:0.00M, Peak:0.00M | Scene, ViewLayer | Synchronizing object | Gauntlet
Fra:1 Mem:17.48M (Peak 17.50M) | Time:00:00.00 | Mem:0.00M, Peak:0.00M | Scene, ViewLayer | Synchronizing object | Wrist display
Fra:1 Mem:17.54M (Peak 17.54M) | Time:00:00.00 | Mem:0.00M, Peak:0.00M | Scene, ViewLayer | Synchronizing object | Rear hair locks.001
Fra:1 Mem:17.56M (Peak 17.56M) | Time:00:00.00 | Mem:0.00M, Peak:0.00M | Scene, ViewLayer | Synchronizing object | Rear hair locks
Fra:1 Mem:17.57M (Peak 17.57M) | Time:00:00.00 | Mem:0.00M, Peak:0.00M | Scene, ViewLayer | Synchronizing object | Thigh.001
Fra:1 Mem:17.58M (Peak 17.58M) | Time:00:00.00 | Mem:0.00M, Peak:0.00M | Scene, ViewLayer | Synchronizing object | Knee gasket.001
Fra:1 Mem:17.64M (Peak 17.64M) | Time:00:00.00 | Mem:0.00M, Peak:0.00M | Scene, ViewLayer | Synchronizing object | Knee plate.001
Fra:1 Mem:17.60M (Peak 17.64M) | Time:00:00.00 | Mem:0.00M, Peak:0.00M | Scene, ViewLayer | Synchronizing object | Boot trim.001
Fra:1 Mem:17.65M (Peak 17.65M) | Time:00:00.00 | Mem:0.00M, Peak:0.00M | Scene, ViewLayer | Synchronizing object | Upper sleeve.001
Fra:1 Mem:17.66M (Peak 17.66M) | Time:00:00.00 | Mem:0.00M, Peak:0.00M | Scene, ViewLayer | Synchronizing object | Shoulder shell.001
Fra:1 Mem:17.71M (Peak 17.71M) | Time:00:00.00 | Mem:0.00M, Peak:0.00M | Scene, ViewLayer | Synchronizing object | Mission stripe.001
Fra:1 Mem:17.70M (Peak 17.71M) | Time:00:00.00 | Mem:0.00M, Peak:0.00M | Scene, ViewLayer | Synchronizing object | Glove.001
Fra:1 Mem:17.74M (Peak 17.74M) | Time:00:00.00 | Mem:0.00M, Peak:0.00M | Scene, ViewLayer | Synchronizing object | Wrist display.001
Fra:1 Mem:17.75M (Peak 17.75M) | Time:00:00.00 | Mem:0.00M, Peak:0.00M | Scene, ViewLayer | Synchronizing object | Chest cuirass
Fra:1 Mem:17.79M (Peak 17.79M) | Time:00:00.00 | Mem:0.00M, Peak:0.00M | Scene, ViewLayer | Synchronizing object | Chest seam
Fra:1 Mem:17.79M (Peak 17.79M) | Time:00:00.00 | Mem:0.00M, Peak:0.00M | Scene, ViewLayer | Synchronizing object | Scarf collar
Fra:1 Mem:17.85M (Peak 17.85M) | Time:00:00.00 | Mem:0.00M, Peak:0.00M | Scene, ViewLayer | Synchronizing object | Hair crown
Fra:1 Mem:17.89M (Peak 17.89M) | Time:00:00.00 | Mem:0.00M, Peak:0.00M | Scene, ViewLayer | Synchronizing object | Side hair
Fra:1 Mem:17.91M (Peak 17.91M) | Time:00:00.00 | Mem:0.00M, Peak:0.00M | Scene, ViewLayer | Synchronizing object | Expedition cape
Fra:1 Mem:17.93M (Peak 17.93M) | Time:00:00.00 | Mem:0.00M, Peak:0.00M | Scene, ViewLayer | Synchronizing object | Silver fringe
Fra:1 Mem:17.95M (Peak 17.95M) | Time:00:00.00 | Mem:0.00M, Peak:0.00M | Scene, ViewLayer | Synchronizing object | Silver fringe.002
Fra:1 Mem:17.95M (Peak 17.95M) | Time:00:00.00 | Mem:0.00M, Peak:0.00M | Scene, ViewLayer | Synchronizing object | Silver fringe.003
Fra:1 Mem:17.94M (Peak 17.95M) | Time:00:00.00 | Mem:0.00M, Peak:0.00M | Scene, ViewLayer | Synchronizing object | Eye light
Fra:1 Mem:17.98M (Peak 17.98M) | Time:00:00.00 | Mem:0.00M, Peak:0.00M | Scene, ViewLayer | Synchronizing object | Eye outline.001
Fra:1 Mem:18.00M (Peak 18.00M) | Time:00:00.00 | Mem:0.00M, Peak:0.00M | Scene, ViewLayer | Synchronizing object | Nose
Fra:1 Mem:18.02M (Peak 18.02M) | Time:00:00.00 | Mem:0.00M, Peak:0.00M | Scene, ViewLayer | Synchronizing object | Mouth
Fra:1 Mem:18.09M (Peak 18.09M) | Time:00:00.00 | Mem:0.00M, Peak:0.00M | Scene, ViewLayer | Initializing
Fra:1 Mem:14.95M (Peak 18.09M) | Time:00:00.00 | Mem:0.00M, Peak:0.00M | Scene, ViewLayer | Waiting for render to start
Fra:1 Mem:14.95M (Peak 18.09M) | Time:00:00.00 | Mem:0.00M, Peak:0.00M | Scene, ViewLayer | Updating Scene
Fra:1 Mem:14.95M (Peak 18.09M) | Time:00:00.00 | Mem:0.00M, Peak:0.00M | Scene, ViewLayer | Updating Shaders
Fra:1 Mem:14.95M (Peak 18.09M) | Time:00:00.00 | Mem:0.00M, Peak:0.00M | Scene, ViewLayer | Loading render kernels (may take a few minutes the first time)
Fra:1 Mem:15.04M (Peak 18.09M) | Time:00:00.00 | Mem:0.01M, Peak:0.01M | Scene, ViewLayer | Updating Procedurals
Fra:1 Mem:15.04M (Peak 18.09M) | Time:00:00.00 | Mem:0.01M, Peak:0.01M | Scene, ViewLayer | Updating Background
Fra:1 Mem:15.04M (Peak 18.09M) | Time:00:00.00 | Mem:0.01M, Peak:0.01M | Scene, ViewLayer | Updating Camera
Fra:1 Mem:15.04M (Peak 18.09M) | Time:00:00.00 | Mem:0.01M, Peak:0.01M | Scene, ViewLayer | Updating Meshes Flags
Fra:1 Mem:15.04M (Peak 18.09M) | Time:00:00.00 | Mem:0.01M, Peak:0.01M | Scene, ViewLayer | Updating Objects
Fra:1 Mem:15.04M (Peak 18.09M) | Time:00:00.00 | Mem:0.01M, Peak:0.01M | Scene, ViewLayer | Updating Objects | Copying Transformations to device
Fra:1 Mem:15.05M (Peak 18.09M) | Time:00:00.00 | Mem:0.02M, Peak:0.02M | Scene, ViewLayer | Updating Particle Systems
Fra:1 Mem:15.05M (Peak 18.09M) | Time:00:00.00 | Mem:0.02M, Peak:0.02M | Scene, ViewLayer | Updating Particle Systems | Copying Particles to device
Fra:1 Mem:15.05M (Peak 18.09M) | Time:00:00.00 | Mem:0.02M, Peak:0.02M | Scene, ViewLayer | Updating Meshes
Fra:1 Mem:15.05M (Peak 18.09M) | Time:00:00.00 | Mem:0.02M, Peak:0.02M | Scene, ViewLayer | Updating Objects | Applying Static Transformations
Fra:1 Mem:15.05M (Peak 18.09M) | Time:00:00.00 | Mem:0.02M, Peak:0.02M | Scene, ViewLayer | Updating Mesh | Computing attributes
Fra:1 Mem:15.16M (Peak 18.09M) | Time:00:00.00 | Mem:0.02M, Peak:0.02M | Scene, ViewLayer | Updating Mesh | Copying Attributes to device
Fra:1 Mem:15.16M (Peak 18.09M) | Time:00:00.00 | Mem:0.12M, Peak:0.12M | Scene, ViewLayer | Updating Scene BVH | Building
Fra:1 Mem:15.16M (Peak 18.09M) | Time:00:00.00 | Mem:0.12M, Peak:0.12M | Scene, ViewLayer | Updating Scene BVH | Building BVH
Fra:1 Mem:15.16M (Peak 18.09M) | Time:00:00.00 | Mem:0.43M, Peak:0.43M | Scene, ViewLayer | Updating Scene BVH | Building BVH 0%
Fra:1 Mem:15.16M (Peak 18.09M) | Time:00:00.00 | Mem:0.76M, Peak:1.06M | Scene, ViewLayer | Updating Scene BVH | Copying BVH to device
Fra:1 Mem:15.16M (Peak 18.09M) | Time:00:00.00 | Mem:0.76M, Peak:1.06M | Scene, ViewLayer | Updating Mesh | Computing normals
Fra:1 Mem:15.51M (Peak 18.09M) | Time:00:00.00 | Mem:0.76M, Peak:1.06M | Scene, ViewLayer | Updating Mesh | Copying Mesh to device
Fra:1 Mem:15.51M (Peak 18.09M) | Time:00:00.00 | Mem:1.11M, Peak:1.11M | Scene, ViewLayer | Updating Objects Flags
Fra:1 Mem:15.51M (Peak 18.09M) | Time:00:00.00 | Mem:1.11M, Peak:1.11M | Scene, ViewLayer | Updating Primitive Offsets
Fra:1 Mem:15.51M (Peak 18.09M) | Time:00:00.00 | Mem:1.11M, Peak:1.11M | Scene, ViewLayer | Updating Images
Fra:1 Mem:15.51M (Peak 18.09M) | Time:00:00.00 | Mem:1.11M, Peak:1.11M | Scene, ViewLayer | Updating Camera Volume
Fra:1 Mem:15.51M (Peak 18.09M) | Time:00:00.00 | Mem:1.11M, Peak:1.11M | Scene, ViewLayer | Updating Lookup Tables
Fra:1 Mem:15.51M (Peak 18.09M) | Time:00:00.00 | Mem:1.19M, Peak:1.19M | Scene, ViewLayer | Updating Lights
Fra:1 Mem:15.51M (Peak 18.09M) | Time:00:00.00 | Mem:1.19M, Peak:1.19M | Scene, ViewLayer | Updating Lights | Computing tree
Fra:1 Mem:15.51M (Peak 18.09M) | Time:00:00.00 | Mem:1.19M, Peak:1.19M | Scene, ViewLayer | Updating Integrator
Fra:1 Mem:15.51M (Peak 18.09M) | Time:00:00.00 | Mem:1.19M, Peak:1.19M | Scene, ViewLayer | Updating Film
Fra:1 Mem:15.51M (Peak 18.09M) | Time:00:00.00 | Mem:1.11M, Peak:1.19M | Scene, ViewLayer | Updating Lookup Tables
Fra:1 Mem:15.51M (Peak 18.09M) | Time:00:00.00 | Mem:1.20M, Peak:1.20M | Scene, ViewLayer | Updating Baking
Fra:1 Mem:15.51M (Peak 18.09M) | Time:00:00.00 | Mem:1.20M, Peak:1.20M | Scene, ViewLayer | Updating Device | Writing constant memory
Fra:1 Mem:15.52M (Peak 18.09M) | Time:00:00.00 | Mem:1.20M, Peak:1.20M | Scene, ViewLayer | Loading denoising kernels (may take a few minutes the first time)
Fra:1 Mem:15.52M (Peak 18.09M) | Time:00:00.00 | Mem:1.20M, Peak:1.20M | Scene, ViewLayer | Sample 0/32
Fra:1 Mem:21.61M (Peak 21.61M) | Time:00:00.00 | Remaining:00:00.09 | Mem:7.14M, Peak:7.14M | Scene, ViewLayer | Sample 1/32
Fra:1 Mem:24.12M (Peak 27.87M) | Time:00:00.22 | Mem:7.14M, Peak:7.14M | Scene, ViewLayer | Sample 32/32
Fra:1 Mem:24.12M (Peak 27.87M) | Time:00:00.22 | Mem:7.14M, Peak:7.14M | Scene, ViewLayer | Finished
Saved: '/Users/al/git/Starbase2/.local/character-frames/captain/right-8.png'
Time: 00:00.23 (Saving: 00:00.00)

Fra:1 Mem:17.37M (Peak 17.37M) | Time:00:00.00 | Mem:0.00M, Peak:0.00M | Scene, ViewLayer | Synchronizing object | Pressure torso
Fra:1 Mem:17.38M (Peak 17.38M) | Time:00:00.00 | Mem:0.00M, Peak:0.00M | Scene, ViewLayer | Synchronizing object | Thigh
Fra:1 Mem:17.40M (Peak 17.40M) | Time:00:00.00 | Mem:0.00M, Peak:0.00M | Scene, ViewLayer | Synchronizing object | Shin
Fra:1 Mem:17.47M (Peak 17.47M) | Time:00:00.00 | Mem:0.00M, Peak:0.00M | Scene, ViewLayer | Synchronizing object | Boot
Fra:1 Mem:17.54M (Peak 17.54M) | Time:00:00.00 | Mem:0.00M, Peak:0.00M | Scene, ViewLayer | Synchronizing object | Toe plate
Fra:1 Mem:17.54M (Peak 17.54M) | Time:00:00.00 | Mem:0.00M, Peak:0.00M | Scene, ViewLayer | Synchronizing object | Boot trim
Fra:1 Mem:17.57M (Peak 17.57M) | Time:00:00.00 | Mem:0.00M, Peak:0.00M | Scene, ViewLayer | Synchronizing object | Upper sleeve
Fra:1 Mem:17.59M (Peak 17.59M) | Time:00:00.00 | Mem:0.00M, Peak:0.00M | Scene, ViewLayer | Synchronizing object | Rim
Fra:1 Mem:17.60M (Peak 17.60M) | Time:00:00.00 | Mem:0.00M, Peak:0.00M | Scene, ViewLayer | Synchronizing object | Key
Fra:1 Mem:17.58M (Peak 17.60M) | Time:00:00.00 | Mem:0.00M, Peak:0.00M | Scene, ViewLayer | Synchronizing object | Control.002
Fra:1 Mem:17.58M (Peak 17.60M) | Time:00:00.00 | Mem:0.00M, Peak:0.00M | Scene, ViewLayer | Synchronizing object | Gauntlet
Fra:1 Mem:17.60M (Peak 17.60M) | Time:00:00.00 | Mem:0.00M, Peak:0.00M | Scene, ViewLayer | Synchronizing object | Glove
Fra:1 Mem:17.61M (Peak 17.61M) | Time:00:00.00 | Mem:0.00M, Peak:0.00M | Scene, ViewLayer | Synchronizing object | Control.001
Fra:1 Mem:17.64M (Peak 17.64M) | Time:00:00.00 | Mem:0.00M, Peak:0.00M | Scene, ViewLayer | Synchronizing object | Wrist display
Fra:1 Mem:17.67M (Peak 17.67M) | Time:00:00.00 | Mem:0.00M, Peak:0.00M | Scene, ViewLayer | Synchronizing object | Pressure fold
Fra:1 Mem:17.65M (Peak 17.67M) | Time:00:00.00 | Mem:0.00M, Peak:0.00M | Scene, ViewLayer | Synchronizing object | Pressure fold.001
Fra:1 Mem:17.68M (Peak 17.68M) | Time:00:00.00 | Mem:0.00M, Peak:0.00M | Scene, ViewLayer | Synchronizing object | Pressure fold.002
Fra:1 Mem:17.69M (Peak 17.69M) | Time:00:00.00 | Mem:0.00M, Peak:0.00M | Scene, ViewLayer | Synchronizing object | Knee plate.001
Fra:1 Mem:17.69M (Peak 17.69M) | Time:00:00.00 | Mem:0.00M, Peak:0.00M | Scene, ViewLayer | Synchronizing object | Shin.001
Fra:1 Mem:17.73M (Peak 17.73M) | Time:00:00.00 | Mem:0.00M, Peak:0.00M | Scene, ViewLayer | Synchronizing object | Control
Fra:1 Mem:17.76M (Peak 17.76M) | Time:00:00.00 | Mem:0.00M, Peak:0.00M | Scene, ViewLayer | Synchronizing object | Boot.001
Fra:1 Mem:17.78M (Peak 17.78M) | Time:00:00.00 | Mem:0.00M, Peak:0.00M | Scene, ViewLayer | Synchronizing object | Toe plate.001
Fra:1 Mem:17.84M (Peak 17.84M) | Time:00:00.00 | Mem:0.00M, Peak:0.00M | Scene, ViewLayer | Synchronizing object | Boot trim.001
Fra:1 Mem:17.90M (Peak 17.91M) | Time:00:00.00 | Mem:0.00M, Peak:0.00M | Scene, ViewLayer | Synchronizing object | Upper sleeve.001
Fra:1 Mem:17.91M (Peak 17.91M) | Time:00:00.00 | Mem:0.00M, Peak:0.00M | Scene, ViewLayer | Synchronizing object | Mission stripe.001
Fra:1 Mem:17.94M (Peak 17.94M) | Time:00:00.00 | Mem:0.00M, Peak:0.00M | Scene, ViewLayer | Synchronizing object | Glove.001
Fra:1 Mem:17.94M (Peak 17.94M) | Time:00:00.00 | Mem:0.00M, Peak:0.00M | Scene, ViewLayer | Synchronizing object | Display glass
Fra:1 Mem:17.96M (Peak 17.96M) | Time:00:00.00 | Mem:0.00M, Peak:0.00M | Scene, ViewLayer | Synchronizing object | Pressure fold.006
Fra:1 Mem:17.97M (Peak 17.97M) | Time:00:00.00 | Mem:0.00M, Peak:0.00M | Scene, ViewLayer | Synchronizing object | Pressure fold.007
Fra:1 Mem:17.98M (Peak 17.98M) | Time:00:00.00 | Mem:0.00M, Peak:0.00M | Scene, ViewLayer | Synchronizing object | Life support pack
Fra:1 Mem:17.99M (Peak 17.99M) | Time:00:00.00 | Mem:0.00M, Peak:0.00M | Scene, ViewLayer | Synchronizing object | Pack inset
Fra:1 Mem:18.00M (Peak 18.00M) | Time:00:00.00 | Mem:0.00M, Peak:0.00M | Scene, ViewLayer | Synchronizing object | Oxygen cylinder
Fra:1 Mem:18.08M (Peak 18.08M) | Time:00:00.00 | Mem:0.00M, Peak:0.00M | Scene, ViewLayer | Synchronizing object | Oxygen cylinder.001
Fra:1 Mem:18.11M (Peak 18.11M) | Time:00:00.00 | Mem:0.00M, Peak:0.00M | Scene, ViewLayer | Synchronizing object | Neck seal
Fra:1 Mem:18.08M (Peak 18.11M) | Time:00:00.00 | Mem:0.00M, Peak:0.00M | Scene, ViewLayer | Synchronizing object | Helmet
Fra:1 Mem:18.12M (Peak 18.12M) | Time:00:00.00 | Mem:0.00M, Peak:0.00M | Scene, ViewLayer | Synchronizing object | Visor seal
Fra:1 Mem:18.14M (Peak 18.14M) | Time:00:00.00 | Mem:0.00M, Peak:0.00M | Scene, ViewLayer | Synchronizing object | Amber visor
Fra:1 Mem:18.15M (Peak 18.15M) | Time:00:00.00 | Mem:0.00M, Peak:0.00M | Scene, ViewLayer | Synchronizing object | Visor glint
Fra:1 Mem:18.16M (Peak 18.16M) | Time:00:00.00 | Mem:0.00M, Peak:0.00M | Scene, ViewLayer | Synchronizing object | Comms housing
Fra:1 Mem:18.18M (Peak 18.18M) | Time:00:00.00 | Mem:0.00M, Peak:0.00M | Scene, ViewLayer | Synchronizing object | Comms housing.001
Fra:1 Mem:18.19M (Peak 18.19M) | Time:00:00.00 | Mem:0.00M, Peak:0.00M | Scene, ViewLayer | Synchronizing object | Telemetry display
Fra:1 Mem:18.31M (Peak 18.31M) | Time:00:00.00 | Mem:0.00M, Peak:0.00M | Scene, ViewLayer | Initializing
Fra:1 Mem:15.10M (Peak 18.31M) | Time:00:00.00 | Mem:0.00M, Peak:0.00M | Scene, ViewLayer | Waiting for render to start
Fra:1 Mem:15.10M (Peak 18.31M) | Time:00:00.00 | Mem:0.00M, Peak:0.00M | Scene, ViewLayer | Updating Scene
Fra:1 Mem:15.10M (Peak 18.31M) | Time:00:00.00 | Mem:0.00M, Peak:0.00M | Scene, ViewLayer | Updating Shaders
Fra:1 Mem:15.10M (Peak 18.31M) | Time:00:00.00 | Mem:0.00M, Peak:0.00M | Scene, ViewLayer | Loading render kernels (may take a few minutes the first time)
Fra:1 Mem:15.18M (Peak 18.31M) | Time:00:00.00 | Mem:0.01M, Peak:0.01M | Scene, ViewLayer | Updating Procedurals
Fra:1 Mem:15.18M (Peak 18.31M) | Time:00:00.00 | Mem:0.01M, Peak:0.01M | Scene, ViewLayer | Updating Background
Fra:1 Mem:15.18M (Peak 18.31M) | Time:00:00.00 | Mem:0.01M, Peak:0.01M | Scene, ViewLayer | Updating Camera
Fra:1 Mem:15.18M (Peak 18.31M) | Time:00:00.00 | Mem:0.01M, Peak:0.01M | Scene, ViewLayer | Updating Meshes Flags
Fra:1 Mem:15.18M (Peak 18.31M) | Time:00:00.00 | Mem:0.01M, Peak:0.01M | Scene, ViewLayer | Updating Objects
Fra:1 Mem:15.18M (Peak 18.31M) | Time:00:00.00 | Mem:0.01M, Peak:0.01M | Scene, ViewLayer | Updating Objects | Copying Transformations to device
Fra:1 Mem:15.20M (Peak 18.31M) | Time:00:00.00 | Mem:0.02M, Peak:0.02M | Scene, ViewLayer | Updating Particle Systems
Fra:1 Mem:15.20M (Peak 18.31M) | Time:00:00.00 | Mem:0.02M, Peak:0.02M | Scene, ViewLayer | Updating Particle Systems | Copying Particles to device
Fra:1 Mem:15.20M (Peak 18.31M) | Time:00:00.00 | Mem:0.02M, Peak:0.02M | Scene, ViewLayer | Updating Meshes
Fra:1 Mem:15.20M (Peak 18.31M) | Time:00:00.00 | Mem:0.02M, Peak:0.02M | Scene, ViewLayer | Updating Objects | Applying Static Transformations
Fra:1 Mem:15.20M (Peak 18.31M) | Time:00:00.00 | Mem:0.02M, Peak:0.02M | Scene, ViewLayer | Updating Mesh | Computing attributes
Fra:1 Mem:15.32M (Peak 18.31M) | Time:00:00.00 | Mem:0.02M, Peak:0.02M | Scene, ViewLayer | Updating Mesh | Copying Attributes to device
Fra:1 Mem:15.31M (Peak 18.31M) | Time:00:00.00 | Mem:0.13M, Peak:0.13M | Scene, ViewLayer | Updating Scene BVH | Building
Fra:1 Mem:15.31M (Peak 18.31M) | Time:00:00.00 | Mem:0.13M, Peak:0.13M | Scene, ViewLayer | Updating Scene BVH | Building BVH
Fra:1 Mem:15.31M (Peak 18.31M) | Time:00:00.00 | Mem:0.45M, Peak:0.45M | Scene, ViewLayer | Updating Scene BVH | Building BVH 0%
Fra:1 Mem:15.31M (Peak 18.31M) | Time:00:00.00 | Mem:0.83M, Peak:1.15M | Scene, ViewLayer | Updating Scene BVH | Copying BVH to device
Fra:1 Mem:15.31M (Peak 18.31M) | Time:00:00.00 | Mem:0.83M, Peak:1.15M | Scene, ViewLayer | Updating Mesh | Computing normals
Fra:1 Mem:15.69M (Peak 18.31M) | Time:00:00.00 | Mem:0.83M, Peak:1.15M | Scene, ViewLayer | Updating Mesh | Copying Mesh to device
Fra:1 Mem:15.69M (Peak 18.31M) | Time:00:00.00 | Mem:1.21M, Peak:1.21M | Scene, ViewLayer | Updating Objects Flags
Fra:1 Mem:15.69M (Peak 18.31M) | Time:00:00.00 | Mem:1.21M, Peak:1.21M | Scene, ViewLayer | Updating Primitive Offsets
Fra:1 Mem:15.69M (Peak 18.31M) | Time:00:00.00 | Mem:1.21M, Peak:1.21M | Scene, ViewLayer | Updating Images
Fra:1 Mem:15.69M (Peak 18.31M) | Time:00:00.00 | Mem:1.21M, Peak:1.21M | Scene, ViewLayer | Updating Camera Volume
Fra:1 Mem:15.69M (Peak 18.31M) | Time:00:00.00 | Mem:1.21M, Peak:1.21M | Scene, ViewLayer | Updating Lookup Tables
Fra:1 Mem:15.69M (Peak 18.31M) | Time:00:00.00 | Mem:1.29M, Peak:1.29M | Scene, ViewLayer | Updating Lights
Fra:1 Mem:15.69M (Peak 18.31M) | Time:00:00.00 | Mem:1.29M, Peak:1.29M | Scene, ViewLayer | Updating Lights | Computing tree
Fra:1 Mem:15.69M (Peak 18.31M) | Time:00:00.00 | Mem:1.29M, Peak:1.29M | Scene, ViewLayer | Updating Integrator
Fra:1 Mem:15.69M (Peak 18.31M) | Time:00:00.00 | Mem:1.29M, Peak:1.29M | Scene, ViewLayer | Updating Film
Fra:1 Mem:15.69M (Peak 18.31M) | Time:00:00.00 | Mem:1.21M, Peak:1.29M | Scene, ViewLayer | Updating Lookup Tables
Fra:1 Mem:15.69M (Peak 18.31M) | Time:00:00.00 | Mem:1.30M, Peak:1.30M | Scene, ViewLayer | Updating Baking
Fra:1 Mem:15.69M (Peak 18.31M) | Time:00:00.00 | Mem:1.30M, Peak:1.30M | Scene, ViewLayer | Updating Device | Writing constant memory
Fra:1 Mem:15.70M (Peak 18.31M) | Time:00:00.00 | Mem:1.30M, Peak:1.30M | Scene, ViewLayer | Loading denoising kernels (may take a few minutes the first time)
Fra:1 Mem:15.70M (Peak 18.31M) | Time:00:00.00 | Mem:1.30M, Peak:1.30M | Scene, ViewLayer | Sample 0/32
Fra:1 Mem:21.80M (Peak 21.80M) | Time:00:00.00 | Remaining:00:00.13 | Mem:7.23M, Peak:7.23M | Scene, ViewLayer | Sample 1/32
Fra:1 Mem:24.30M (Peak 28.05M) | Time:00:00.26 | Mem:7.23M, Peak:7.23M | Scene, ViewLayer | Sample 32/32
Fra:1 Mem:24.30M (Peak 28.05M) | Time:00:00.26 | Mem:7.23M, Peak:7.23M | Scene, ViewLayer | Finished
Saved: '/Users/al/git/Starbase2/.local/character-frames/eva/front-0.png'
Time: 00:00.26 (Saving: 00:00.00)

Fra:1 Mem:17.48M (Peak 17.48M) | Time:00:00.00 | Mem:0.00M, Peak:0.00M | Scene, ViewLayer | Synchronizing object | Pressure torso
Fra:1 Mem:17.48M (Peak 17.48M) | Time:00:00.00 | Mem:0.00M, Peak:0.00M | Scene, ViewLayer | Synchronizing object | Knee gasket
Fra:1 Mem:17.50M (Peak 17.50M) | Time:00:00.00 | Mem:0.00M, Peak:0.00M | Scene, ViewLayer | Synchronizing object | Knee plate
Fra:1 Mem:17.57M (Peak 17.57M) | Time:00:00.00 | Mem:0.00M, Peak:0.00M | Scene, ViewLayer | Synchronizing object | Shin
Fra:1 Mem:17.61M (Peak 17.61M) | Time:00:00.00 | Mem:0.00M, Peak:0.00M | Scene, ViewLayer | Synchronizing object | Boot
Fra:1 Mem:17.59M (Peak 17.61M) | Time:00:00.00 | Mem:0.00M, Peak:0.00M | Scene, ViewLayer | Synchronizing object | Toe plate
Fra:1 Mem:17.60M (Peak 17.61M) | Time:00:00.00 | Mem:0.00M, Peak:0.00M | Scene, ViewLayer | Synchronizing object | Upper sleeve
Fra:1 Mem:17.63M (Peak 17.63M) | Time:00:00.00 | Mem:0.00M, Peak:0.00M | Scene, ViewLayer | Synchronizing object | Shoulder shell
Fra:1 Mem:17.65M (Peak 17.65M) | Time:00:00.00 | Mem:0.00M, Peak:0.00M | Scene, ViewLayer | Synchronizing object | Mission stripe
Fra:1 Mem:17.71M (Peak 17.71M) | Time:00:00.00 | Mem:0.00M, Peak:0.00M | Scene, ViewLayer | Synchronizing object | Elbow joint
Fra:1 Mem:17.73M (Peak 17.73M) | Time:00:00.00 | Mem:0.00M, Peak:0.00M | Scene, ViewLayer | Synchronizing object | Key
Fra:1 Mem:17.74M (Peak 17.74M) | Time:00:00.00 | Mem:0.00M, Peak:0.00M | Scene, ViewLayer | Synchronizing object | Control.002
Fra:1 Mem:17.75M (Peak 17.75M) | Time:00:00.00 | Mem:0.00M, Peak:0.00M | Scene, ViewLayer | Synchronizing object | Gauntlet
Fra:1 Mem:17.74M (Peak 17.75M) | Time:00:00.00 | Mem:0.00M, Peak:0.00M | Scene, ViewLayer | Synchronizing object | Control.001
Fra:1 Mem:17.73M (Peak 17.75M) | Time:00:00.00 | Mem:0.00M, Peak:0.00M | Scene, ViewLayer | Synchronizing object | Wrist display
Fra:1 Mem:17.79M (Peak 17.79M) | Time:00:00.00 | Mem:0.00M, Peak:0.00M | Scene, ViewLayer | Synchronizing object | Pressure fold
Fra:1 Mem:17.79M (Peak 17.79M) | Time:00:00.00 | Mem:0.00M, Peak:0.00M | Scene, ViewLayer | Synchronizing object | Pressure fold.001
Fra:1 Mem:17.80M (Peak 17.80M) | Time:00:00.00 | Mem:0.00M, Peak:0.00M | Scene, ViewLayer | Synchronizing object | Pressure fold.002
Fra:1 Mem:17.78M (Peak 17.80M) | Time:00:00.00 | Mem:0.00M, Peak:0.00M | Scene, ViewLayer | Synchronizing object | Pressure fold.003
Fra:1 Mem:17.79M (Peak 17.80M) | Time:00:00.00 | Mem:0.00M, Peak:0.00M | Scene, ViewLayer | Synchronizing object | Thigh.001
Fra:1 Mem:17.85M (Peak 17.85M) | Time:00:00.00 | Mem:0.00M, Peak:0.00M | Scene, ViewLayer | Synchronizing object | Shin.001
Fra:1 Mem:17.83M (Peak 17.85M) | Time:00:00.00 | Mem:0.00M, Peak:0.00M | Scene, ViewLayer | Synchronizing object | Toe plate.001
Fra:1 Mem:17.86M (Peak 17.86M) | Time:00:00.00 | Mem:0.00M, Peak:0.00M | Scene, ViewLayer | Synchronizing object | Boot.001
Fra:1 Mem:17.87M (Peak 17.87M) | Time:00:00.00 | Mem:0.00M, Peak:0.00M | Scene, ViewLayer | Synchronizing object | Shoulder shell.001
Fra:1 Mem:17.86M (Peak 17.87M) | Time:00:00.00 | Mem:0.00M, Peak:0.00M | Scene, ViewLayer | Synchronizing object | Mission stripe.001
Fra:1 Mem:17.88M (Peak 17.88M) | Time:00:00.00 | Mem:0.00M, Peak:0.00M | Scene, ViewLayer | Synchronizing object | Elbow joint.001
Fra:1 Mem:17.95M (Peak 17.95M) | Time:00:00.00 | Mem:0.00M, Peak:0.00M | Scene, ViewLayer | Synchronizing object | Gauntlet.001
Fra:1 Mem:17.96M (Peak 17.96M) | Time:00:00.00 | Mem:0.00M, Peak:0.00M | Scene, ViewLayer | Synchronizing object | Control
Fra:1 Mem:18.00M (Peak 18.00M) | Time:00:00.00 | Mem:0.00M, Peak:0.00M | Scene, ViewLayer | Synchronizing object | Pressure fold.004
Fra:1 Mem:18.03M (Peak 18.03M) | Time:00:00.00 | Mem:0.00M, Peak:0.00M | Scene, ViewLayer | Synchronizing object | Pressure fold.005
Fra:1 Mem:18.00M (Peak 18.03M) | Time:00:00.00 | Mem:0.00M, Peak:0.00M | Scene, ViewLayer | Synchronizing object | Pack inset
Fra:1 Mem:18.01M (Peak 18.03M) | Time:00:00.00 | Mem:0.00M, Peak:0.00M | Scene, ViewLayer | Synchronizing object | Display glass
Fra:1 Mem:18.12M (Peak 18.12M) | Time:00:00.00 | Mem:0.00M, Peak:0.00M | Scene, ViewLayer | Synchronizing object | Oxygen cylinder
Fra:1 Mem:18.13M (Peak 18.13M) | Time:00:00.00 | Mem:0.00M, Peak:0.00M | Scene, ViewLayer | Synchronizing object | Oxygen cylinder.001
Fra:1 Mem:18.14M (Peak 18.14M) | Time:00:00.00 | Mem:0.00M, Peak:0.00M | Scene, ViewLayer | Synchronizing object | Neck seal
Fra:1 Mem:18.14M (Peak 18.14M) | Time:00:00.00 | Mem:0.00M, Peak:0.00M | Scene, ViewLayer | Synchronizing object | Visor seal
Fra:1 Mem:18.17M (Peak 18.17M) | Time:00:00.00 | Mem:0.00M, Peak:0.00M | Scene, ViewLayer | Synchronizing object | Amber visor
Fra:1 Mem:18.16M (Peak 18.17M) | Time:00:00.00 | Mem:0.00M, Peak:0.00M | Scene, ViewLayer | Synchronizing object | Visor warm reflection
Fra:1 Mem:18.19M (Peak 18.19M) | Time:00:00.00 | Mem:0.00M, Peak:0.00M | Scene, ViewLayer | Synchronizing object | Comms housing
Fra:1 Mem:18.21M (Peak 18.21M) | Time:00:00.00 | Mem:0.00M, Peak:0.00M | Scene, ViewLayer | Synchronizing object | Comms housing.001
Fra:1 Mem:18.23M (Peak 18.23M) | Time:00:00.00 | Mem:0.00M, Peak:0.00M | Scene, ViewLayer | Synchronizing object | Chest control unit
Fra:1 Mem:18.31M (Peak 18.31M) | Time:00:00.00 | Mem:0.00M, Peak:0.00M | Scene, ViewLayer | Initializing
Fra:1 Mem:15.10M (Peak 18.31M) | Time:00:00.00 | Mem:0.00M, Peak:0.00M | Scene, ViewLayer | Waiting for render to start
Fra:1 Mem:15.10M (Peak 18.31M) | Time:00:00.00 | Mem:0.00M, Peak:0.00M | Scene, ViewLayer | Updating Scene
Fra:1 Mem:15.10M (Peak 18.31M) | Time:00:00.00 | Mem:0.00M, Peak:0.00M | Scene, ViewLayer | Updating Shaders
Fra:1 Mem:15.10M (Peak 18.31M) | Time:00:00.00 | Mem:0.00M, Peak:0.00M | Scene, ViewLayer | Loading render kernels (may take a few minutes the first time)
Fra:1 Mem:15.19M (Peak 18.31M) | Time:00:00.00 | Mem:0.01M, Peak:0.01M | Scene, ViewLayer | Updating Procedurals
Fra:1 Mem:15.19M (Peak 18.31M) | Time:00:00.00 | Mem:0.01M, Peak:0.01M | Scene, ViewLayer | Updating Background
Fra:1 Mem:15.19M (Peak 18.31M) | Time:00:00.00 | Mem:0.01M, Peak:0.01M | Scene, ViewLayer | Updating Camera
Fra:1 Mem:15.19M (Peak 18.31M) | Time:00:00.00 | Mem:0.01M, Peak:0.01M | Scene, ViewLayer | Updating Meshes Flags
Fra:1 Mem:15.19M (Peak 18.31M) | Time:00:00.00 | Mem:0.01M, Peak:0.01M | Scene, ViewLayer | Updating Objects
Fra:1 Mem:15.19M (Peak 18.31M) | Time:00:00.00 | Mem:0.01M, Peak:0.01M | Scene, ViewLayer | Updating Objects | Copying Transformations to device
Fra:1 Mem:15.20M (Peak 18.31M) | Time:00:00.00 | Mem:0.02M, Peak:0.02M | Scene, ViewLayer | Updating Particle Systems
Fra:1 Mem:15.20M (Peak 18.31M) | Time:00:00.00 | Mem:0.02M, Peak:0.02M | Scene, ViewLayer | Updating Particle Systems | Copying Particles to device
Fra:1 Mem:15.20M (Peak 18.31M) | Time:00:00.00 | Mem:0.02M, Peak:0.02M | Scene, ViewLayer | Updating Meshes
Fra:1 Mem:15.20M (Peak 18.31M) | Time:00:00.00 | Mem:0.02M, Peak:0.02M | Scene, ViewLayer | Updating Objects | Applying Static Transformations
Fra:1 Mem:15.20M (Peak 18.31M) | Time:00:00.00 | Mem:0.02M, Peak:0.02M | Scene, ViewLayer | Updating Mesh | Computing attributes
Fra:1 Mem:15.32M (Peak 18.31M) | Time:00:00.00 | Mem:0.02M, Peak:0.02M | Scene, ViewLayer | Updating Mesh | Copying Attributes to device
Fra:1 Mem:15.31M (Peak 18.31M) | Time:00:00.00 | Mem:0.13M, Peak:0.13M | Scene, ViewLayer | Updating Scene BVH | Building
Fra:1 Mem:15.31M (Peak 18.31M) | Time:00:00.00 | Mem:0.13M, Peak:0.13M | Scene, ViewLayer | Updating Scene BVH | Building BVH
Fra:1 Mem:15.31M (Peak 18.31M) | Time:00:00.00 | Mem:0.45M, Peak:0.45M | Scene, ViewLayer | Updating Scene BVH | Building BVH 0%
Fra:1 Mem:15.31M (Peak 18.31M) | Time:00:00.00 | Mem:0.80M, Peak:1.12M | Scene, ViewLayer | Updating Scene BVH | Copying BVH to device
Fra:1 Mem:15.31M (Peak 18.31M) | Time:00:00.00 | Mem:0.80M, Peak:1.12M | Scene, ViewLayer | Updating Mesh | Computing normals
Fra:1 Mem:15.69M (Peak 18.31M) | Time:00:00.00 | Mem:0.80M, Peak:1.12M | Scene, ViewLayer | Updating Mesh | Copying Mesh to device
Fra:1 Mem:15.69M (Peak 18.31M) | Time:00:00.00 | Mem:1.18M, Peak:1.18M | Scene, ViewLayer | Updating Objects Flags
Fra:1 Mem:15.69M (Peak 18.31M) | Time:00:00.00 | Mem:1.18M, Peak:1.18M | Scene, ViewLayer | Updating Primitive Offsets
Fra:1 Mem:15.69M (Peak 18.31M) | Time:00:00.00 | Mem:1.18M, Peak:1.18M | Scene, ViewLayer | Updating Images
Fra:1 Mem:15.69M (Peak 18.31M) | Time:00:00.00 | Mem:1.18M, Peak:1.18M | Scene, ViewLayer | Updating Camera Volume
Fra:1 Mem:15.69M (Peak 18.31M) | Time:00:00.00 | Mem:1.18M, Peak:1.18M | Scene, ViewLayer | Updating Lookup Tables
Fra:1 Mem:15.69M (Peak 18.31M) | Time:00:00.00 | Mem:1.26M, Peak:1.26M | Scene, ViewLayer | Updating Lights
Fra:1 Mem:15.69M (Peak 18.31M) | Time:00:00.00 | Mem:1.26M, Peak:1.26M | Scene, ViewLayer | Updating Lights | Computing tree
Fra:1 Mem:15.69M (Peak 18.31M) | Time:00:00.00 | Mem:1.26M, Peak:1.26M | Scene, ViewLayer | Updating Integrator
Fra:1 Mem:15.69M (Peak 18.31M) | Time:00:00.00 | Mem:1.26M, Peak:1.26M | Scene, ViewLayer | Updating Film
Fra:1 Mem:15.70M (Peak 18.31M) | Time:00:00.00 | Mem:1.18M, Peak:1.26M | Scene, ViewLayer | Updating Lookup Tables
Fra:1 Mem:15.70M (Peak 18.31M) | Time:00:00.00 | Mem:1.26M, Peak:1.26M | Scene, ViewLayer | Updating Baking
Fra:1 Mem:15.70M (Peak 18.31M) | Time:00:00.00 | Mem:1.26M, Peak:1.26M | Scene, ViewLayer | Updating Device | Writing constant memory
Fra:1 Mem:15.70M (Peak 18.31M) | Time:00:00.00 | Mem:1.26M, Peak:1.26M | Scene, ViewLayer | Loading denoising kernels (may take a few minutes the first time)
Fra:1 Mem:15.70M (Peak 18.31M) | Time:00:00.00 | Mem:1.26M, Peak:1.26M | Scene, ViewLayer | Sample 0/32
Fra:1 Mem:21.80M (Peak 21.80M) | Time:00:00.01 | Remaining:00:00.14 | Mem:7.20M, Peak:7.20M | Scene, ViewLayer | Sample 1/32
Fra:1 Mem:24.30M (Peak 28.05M) | Time:00:00.27 | Mem:7.20M, Peak:7.20M | Scene, ViewLayer | Sample 32/32
Fra:1 Mem:24.30M (Peak 28.05M) | Time:00:00.27 | Mem:7.20M, Peak:7.20M | Scene, ViewLayer | Finished
Saved: '/Users/al/git/Starbase2/.local/character-frames/eva/front-1.png'
Time: 00:00.27 (Saving: 00:00.00)

Fra:1 Mem:17.48M (Peak 17.48M) | Time:00:00.00 | Mem:0.00M, Peak:0.00M | Scene, ViewLayer | Synchronizing object | Pressure torso
Fra:1 Mem:17.49M (Peak 17.49M) | Time:00:00.00 | Mem:0.00M, Peak:0.00M | Scene, ViewLayer | Synchronizing object | Knee gasket
Fra:1 Mem:17.50M (Peak 17.50M) | Time:00:00.00 | Mem:0.00M, Peak:0.00M | Scene, ViewLayer | Synchronizing object | Shin
Fra:1 Mem:17.54M (Peak 17.54M) | Time:00:00.00 | Mem:0.00M, Peak:0.00M | Scene, ViewLayer | Synchronizing object | Boot
Fra:1 Mem:17.61M (Peak 17.61M) | Time:00:00.00 | Mem:0.00M, Peak:0.00M | Scene, ViewLayer | Synchronizing object | Toe plate
Fra:1 Mem:17.65M (Peak 17.65M) | Time:00:00.00 | Mem:0.00M, Peak:0.00M | Scene, ViewLayer | Synchronizing object | Boot trim
Fra:1 Mem:17.67M (Peak 17.67M) | Time:00:00.00 | Mem:0.00M, Peak:0.00M | Scene, ViewLayer | Synchronizing object | Mission stripe
Fra:1 Mem:17.69M (Peak 17.69M) | Time:00:00.00 | Mem:0.00M, Peak:0.00M | Scene, ViewLayer | Synchronizing object | Rim
Fra:1 Mem:17.70M (Peak 17.70M) | Time:00:00.00 | Mem:0.00M, Peak:0.00M | Scene, ViewLayer | Synchronizing object | Elbow joint
Fra:1 Mem:17.73M (Peak 17.73M) | Time:00:00.00 | Mem:0.00M, Peak:0.00M | Scene, ViewLayer | Synchronizing object | Glove
Fra:1 Mem:17.71M (Peak 17.73M) | Time:00:00.00 | Mem:0.00M, Peak:0.00M | Scene, ViewLayer | Synchronizing object | Wrist display
Fra:1 Mem:17.72M (Peak 17.73M) | Time:00:00.00 | Mem:0.00M, Peak:0.00M | Scene, ViewLayer | Synchronizing object | Pressure fold.001
Fra:1 Mem:17.71M (Peak 17.73M) | Time:00:00.00 | Mem:0.00M, Peak:0.00M | Scene, ViewLayer | Synchronizing object | Pressure fold.003
Fra:1 Mem:17.75M (Peak 17.75M) | Time:00:00.00 | Mem:0.00M, Peak:0.00M | Scene, ViewLayer | Synchronizing object | Thigh.001
Fra:1 Mem:17.78M (Peak 17.78M) | Time:00:00.00 | Mem:0.00M, Peak:0.00M | Scene, ViewLayer | Synchronizing object | Knee gasket.001
Fra:1 Mem:17.79M (Peak 17.79M) | Time:00:00.00 | Mem:0.00M, Peak:0.00M | Scene, ViewLayer | Synchronizing object | Shin.001
Fra:1 Mem:17.81M (Peak 17.81M) | Time:00:00.00 | Mem:0.00M, Peak:0.00M | Scene, ViewLayer | Synchronizing object | Key
Fra:1 Mem:17.81M (Peak 17.81M) | Time:00:00.00 | Mem:0.00M, Peak:0.00M | Scene, ViewLayer | Synchronizing object | Toe plate.001
Fra:1 Mem:17.82M (Peak 17.82M) | Time:00:00.00 | Mem:0.00M, Peak:0.00M | Scene, ViewLayer | Synchronizing object | Boot trim.001
Fra:1 Mem:17.89M (Peak 17.89M) | Time:00:00.00 | Mem:0.00M, Peak:0.00M | Scene, ViewLayer | Synchronizing object | Upper sleeve.001
Fra:1 Mem:17.93M (Peak 17.93M) | Time:00:00.00 | Mem:0.00M, Peak:0.00M | Scene, ViewLayer | Synchronizing object | Shoulder shell.001
Fra:1 Mem:17.92M (Peak 17.93M) | Time:00:00.00 | Mem:0.00M, Peak:0.00M | Scene, ViewLayer | Synchronizing object | Elbow joint.001
Fra:1 Mem:17.95M (Peak 17.95M) | Time:00:00.00 | Mem:0.00M, Peak:0.00M | Scene, ViewLayer | Synchronizing object | Gauntlet.001
Fra:1 Mem:17.97M (Peak 17.97M) | Time:00:00.00 | Mem:0.00M, Peak:0.00M | Scene, ViewLayer | Synchronizing object | Glove.001
Fra:1 Mem:17.97M (Peak 17.97M) | Time:00:00.00 | Mem:0.00M, Peak:0.00M | Scene, ViewLayer | Synchronizing object | Pressure fold.005
Fra:1 Mem:18.00M (Peak 18.00M) | Time:00:00.00 | Mem:0.00M, Peak:0.00M | Scene, ViewLayer | Synchronizing object | Pressure fold.006
Fra:1 Mem:18.00M (Peak 18.00M) | Time:00:00.00 | Mem:0.00M, Peak:0.00M | Scene, ViewLayer | Synchronizing object | Pressure fold.007
Fra:1 Mem:18.03M (Peak 18.03M) | Time:00:00.00 | Mem:0.00M, Peak:0.00M | Scene, ViewLayer | Synchronizing object | Life support pack
Fra:1 Mem:18.05M (Peak 18.05M) | Time:00:00.00 | Mem:0.00M, Peak:0.00M | Scene, ViewLayer | Synchronizing object | Oxygen cylinder
Fra:1 Mem:18.07M (Peak 18.07M) | Time:00:00.00 | Mem:0.00M, Peak:0.00M | Scene, ViewLayer | Synchronizing object | Oxygen cylinder.001
Fra:1 Mem:18.09M (Peak 18.09M) | Time:00:00.00 | Mem:0.00M, Peak:0.00M | Scene, ViewLayer | Synchronizing object | Neck seal
Fra:1 Mem:18.10M (Peak 18.10M) | Time:00:00.00 | Mem:0.00M, Peak:0.00M | Scene, ViewLayer | Synchronizing object | Helmet
Fra:1 Mem:18.11M (Peak 18.11M) | Time:00:00.00 | Mem:0.00M, Peak:0.00M | Scene, ViewLayer | Synchronizing object | Visor seal
Fra:1 Mem:18.11M (Peak 18.11M) | Time:00:00.00 | Mem:0.00M, Peak:0.00M | Scene, ViewLayer | Synchronizing object | Visor glint
Fra:1 Mem:18.18M (Peak 18.18M) | Time:00:00.00 | Mem:0.00M, Peak:0.00M | Scene, ViewLayer | Synchronizing object | Comms housing
Fra:1 Mem:18.18M (Peak 18.18M) | Time:00:00.00 | Mem:0.00M, Peak:0.00M | Scene, ViewLayer | Synchronizing object | Comms housing.001
Fra:1 Mem:18.18M (Peak 18.18M) | Time:00:00.00 | Mem:0.00M, Peak:0.00M | Scene, ViewLayer | Synchronizing object | Chest control unit
Fra:1 Mem:18.23M (Peak 18.23M) | Time:00:00.00 | Mem:0.00M, Peak:0.00M | Scene, ViewLayer | Synchronizing object | Telemetry display
Fra:1 Mem:18.25M (Peak 18.25M) | Time:00:00.00 | Mem:0.00M, Peak:0.00M | Scene, ViewLayer | Synchronizing object | Display glass
Fra:1 Mem:18.31M (Peak 18.31M) | Time:00:00.00 | Mem:0.00M, Peak:0.00M | Scene, ViewLayer | Initializing
Fra:1 Mem:15.10M (Peak 18.31M) | Time:00:00.00 | Mem:0.00M, Peak:0.00M | Scene, ViewLayer | Waiting for render to start
Fra:1 Mem:15.10M (Peak 18.31M) | Time:00:00.00 | Mem:0.00M, Peak:0.00M | Scene, ViewLayer | Updating Scene
Fra:1 Mem:15.10M (Peak 18.31M) | Time:00:00.00 | Mem:0.00M, Peak:0.00M | Scene, ViewLayer | Updating Shaders
Fra:1 Mem:15.10M (Peak 18.31M) | Time:00:00.00 | Mem:0.00M, Peak:0.00M | Scene, ViewLayer | Loading render kernels (may take a few minutes the first time)
Fra:1 Mem:15.19M (Peak 18.31M) | Time:00:00.00 | Mem:0.01M, Peak:0.01M | Scene, ViewLayer | Updating Procedurals
Fra:1 Mem:15.19M (Peak 18.31M) | Time:00:00.00 | Mem:0.01M, Peak:0.01M | Scene, ViewLayer | Updating Background
Fra:1 Mem:15.19M (Peak 18.31M) | Time:00:00.00 | Mem:0.01M, Peak:0.01M | Scene, ViewLayer | Updating Camera
Fra:1 Mem:15.19M (Peak 18.31M) | Time:00:00.00 | Mem:0.01M, Peak:0.01M | Scene, ViewLayer | Updating Meshes Flags
Fra:1 Mem:15.19M (Peak 18.31M) | Time:00:00.00 | Mem:0.01M, Peak:0.01M | Scene, ViewLayer | Updating Objects
Fra:1 Mem:15.19M (Peak 18.31M) | Time:00:00.00 | Mem:0.01M, Peak:0.01M | Scene, ViewLayer | Updating Objects | Copying Transformations to device
Fra:1 Mem:15.20M (Peak 18.31M) | Time:00:00.00 | Mem:0.02M, Peak:0.02M | Scene, ViewLayer | Updating Particle Systems
Fra:1 Mem:15.20M (Peak 18.31M) | Time:00:00.00 | Mem:0.02M, Peak:0.02M | Scene, ViewLayer | Updating Particle Systems | Copying Particles to device
Fra:1 Mem:15.20M (Peak 18.31M) | Time:00:00.00 | Mem:0.02M, Peak:0.02M | Scene, ViewLayer | Updating Meshes
Fra:1 Mem:15.20M (Peak 18.31M) | Time:00:00.00 | Mem:0.02M, Peak:0.02M | Scene, ViewLayer | Updating Objects | Applying Static Transformations
Fra:1 Mem:15.20M (Peak 18.31M) | Time:00:00.00 | Mem:0.02M, Peak:0.02M | Scene, ViewLayer | Updating Mesh | Computing attributes
Fra:1 Mem:15.32M (Peak 18.31M) | Time:00:00.00 | Mem:0.02M, Peak:0.02M | Scene, ViewLayer | Updating Mesh | Copying Attributes to device
Fra:1 Mem:15.31M (Peak 18.31M) | Time:00:00.00 | Mem:0.13M, Peak:0.13M | Scene, ViewLayer | Updating Scene BVH | Building
Fra:1 Mem:15.31M (Peak 18.31M) | Time:00:00.00 | Mem:0.13M, Peak:0.13M | Scene, ViewLayer | Updating Scene BVH | Building BVH
Fra:1 Mem:15.31M (Peak 18.31M) | Time:00:00.00 | Mem:0.45M, Peak:0.45M | Scene, ViewLayer | Updating Scene BVH | Building BVH 0%
Fra:1 Mem:15.31M (Peak 18.31M) | Time:00:00.00 | Mem:0.80M, Peak:1.12M | Scene, ViewLayer | Updating Scene BVH | Copying BVH to device
Fra:1 Mem:15.31M (Peak 18.31M) | Time:00:00.00 | Mem:0.80M, Peak:1.12M | Scene, ViewLayer | Updating Mesh | Computing normals
Fra:1 Mem:15.69M (Peak 18.31M) | Time:00:00.00 | Mem:0.80M, Peak:1.12M | Scene, ViewLayer | Updating Mesh | Copying Mesh to device
Fra:1 Mem:15.69M (Peak 18.31M) | Time:00:00.00 | Mem:1.18M, Peak:1.18M | Scene, ViewLayer | Updating Objects Flags
Fra:1 Mem:15.69M (Peak 18.31M) | Time:00:00.00 | Mem:1.18M, Peak:1.18M | Scene, ViewLayer | Updating Primitive Offsets
Fra:1 Mem:15.69M (Peak 18.31M) | Time:00:00.00 | Mem:1.18M, Peak:1.18M | Scene, ViewLayer | Updating Images
Fra:1 Mem:15.69M (Peak 18.31M) | Time:00:00.00 | Mem:1.18M, Peak:1.18M | Scene, ViewLayer | Updating Camera Volume
Fra:1 Mem:15.69M (Peak 18.31M) | Time:00:00.00 | Mem:1.18M, Peak:1.18M | Scene, ViewLayer | Updating Lookup Tables
Fra:1 Mem:15.69M (Peak 18.31M) | Time:00:00.00 | Mem:1.26M, Peak:1.26M | Scene, ViewLayer | Updating Lights
Fra:1 Mem:15.69M (Peak 18.31M) | Time:00:00.00 | Mem:1.26M, Peak:1.26M | Scene, ViewLayer | Updating Lights | Computing tree
Fra:1 Mem:15.69M (Peak 18.31M) | Time:00:00.00 | Mem:1.26M, Peak:1.26M | Scene, ViewLayer | Updating Integrator
Fra:1 Mem:15.69M (Peak 18.31M) | Time:00:00.00 | Mem:1.26M, Peak:1.26M | Scene, ViewLayer | Updating Film
Fra:1 Mem:15.70M (Peak 18.31M) | Time:00:00.00 | Mem:1.18M, Peak:1.26M | Scene, ViewLayer | Updating Lookup Tables
Fra:1 Mem:15.70M (Peak 18.31M) | Time:00:00.00 | Mem:1.26M, Peak:1.26M | Scene, ViewLayer | Updating Baking
Fra:1 Mem:15.70M (Peak 18.31M) | Time:00:00.00 | Mem:1.26M, Peak:1.26M | Scene, ViewLayer | Updating Device | Writing constant memory
Fra:1 Mem:15.70M (Peak 18.31M) | Time:00:00.00 | Mem:1.26M, Peak:1.26M | Scene, ViewLayer | Loading denoising kernels (may take a few minutes the first time)
Fra:1 Mem:15.70M (Peak 18.31M) | Time:00:00.00 | Mem:1.26M, Peak:1.26M | Scene, ViewLayer | Sample 0/32
Fra:1 Mem:21.80M (Peak 21.80M) | Time:00:00.00 | Remaining:00:00.12 | Mem:7.20M, Peak:7.20M | Scene, ViewLayer | Sample 1/32
Fra:1 Mem:24.30M (Peak 28.05M) | Time:00:00.26 | Mem:7.20M, Peak:7.20M | Scene, ViewLayer | Sample 32/32
Fra:1 Mem:24.30M (Peak 28.05M) | Time:00:00.26 | Mem:7.20M, Peak:7.20M | Scene, ViewLayer | Finished
Saved: '/Users/al/git/Starbase2/.local/character-frames/eva/front-2.png'
Time: 00:00.26 (Saving: 00:00.00)

Fra:1 Mem:17.48M (Peak 17.48M) | Time:00:00.00 | Mem:0.00M, Peak:0.00M | Scene, ViewLayer | Synchronizing object | Pressure torso
Fra:1 Mem:17.49M (Peak 17.49M) | Time:00:00.00 | Mem:0.00M, Peak:0.00M | Scene, ViewLayer | Synchronizing object | Belt pouch
Fra:1 Mem:17.50M (Peak 17.50M) | Time:00:00.00 | Mem:0.00M, Peak:0.00M | Scene, ViewLayer | Synchronizing object | Thigh
Fra:1 Mem:17.54M (Peak 17.54M) | Time:00:00.00 | Mem:0.00M, Peak:0.00M | Scene, ViewLayer | Synchronizing object | Knee plate
Fra:1 Mem:17.58M (Peak 17.58M) | Time:00:00.00 | Mem:0.00M, Peak:0.00M | Scene, ViewLayer | Synchronizing object | Boot
Fra:1 Mem:17.61M (Peak 17.61M) | Time:00:00.00 | Mem:0.00M, Peak:0.00M | Scene, ViewLayer | Synchronizing object | Toe plate
Fra:1 Mem:17.59M (Peak 17.61M) | Time:00:00.00 | Mem:0.00M, Peak:0.00M | Scene, ViewLayer | Synchronizing object | Upper sleeve
Fra:1 Mem:17.66M (Peak 17.66M) | Time:00:00.00 | Mem:0.00M, Peak:0.00M | Scene, ViewLayer | Synchronizing object | Mission stripe
Fra:1 Mem:17.67M (Peak 17.67M) | Time:00:00.00 | Mem:0.00M, Peak:0.00M | Scene, ViewLayer | Synchronizing object | Elbow joint
Fra:1 Mem:17.71M (Peak 17.71M) | Time:00:00.00 | Mem:0.00M, Peak:0.00M | Scene, ViewLayer | Synchronizing object | Rim
Fra:1 Mem:17.76M (Peak 17.76M) | Time:00:00.00 | Mem:0.00M, Peak:0.00M | Scene, ViewLayer | Synchronizing object | Glove
Fra:1 Mem:17.73M (Peak 17.76M) | Time:00:00.00 | Mem:0.00M, Peak:0.00M | Scene, ViewLayer | Synchronizing object | Wrist display
Fra:1 Mem:17.74M (Peak 17.76M) | Time:00:00.00 | Mem:0.00M, Peak:0.00M | Scene, ViewLayer | Synchronizing object | Pressure fold
Fra:1 Mem:17.76M (Peak 17.76M) | Time:00:00.00 | Mem:0.00M, Peak:0.00M | Scene, ViewLayer | Synchronizing object | Pressure fold.001
Fra:1 Mem:17.77M (Peak 17.77M) | Time:00:00.00 | Mem:0.00M, Peak:0.00M | Scene, ViewLayer | Synchronizing object | Pressure fold.003
Fra:1 Mem:17.81M (Peak 17.81M) | Time:00:00.00 | Mem:0.00M, Peak:0.00M | Scene, ViewLayer | Synchronizing object | Key
Fra:1 Mem:17.81M (Peak 17.81M) | Time:00:00.00 | Mem:0.00M, Peak:0.00M | Scene, ViewLayer | Synchronizing object | Control.002
Fra:1 Mem:17.80M (Peak 17.81M) | Time:00:00.00 | Mem:0.00M, Peak:0.00M | Scene, ViewLayer | Synchronizing object | Thigh.001
Fra:1 Mem:17.84M (Peak 17.84M) | Time:00:00.00 | Mem:0.00M, Peak:0.00M | Scene, ViewLayer | Synchronizing object | Knee gasket.001
Fra:1 Mem:17.82M (Peak 17.84M) | Time:00:00.00 | Mem:0.00M, Peak:0.00M | Scene, ViewLayer | Synchronizing object | Control.001
Fra:1 Mem:17.84M (Peak 17.84M) | Time:00:00.00 | Mem:0.00M, Peak:0.00M | Scene, ViewLayer | Synchronizing object | Toe plate.001
Fra:1 Mem:17.84M (Peak 17.84M) | Time:00:00.00 | Mem:0.00M, Peak:0.00M | Scene, ViewLayer | Synchronizing object | Upper sleeve.001
Fra:1 Mem:17.86M (Peak 17.86M) | Time:00:00.00 | Mem:0.00M, Peak:0.00M | Scene, ViewLayer | Synchronizing object | Shoulder shell.001
Fra:1 Mem:17.90M (Peak 17.90M) | Time:00:00.00 | Mem:0.00M, Peak:0.00M | Scene, ViewLayer | Synchronizing object | Mission stripe.001
Fra:1 Mem:17.90M (Peak 17.90M) | Time:00:00.00 | Mem:0.00M, Peak:0.00M | Scene, ViewLayer | Synchronizing object | Elbow joint.001
Fra:1 Mem:17.92M (Peak 17.92M) | Time:00:00.00 | Mem:0.00M, Peak:0.00M | Scene, ViewLayer | Synchronizing object | Gauntlet.001
Fra:1 Mem:17.95M (Peak 17.95M) | Time:00:00.00 | Mem:0.00M, Peak:0.00M | Scene, ViewLayer | Synchronizing object | Glove.001
Fra:1 Mem:17.94M (Peak 17.95M) | Time:00:00.00 | Mem:0.00M, Peak:0.00M | Scene, ViewLayer | Synchronizing object | Pressure fold.004
Fra:1 Mem:18.02M (Peak 18.02M) | Time:00:00.00 | Mem:0.00M, Peak:0.00M | Scene, ViewLayer | Synchronizing object | Pressure fold.005
Fra:1 Mem:18.03M (Peak 18.03M) | Time:00:00.00 | Mem:0.00M, Peak:0.00M | Scene, ViewLayer | Synchronizing object | Pressure fold.006
Fra:1 Mem:18.05M (Peak 18.05M) | Time:00:00.00 | Mem:0.00M, Peak:0.00M | Scene, ViewLayer | Synchronizing object | Life support pack
Fra:1 Mem:18.08M (Peak 18.08M) | Time:00:00.00 | Mem:0.00M, Peak:0.00M | Scene, ViewLayer | Synchronizing object | Pack inset
Fra:1 Mem:18.07M (Peak 18.08M) | Time:00:00.00 | Mem:0.00M, Peak:0.00M | Scene, ViewLayer | Synchronizing object | Oxygen cylinder.001
Fra:1 Mem:18.08M (Peak 18.08M) | Time:00:00.00 | Mem:0.00M, Peak:0.00M | Scene, ViewLayer | Synchronizing object | Neck seal
Fra:1 Mem:18.09M (Peak 18.09M) | Time:00:00.00 | Mem:0.00M, Peak:0.00M | Scene, ViewLayer | Synchronizing object | Visor seal
Fra:1 Mem:18.13M (Peak 18.13M) | Time:00:00.00 | Mem:0.00M, Peak:0.00M | Scene, ViewLayer | Synchronizing object | Amber visor
Fra:1 Mem:18.11M (Peak 18.13M) | Time:00:00.00 | Mem:0.00M, Peak:0.00M | Scene, ViewLayer | Synchronizing object | Control
Fra:1 Mem:18.15M (Peak 18.15M) | Time:00:00.00 | Mem:0.00M, Peak:0.00M | Scene, ViewLayer | Synchronizing object | Display glass
Fra:1 Mem:18.15M (Peak 18.15M) | Time:00:00.00 | Mem:0.00M, Peak:0.00M | Scene, ViewLayer | Synchronizing object | Comms housing.001
Fra:1 Mem:18.23M (Peak 18.23M) | Time:00:00.00 | Mem:0.00M, Peak:0.00M | Scene, ViewLayer | Synchronizing object | Chest control unit
Fra:1 Mem:18.25M (Peak 18.25M) | Time:00:00.00 | Mem:0.00M, Peak:0.00M | Scene, ViewLayer | Synchronizing object | Telemetry display
Fra:1 Mem:18.31M (Peak 18.31M) | Time:00:00.00 | Mem:0.00M, Peak:0.00M | Scene, ViewLayer | Initializing
Fra:1 Mem:15.10M (Peak 18.31M) | Time:00:00.00 | Mem:0.00M, Peak:0.00M | Scene, ViewLayer | Waiting for render to start
Fra:1 Mem:15.10M (Peak 18.31M) | Time:00:00.00 | Mem:0.00M, Peak:0.00M | Scene, ViewLayer | Updating Scene
Fra:1 Mem:15.10M (Peak 18.31M) | Time:00:00.00 | Mem:0.00M, Peak:0.00M | Scene, ViewLayer | Updating Shaders
Fra:1 Mem:15.10M (Peak 18.31M) | Time:00:00.00 | Mem:0.00M, Peak:0.00M | Scene, ViewLayer | Loading render kernels (may take a few minutes the first time)
Fra:1 Mem:15.19M (Peak 18.31M) | Time:00:00.00 | Mem:0.01M, Peak:0.01M | Scene, ViewLayer | Updating Procedurals
Fra:1 Mem:15.19M (Peak 18.31M) | Time:00:00.00 | Mem:0.01M, Peak:0.01M | Scene, ViewLayer | Updating Background
Fra:1 Mem:15.19M (Peak 18.31M) | Time:00:00.00 | Mem:0.01M, Peak:0.01M | Scene, ViewLayer | Updating Camera
Fra:1 Mem:15.19M (Peak 18.31M) | Time:00:00.00 | Mem:0.01M, Peak:0.01M | Scene, ViewLayer | Updating Meshes Flags
Fra:1 Mem:15.19M (Peak 18.31M) | Time:00:00.00 | Mem:0.01M, Peak:0.01M | Scene, ViewLayer | Updating Objects
Fra:1 Mem:15.19M (Peak 18.31M) | Time:00:00.00 | Mem:0.01M, Peak:0.01M | Scene, ViewLayer | Updating Objects | Copying Transformations to device
Fra:1 Mem:15.20M (Peak 18.31M) | Time:00:00.00 | Mem:0.02M, Peak:0.02M | Scene, ViewLayer | Updating Particle Systems
Fra:1 Mem:15.20M (Peak 18.31M) | Time:00:00.00 | Mem:0.02M, Peak:0.02M | Scene, ViewLayer | Updating Particle Systems | Copying Particles to device
Fra:1 Mem:15.20M (Peak 18.31M) | Time:00:00.00 | Mem:0.02M, Peak:0.02M | Scene, ViewLayer | Updating Meshes
Fra:1 Mem:15.20M (Peak 18.31M) | Time:00:00.00 | Mem:0.02M, Peak:0.02M | Scene, ViewLayer | Updating Objects | Applying Static Transformations
Fra:1 Mem:15.20M (Peak 18.31M) | Time:00:00.00 | Mem:0.02M, Peak:0.02M | Scene, ViewLayer | Updating Mesh | Computing attributes
Fra:1 Mem:15.32M (Peak 18.31M) | Time:00:00.00 | Mem:0.02M, Peak:0.02M | Scene, ViewLayer | Updating Mesh | Copying Attributes to device
Fra:1 Mem:15.31M (Peak 18.31M) | Time:00:00.00 | Mem:0.13M, Peak:0.13M | Scene, ViewLayer | Updating Scene BVH | Building
Fra:1 Mem:15.31M (Peak 18.31M) | Time:00:00.00 | Mem:0.13M, Peak:0.13M | Scene, ViewLayer | Updating Scene BVH | Building BVH
Fra:1 Mem:15.31M (Peak 18.31M) | Time:00:00.00 | Mem:0.45M, Peak:0.45M | Scene, ViewLayer | Updating Scene BVH | Building BVH 0%
Fra:1 Mem:15.31M (Peak 18.31M) | Time:00:00.00 | Mem:0.80M, Peak:1.12M | Scene, ViewLayer | Updating Scene BVH | Copying BVH to device
Fra:1 Mem:15.31M (Peak 18.31M) | Time:00:00.00 | Mem:0.80M, Peak:1.12M | Scene, ViewLayer | Updating Mesh | Computing normals
Fra:1 Mem:15.69M (Peak 18.31M) | Time:00:00.00 | Mem:0.80M, Peak:1.12M | Scene, ViewLayer | Updating Mesh | Copying Mesh to device
Fra:1 Mem:15.69M (Peak 18.31M) | Time:00:00.00 | Mem:1.18M, Peak:1.18M | Scene, ViewLayer | Updating Objects Flags
Fra:1 Mem:15.69M (Peak 18.31M) | Time:00:00.00 | Mem:1.18M, Peak:1.18M | Scene, ViewLayer | Updating Primitive Offsets
Fra:1 Mem:15.69M (Peak 18.31M) | Time:00:00.00 | Mem:1.18M, Peak:1.18M | Scene, ViewLayer | Updating Images
Fra:1 Mem:15.69M (Peak 18.31M) | Time:00:00.00 | Mem:1.18M, Peak:1.18M | Scene, ViewLayer | Updating Camera Volume
Fra:1 Mem:15.69M (Peak 18.31M) | Time:00:00.00 | Mem:1.18M, Peak:1.18M | Scene, ViewLayer | Updating Lookup Tables
Fra:1 Mem:15.69M (Peak 18.31M) | Time:00:00.00 | Mem:1.26M, Peak:1.26M | Scene, ViewLayer | Updating Lights
Fra:1 Mem:15.69M (Peak 18.31M) | Time:00:00.00 | Mem:1.26M, Peak:1.26M | Scene, ViewLayer | Updating Lights | Computing tree
Fra:1 Mem:15.69M (Peak 18.31M) | Time:00:00.00 | Mem:1.26M, Peak:1.26M | Scene, ViewLayer | Updating Integrator
Fra:1 Mem:15.69M (Peak 18.31M) | Time:00:00.00 | Mem:1.26M, Peak:1.26M | Scene, ViewLayer | Updating Film
Fra:1 Mem:15.70M (Peak 18.31M) | Time:00:00.00 | Mem:1.18M, Peak:1.26M | Scene, ViewLayer | Updating Lookup Tables
Fra:1 Mem:15.70M (Peak 18.31M) | Time:00:00.00 | Mem:1.26M, Peak:1.26M | Scene, ViewLayer | Updating Baking
Fra:1 Mem:15.70M (Peak 18.31M) | Time:00:00.00 | Mem:1.26M, Peak:1.26M | Scene, ViewLayer | Updating Device | Writing constant memory
Fra:1 Mem:15.70M (Peak 18.31M) | Time:00:00.00 | Mem:1.26M, Peak:1.26M | Scene, ViewLayer | Loading denoising kernels (may take a few minutes the first time)
Fra:1 Mem:15.70M (Peak 18.31M) | Time:00:00.00 | Mem:1.26M, Peak:1.26M | Scene, ViewLayer | Sample 0/32
Fra:1 Mem:21.80M (Peak 21.80M) | Time:00:00.00 | Remaining:00:00.12 | Mem:7.20M, Peak:7.20M | Scene, ViewLayer | Sample 1/32
Fra:1 Mem:24.30M (Peak 28.05M) | Time:00:00.25 | Mem:7.20M, Peak:7.20M | Scene, ViewLayer | Sample 32/32
Fra:1 Mem:24.30M (Peak 28.05M) | Time:00:00.25 | Mem:7.20M, Peak:7.20M | Scene, ViewLayer | Finished
Saved: '/Users/al/git/Starbase2/.local/character-frames/eva/front-3.png'
Time: 00:00.26 (Saving: 00:00.00)

Fra:1 Mem:17.48M (Peak 17.48M) | Time:00:00.00 | Mem:0.00M, Peak:0.00M | Scene, ViewLayer | Synchronizing object | Pressure torso
Fra:1 Mem:17.50M (Peak 17.50M) | Time:00:00.00 | Mem:0.00M, Peak:0.00M | Scene, ViewLayer | Synchronizing object | Knee plate
Fra:1 Mem:17.51M (Peak 17.51M) | Time:00:00.00 | Mem:0.00M, Peak:0.00M | Scene, ViewLayer | Synchronizing object | Shin
Fra:1 Mem:17.58M (Peak 17.58M) | Time:00:00.00 | Mem:0.00M, Peak:0.00M | Scene, ViewLayer | Synchronizing object | Boot
Fra:1 Mem:17.64M (Peak 17.64M) | Time:00:00.00 | Mem:0.00M, Peak:0.00M | Scene, ViewLayer | Synchronizing object | Toe plate
Fra:1 Mem:17.64M (Peak 17.64M) | Time:00:00.00 | Mem:0.00M, Peak:0.00M | Scene, ViewLayer | Synchronizing object | Shoulder shell
Fra:1 Mem:17.64M (Peak 17.64M) | Time:00:00.00 | Mem:0.00M, Peak:0.00M | Scene, ViewLayer | Synchronizing object | Mission stripe
Fra:1 Mem:17.68M (Peak 17.68M) | Time:00:00.00 | Mem:0.00M, Peak:0.00M | Scene, ViewLayer | Synchronizing object | Elbow joint
Fra:1 Mem:17.74M (Peak 17.74M) | Time:00:00.00 | Mem:0.00M, Peak:0.00M | Scene, ViewLayer | Synchronizing object | Gauntlet
Fra:1 Mem:17.73M (Peak 17.74M) | Time:00:00.00 | Mem:0.00M, Peak:0.00M | Scene, ViewLayer | Synchronizing object | Glove
Fra:1 Mem:17.76M (Peak 17.76M) | Time:00:00.00 | Mem:0.00M, Peak:0.00M | Scene, ViewLayer | Synchronizing object | Wrist display
Fra:1 Mem:17.76M (Peak 17.76M) | Time:00:00.00 | Mem:0.00M, Peak:0.00M | Scene, ViewLayer | Synchronizing object | Pressure fold.002
Fra:1 Mem:17.75M (Peak 17.76M) | Time:00:00.00 | Mem:0.00M, Peak:0.00M | Scene, ViewLayer | Synchronizing object | Key
Fra:1 Mem:17.75M (Peak 17.76M) | Time:00:00.00 | Mem:0.00M, Peak:0.00M | Scene, ViewLayer | Synchronizing object | Control.002
Fra:1 Mem:17.78M (Peak 17.78M) | Time:00:00.00 | Mem:0.00M, Peak:0.00M | Scene, ViewLayer | Synchronizing object | Knee plate.001
Fra:1 Mem:17.78M (Peak 17.78M) | Time:00:00.00 | Mem:0.00M, Peak:0.00M | Scene, ViewLayer | Synchronizing object | Shin.001
Fra:1 Mem:17.80M (Peak 17.80M) | Time:00:00.00 | Mem:0.00M, Peak:0.00M | Scene, ViewLayer | Synchronizing object | Boot.001
Fra:1 Mem:17.84M (Peak 17.84M) | Time:00:00.00 | Mem:0.00M, Peak:0.00M | Scene, ViewLayer | Synchronizing object | Toe plate.001
Fra:1 Mem:17.85M (Peak 17.85M) | Time:00:00.00 | Mem:0.00M, Peak:0.00M | Scene, ViewLayer | Synchronizing object | Boot trim.001
Fra:1 Mem:17.92M (Peak 17.92M) | Time:00:00.00 | Mem:0.00M, Peak:0.00M | Scene, ViewLayer | Synchronizing object | Upper sleeve.001
Fra:1 Mem:17.98M (Peak 17.98M) | Time:00:00.00 | Mem:0.00M, Peak:0.00M | Scene, ViewLayer | Synchronizing object | Shoulder shell.001
Fra:1 Mem:17.99M (Peak 17.99M) | Time:00:00.00 | Mem:0.00M, Peak:0.00M | Scene, ViewLayer | Synchronizing object | Elbow joint.001
Fra:1 Mem:18.00M (Peak 18.00M) | Time:00:00.00 | Mem:0.00M, Peak:0.00M | Scene, ViewLayer | Synchronizing object | Gauntlet.001
Fra:1 Mem:18.03M (Peak 18.03M) | Time:00:00.00 | Mem:0.00M, Peak:0.00M | Scene, ViewLayer | Synchronizing object | Control
Fra:1 Mem:18.05M (Peak 18.05M) | Time:00:00.00 | Mem:0.00M, Peak:0.00M | Scene, ViewLayer | Synchronizing object | Life support pack
Fra:1 Mem:18.06M (Peak 18.06M) | Time:00:00.00 | Mem:0.00M, Peak:0.00M | Scene, ViewLayer | Synchronizing object | Pack inset
Fra:1 Mem:18.09M (Peak 18.09M) | Time:00:00.00 | Mem:0.00M, Peak:0.00M | Scene, ViewLayer | Synchronizing object | Oxygen cylinder
Fra:1 Mem:18.08M (Peak 18.09M) | Time:00:00.00 | Mem:0.00M, Peak:0.00M | Scene, ViewLayer | Synchronizing object | Oxygen cylinder.001
Fra:1 Mem:18.11M (Peak 18.11M) | Time:00:00.00 | Mem:0.00M, Peak:0.00M | Scene, ViewLayer | Synchronizing object | Neck seal
Fra:1 Mem:18.12M (Peak 18.12M) | Time:00:00.00 | Mem:0.00M, Peak:0.00M | Scene, ViewLayer | Synchronizing object | Helmet
Fra:1 Mem:18.14M (Peak 18.14M) | Time:00:00.00 | Mem:0.00M, Peak:0.00M | Scene, ViewLayer | Synchronizing object | Visor warm reflection
Fra:1 Mem:18.17M (Peak 18.17M) | Time:00:00.00 | Mem:0.00M, Peak:0.00M | Scene, ViewLayer | Synchronizing object | Visor glint
Fra:1 Mem:18.16M (Peak 18.17M) | Time:00:00.00 | Mem:0.00M, Peak:0.00M | Scene, ViewLayer | Synchronizing object | Comms housing
Fra:1 Mem:18.18M (Peak 18.18M) | Time:00:00.00 | Mem:0.00M, Peak:0.00M | Scene, ViewLayer | Synchronizing object | Chest control unit
Fra:1 Mem:18.18M (Peak 18.18M) | Time:00:00.00 | Mem:0.00M, Peak:0.00M | Scene, ViewLayer | Synchronizing object | Telemetry display
Fra:1 Mem:18.31M (Peak 18.31M) | Time:00:00.00 | Mem:0.00M, Peak:0.00M | Scene, ViewLayer | Initializing
Fra:1 Mem:15.10M (Peak 18.31M) | Time:00:00.00 | Mem:0.00M, Peak:0.00M | Scene, ViewLayer | Waiting for render to start
Fra:1 Mem:15.10M (Peak 18.31M) | Time:00:00.00 | Mem:0.00M, Peak:0.00M | Scene, ViewLayer | Updating Scene
Fra:1 Mem:15.10M (Peak 18.31M) | Time:00:00.00 | Mem:0.00M, Peak:0.00M | Scene, ViewLayer | Updating Shaders
Fra:1 Mem:15.10M (Peak 18.31M) | Time:00:00.00 | Mem:0.00M, Peak:0.00M | Scene, ViewLayer | Loading render kernels (may take a few minutes the first time)
Fra:1 Mem:15.19M (Peak 18.31M) | Time:00:00.00 | Mem:0.01M, Peak:0.01M | Scene, ViewLayer | Updating Procedurals
Fra:1 Mem:15.19M (Peak 18.31M) | Time:00:00.00 | Mem:0.01M, Peak:0.01M | Scene, ViewLayer | Updating Background
Fra:1 Mem:15.19M (Peak 18.31M) | Time:00:00.00 | Mem:0.01M, Peak:0.01M | Scene, ViewLayer | Updating Camera
Fra:1 Mem:15.19M (Peak 18.31M) | Time:00:00.00 | Mem:0.01M, Peak:0.01M | Scene, ViewLayer | Updating Meshes Flags
Fra:1 Mem:15.19M (Peak 18.31M) | Time:00:00.00 | Mem:0.01M, Peak:0.01M | Scene, ViewLayer | Updating Objects
Fra:1 Mem:15.19M (Peak 18.31M) | Time:00:00.00 | Mem:0.01M, Peak:0.01M | Scene, ViewLayer | Updating Objects | Copying Transformations to device
Fra:1 Mem:15.20M (Peak 18.31M) | Time:00:00.00 | Mem:0.02M, Peak:0.02M | Scene, ViewLayer | Updating Particle Systems
Fra:1 Mem:15.20M (Peak 18.31M) | Time:00:00.00 | Mem:0.02M, Peak:0.02M | Scene, ViewLayer | Updating Particle Systems | Copying Particles to device
Fra:1 Mem:15.20M (Peak 18.31M) | Time:00:00.00 | Mem:0.02M, Peak:0.02M | Scene, ViewLayer | Updating Meshes
Fra:1 Mem:15.20M (Peak 18.31M) | Time:00:00.00 | Mem:0.02M, Peak:0.02M | Scene, ViewLayer | Updating Objects | Applying Static Transformations
Fra:1 Mem:15.20M (Peak 18.31M) | Time:00:00.00 | Mem:0.02M, Peak:0.02M | Scene, ViewLayer | Updating Mesh | Computing attributes
Fra:1 Mem:15.32M (Peak 18.31M) | Time:00:00.00 | Mem:0.02M, Peak:0.02M | Scene, ViewLayer | Updating Mesh | Copying Attributes to device
Fra:1 Mem:15.31M (Peak 18.31M) | Time:00:00.00 | Mem:0.13M, Peak:0.13M | Scene, ViewLayer | Updating Scene BVH | Building
Fra:1 Mem:15.31M (Peak 18.31M) | Time:00:00.00 | Mem:0.13M, Peak:0.13M | Scene, ViewLayer | Updating Scene BVH | Building BVH
Fra:1 Mem:15.31M (Peak 18.31M) | Time:00:00.00 | Mem:0.45M, Peak:0.45M | Scene, ViewLayer | Updating Scene BVH | Building BVH 0%
Fra:1 Mem:15.31M (Peak 18.31M) | Time:00:00.00 | Mem:0.80M, Peak:1.12M | Scene, ViewLayer | Updating Scene BVH | Copying BVH to device
Fra:1 Mem:15.31M (Peak 18.31M) | Time:00:00.00 | Mem:0.80M, Peak:1.12M | Scene, ViewLayer | Updating Mesh | Computing normals
Fra:1 Mem:15.69M (Peak 18.31M) | Time:00:00.00 | Mem:0.80M, Peak:1.12M | Scene, ViewLayer | Updating Mesh | Copying Mesh to device
Fra:1 Mem:15.69M (Peak 18.31M) | Time:00:00.00 | Mem:1.18M, Peak:1.18M | Scene, ViewLayer | Updating Objects Flags
Fra:1 Mem:15.69M (Peak 18.31M) | Time:00:00.00 | Mem:1.18M, Peak:1.18M | Scene, ViewLayer | Updating Primitive Offsets
Fra:1 Mem:15.69M (Peak 18.31M) | Time:00:00.00 | Mem:1.18M, Peak:1.18M | Scene, ViewLayer | Updating Images
Fra:1 Mem:15.69M (Peak 18.31M) | Time:00:00.00 | Mem:1.18M, Peak:1.18M | Scene, ViewLayer | Updating Camera Volume
Fra:1 Mem:15.69M (Peak 18.31M) | Time:00:00.00 | Mem:1.18M, Peak:1.18M | Scene, ViewLayer | Updating Lookup Tables
Fra:1 Mem:15.69M (Peak 18.31M) | Time:00:00.00 | Mem:1.26M, Peak:1.26M | Scene, ViewLayer | Updating Lights
Fra:1 Mem:15.69M (Peak 18.31M) | Time:00:00.00 | Mem:1.26M, Peak:1.26M | Scene, ViewLayer | Updating Lights | Computing tree
Fra:1 Mem:15.69M (Peak 18.31M) | Time:00:00.00 | Mem:1.26M, Peak:1.26M | Scene, ViewLayer | Updating Integrator
Fra:1 Mem:15.69M (Peak 18.31M) | Time:00:00.00 | Mem:1.26M, Peak:1.26M | Scene, ViewLayer | Updating Film
Fra:1 Mem:15.70M (Peak 18.31M) | Time:00:00.00 | Mem:1.18M, Peak:1.26M | Scene, ViewLayer | Updating Lookup Tables
Fra:1 Mem:15.70M (Peak 18.31M) | Time:00:00.00 | Mem:1.26M, Peak:1.26M | Scene, ViewLayer | Updating Baking
Fra:1 Mem:15.70M (Peak 18.31M) | Time:00:00.00 | Mem:1.26M, Peak:1.26M | Scene, ViewLayer | Updating Device | Writing constant memory
Fra:1 Mem:15.70M (Peak 18.31M) | Time:00:00.00 | Mem:1.26M, Peak:1.26M | Scene, ViewLayer | Loading denoising kernels (may take a few minutes the first time)
Fra:1 Mem:15.70M (Peak 18.31M) | Time:00:00.00 | Mem:1.26M, Peak:1.26M | Scene, ViewLayer | Sample 0/32
Fra:1 Mem:21.80M (Peak 21.80M) | Time:00:00.00 | Remaining:00:00.11 | Mem:7.20M, Peak:7.20M | Scene, ViewLayer | Sample 1/32
Fra:1 Mem:24.30M (Peak 28.05M) | Time:00:00.26 | Mem:7.20M, Peak:7.20M | Scene, ViewLayer | Sample 32/32
Fra:1 Mem:24.30M (Peak 28.05M) | Time:00:00.26 | Mem:7.20M, Peak:7.20M | Scene, ViewLayer | Finished
Saved: '/Users/al/git/Starbase2/.local/character-frames/eva/front-4.png'
Time: 00:00.26 (Saving: 00:00.00)

Fra:1 Mem:17.48M (Peak 17.48M) | Time:00:00.00 | Mem:0.00M, Peak:0.00M | Scene, ViewLayer | Synchronizing object | Pressure torso
Fra:1 Mem:17.49M (Peak 17.49M) | Time:00:00.00 | Mem:0.00M, Peak:0.00M | Scene, ViewLayer | Synchronizing object | Knee gasket
Fra:1 Mem:17.50M (Peak 17.50M) | Time:00:00.00 | Mem:0.00M, Peak:0.00M | Scene, ViewLayer | Synchronizing object | Shin
Fra:1 Mem:17.54M (Peak 17.54M) | Time:00:00.00 | Mem:0.00M, Peak:0.00M | Scene, ViewLayer | Synchronizing object | Boot
Fra:1 Mem:17.63M (Peak 17.63M) | Time:00:00.00 | Mem:0.00M, Peak:0.00M | Scene, ViewLayer | Synchronizing object | Toe plate
Fra:1 Mem:17.64M (Peak 17.64M) | Time:00:00.00 | Mem:0.00M, Peak:0.00M | Scene, ViewLayer | Synchronizing object | Shoulder shell
Fra:1 Mem:17.72M (Peak 17.72M) | Time:00:00.00 | Mem:0.00M, Peak:0.00M | Scene, ViewLayer | Synchronizing object | Rim
Fra:1 Mem:17.73M (Peak 17.73M) | Time:00:00.00 | Mem:0.00M, Peak:0.00M | Scene, ViewLayer | Synchronizing object | Elbow joint
Fra:1 Mem:17.74M (Peak 17.74M) | Time:00:00.00 | Mem:0.00M, Peak:0.00M | Scene, ViewLayer | Synchronizing object | Gauntlet
Fra:1 Mem:17.75M (Peak 17.75M) | Time:00:00.00 | Mem:0.00M, Peak:0.00M | Scene, ViewLayer | Synchronizing object | Glove
Fra:1 Mem:17.79M (Peak 17.79M) | Time:00:00.00 | Mem:0.00M, Peak:0.00M | Scene, ViewLayer | Synchronizing object | Wrist display
Fra:1 Mem:17.77M (Peak 17.79M) | Time:00:00.00 | Mem:0.00M, Peak:0.00M | Scene, ViewLayer | Synchronizing object | Pressure fold
Fra:1 Mem:17.80M (Peak 17.80M) | Time:00:00.00 | Mem:0.00M, Peak:0.00M | Scene, ViewLayer | Synchronizing object | Pressure fold.003
Fra:1 Mem:17.79M (Peak 17.80M) | Time:00:00.00 | Mem:0.00M, Peak:0.00M | Scene, ViewLayer | Synchronizing object | Knee plate.001
Fra:1 Mem:17.82M (Peak 17.82M) | Time:00:00.00 | Mem:0.00M, Peak:0.00M | Scene, ViewLayer | Synchronizing object | Shin.001
Fra:1 Mem:17.84M (Peak 17.84M) | Time:00:00.00 | Mem:0.00M, Peak:0.00M | Scene, ViewLayer | Synchronizing object | Boot.001
Fra:1 Mem:17.83M (Peak 17.84M) | Time:00:00.00 | Mem:0.00M, Peak:0.00M | Scene, ViewLayer | Synchronizing object | Boot trim.001
Fra:1 Mem:17.87M (Peak 17.87M) | Time:00:00.00 | Mem:0.00M, Peak:0.00M | Scene, ViewLayer | Synchronizing object | Upper sleeve.001
Fra:1 Mem:17.90M (Peak 17.90M) | Time:00:00.00 | Mem:0.00M, Peak:0.00M | Scene, ViewLayer | Synchronizing object | Shoulder shell.001
Fra:1 Mem:17.93M (Peak 17.93M) | Time:00:00.00 | Mem:0.00M, Peak:0.00M | Scene, ViewLayer | Synchronizing object | Glove.001
Fra:1 Mem:17.94M (Peak 17.94M) | Time:00:00.00 | Mem:0.00M, Peak:0.00M | Scene, ViewLayer | Synchronizing object | Wrist display.001
Fra:1 Mem:17.93M (Peak 17.94M) | Time:00:00.00 | Mem:0.00M, Peak:0.00M | Scene, ViewLayer | Synchronizing object | Key
Fra:1 Mem:17.93M (Peak 17.94M) | Time:00:00.00 | Mem:0.00M, Peak:0.00M | Scene, ViewLayer | Synchronizing object | Pressure fold.005
Fra:1 Mem:17.94M (Peak 17.94M) | Time:00:00.00 | Mem:0.00M, Peak:0.00M | Scene, ViewLayer | Synchronizing object | Control.002
Fra:1 Mem:17.95M (Peak 17.95M) | Time:00:00.00 | Mem:0.00M, Peak:0.00M | Scene, ViewLayer | Synchronizing object | Pressure fold.006
Fra:1 Mem:17.96M (Peak 17.96M) | Time:00:00.00 | Mem:0.00M, Peak:0.00M | Scene, ViewLayer | Synchronizing object | Pressure fold.007
Fra:1 Mem:18.00M (Peak 18.00M) | Time:00:00.00 | Mem:0.00M, Peak:0.00M | Scene, ViewLayer | Synchronizing object | Life support pack
Fra:1 Mem:18.03M (Peak 18.03M) | Time:00:00.00 | Mem:0.00M, Peak:0.00M | Scene, ViewLayer | Synchronizing object | Pack inset
Fra:1 Mem:18.03M (Peak 18.03M) | Time:00:00.00 | Mem:0.00M, Peak:0.00M | Scene, ViewLayer | Synchronizing object | Oxygen cylinder
Fra:1 Mem:18.08M (Peak 18.08M) | Time:00:00.00 | Mem:0.00M, Peak:0.00M | Scene, ViewLayer | Synchronizing object | Oxygen cylinder.001
Fra:1 Mem:18.07M (Peak 18.08M) | Time:00:00.00 | Mem:0.00M, Peak:0.00M | Scene, ViewLayer | Synchronizing object | Helmet
Fra:1 Mem:18.10M (Peak 18.10M) | Time:00:00.00 | Mem:0.00M, Peak:0.00M | Scene, ViewLayer | Synchronizing object | Visor seal
Fra:1 Mem:18.12M (Peak 18.12M) | Time:00:00.00 | Mem:0.00M, Peak:0.00M | Scene, ViewLayer | Synchronizing object | Amber visor
Fra:1 Mem:18.15M (Peak 18.15M) | Time:00:00.00 | Mem:0.00M, Peak:0.00M | Scene, ViewLayer | Synchronizing object | Comms housing
Fra:1 Mem:18.16M (Peak 18.16M) | Time:00:00.00 | Mem:0.00M, Peak:0.00M | Scene, ViewLayer | Synchronizing object | Control.001
Fra:1 Mem:18.19M (Peak 18.19M) | Time:00:00.00 | Mem:0.00M, Peak:0.00M | Scene, ViewLayer | Synchronizing object | Chest control unit
Fra:1 Mem:18.20M (Peak 18.20M) | Time:00:00.00 | Mem:0.00M, Peak:0.00M | Scene, ViewLayer | Synchronizing object | Display glass
Fra:1 Mem:18.21M (Peak 18.21M) | Time:00:00.00 | Mem:0.00M, Peak:0.00M | Scene, ViewLayer | Synchronizing object | Control
Fra:1 Mem:18.31M (Peak 18.31M) | Time:00:00.00 | Mem:0.00M, Peak:0.00M | Scene, ViewLayer | Initializing
Fra:1 Mem:15.10M (Peak 18.31M) | Time:00:00.00 | Mem:0.00M, Peak:0.00M | Scene, ViewLayer | Waiting for render to start
Fra:1 Mem:15.10M (Peak 18.31M) | Time:00:00.00 | Mem:0.00M, Peak:0.00M | Scene, ViewLayer | Updating Scene
Fra:1 Mem:15.10M (Peak 18.31M) | Time:00:00.00 | Mem:0.00M, Peak:0.00M | Scene, ViewLayer | Updating Shaders
Fra:1 Mem:15.10M (Peak 18.31M) | Time:00:00.00 | Mem:0.00M, Peak:0.00M | Scene, ViewLayer | Loading render kernels (may take a few minutes the first time)
Fra:1 Mem:15.19M (Peak 18.31M) | Time:00:00.00 | Mem:0.01M, Peak:0.01M | Scene, ViewLayer | Updating Procedurals
Fra:1 Mem:15.19M (Peak 18.31M) | Time:00:00.00 | Mem:0.01M, Peak:0.01M | Scene, ViewLayer | Updating Background
Fra:1 Mem:15.19M (Peak 18.31M) | Time:00:00.00 | Mem:0.01M, Peak:0.01M | Scene, ViewLayer | Updating Camera
Fra:1 Mem:15.19M (Peak 18.31M) | Time:00:00.00 | Mem:0.01M, Peak:0.01M | Scene, ViewLayer | Updating Meshes Flags
Fra:1 Mem:15.19M (Peak 18.31M) | Time:00:00.00 | Mem:0.01M, Peak:0.01M | Scene, ViewLayer | Updating Objects
Fra:1 Mem:15.19M (Peak 18.31M) | Time:00:00.00 | Mem:0.01M, Peak:0.01M | Scene, ViewLayer | Updating Objects | Copying Transformations to device
Fra:1 Mem:15.20M (Peak 18.31M) | Time:00:00.00 | Mem:0.02M, Peak:0.02M | Scene, ViewLayer | Updating Particle Systems
Fra:1 Mem:15.20M (Peak 18.31M) | Time:00:00.00 | Mem:0.02M, Peak:0.02M | Scene, ViewLayer | Updating Particle Systems | Copying Particles to device
Fra:1 Mem:15.20M (Peak 18.31M) | Time:00:00.00 | Mem:0.02M, Peak:0.02M | Scene, ViewLayer | Updating Meshes
Fra:1 Mem:15.20M (Peak 18.31M) | Time:00:00.00 | Mem:0.02M, Peak:0.02M | Scene, ViewLayer | Updating Objects | Applying Static Transformations
Fra:1 Mem:15.20M (Peak 18.31M) | Time:00:00.00 | Mem:0.02M, Peak:0.02M | Scene, ViewLayer | Updating Mesh | Computing attributes
Fra:1 Mem:15.32M (Peak 18.31M) | Time:00:00.00 | Mem:0.02M, Peak:0.02M | Scene, ViewLayer | Updating Mesh | Copying Attributes to device
Fra:1 Mem:15.31M (Peak 18.31M) | Time:00:00.00 | Mem:0.13M, Peak:0.13M | Scene, ViewLayer | Updating Scene BVH | Building
Fra:1 Mem:15.31M (Peak 18.31M) | Time:00:00.00 | Mem:0.13M, Peak:0.13M | Scene, ViewLayer | Updating Scene BVH | Building BVH
Fra:1 Mem:15.31M (Peak 18.31M) | Time:00:00.00 | Mem:0.45M, Peak:0.45M | Scene, ViewLayer | Updating Scene BVH | Building BVH 0%
Fra:1 Mem:15.31M (Peak 18.31M) | Time:00:00.00 | Mem:0.80M, Peak:1.12M | Scene, ViewLayer | Updating Scene BVH | Copying BVH to device
Fra:1 Mem:15.31M (Peak 18.31M) | Time:00:00.00 | Mem:0.80M, Peak:1.12M | Scene, ViewLayer | Updating Mesh | Computing normals
Fra:1 Mem:15.69M (Peak 18.31M) | Time:00:00.00 | Mem:0.80M, Peak:1.12M | Scene, ViewLayer | Updating Mesh | Copying Mesh to device
Fra:1 Mem:15.69M (Peak 18.31M) | Time:00:00.00 | Mem:1.18M, Peak:1.18M | Scene, ViewLayer | Updating Objects Flags
Fra:1 Mem:15.69M (Peak 18.31M) | Time:00:00.00 | Mem:1.18M, Peak:1.18M | Scene, ViewLayer | Updating Primitive Offsets
Fra:1 Mem:15.69M (Peak 18.31M) | Time:00:00.00 | Mem:1.18M, Peak:1.18M | Scene, ViewLayer | Updating Images
Fra:1 Mem:15.69M (Peak 18.31M) | Time:00:00.00 | Mem:1.18M, Peak:1.18M | Scene, ViewLayer | Updating Camera Volume
Fra:1 Mem:15.69M (Peak 18.31M) | Time:00:00.00 | Mem:1.18M, Peak:1.18M | Scene, ViewLayer | Updating Lookup Tables
Fra:1 Mem:15.69M (Peak 18.31M) | Time:00:00.00 | Mem:1.26M, Peak:1.26M | Scene, ViewLayer | Updating Lights
Fra:1 Mem:15.69M (Peak 18.31M) | Time:00:00.00 | Mem:1.26M, Peak:1.26M | Scene, ViewLayer | Updating Lights | Computing tree
Fra:1 Mem:15.69M (Peak 18.31M) | Time:00:00.00 | Mem:1.26M, Peak:1.26M | Scene, ViewLayer | Updating Integrator
Fra:1 Mem:15.69M (Peak 18.31M) | Time:00:00.00 | Mem:1.26M, Peak:1.26M | Scene, ViewLayer | Updating Film
Fra:1 Mem:15.70M (Peak 18.31M) | Time:00:00.00 | Mem:1.18M, Peak:1.26M | Scene, ViewLayer | Updating Lookup Tables
Fra:1 Mem:15.70M (Peak 18.31M) | Time:00:00.00 | Mem:1.26M, Peak:1.26M | Scene, ViewLayer | Updating Baking
Fra:1 Mem:15.70M (Peak 18.31M) | Time:00:00.00 | Mem:1.26M, Peak:1.26M | Scene, ViewLayer | Updating Device | Writing constant memory
Fra:1 Mem:15.70M (Peak 18.31M) | Time:00:00.00 | Mem:1.26M, Peak:1.26M | Scene, ViewLayer | Loading denoising kernels (may take a few minutes the first time)
Fra:1 Mem:15.70M (Peak 18.31M) | Time:00:00.00 | Mem:1.26M, Peak:1.26M | Scene, ViewLayer | Sample 0/32
Fra:1 Mem:21.80M (Peak 21.80M) | Time:00:00.00 | Remaining:00:00.12 | Mem:7.20M, Peak:7.20M | Scene, ViewLayer | Sample 1/32
Fra:1 Mem:24.30M (Peak 28.05M) | Time:00:00.26 | Mem:7.20M, Peak:7.20M | Scene, ViewLayer | Sample 32/32
Fra:1 Mem:24.30M (Peak 28.05M) | Time:00:00.26 | Mem:7.20M, Peak:7.20M | Scene, ViewLayer | Finished
Saved: '/Users/al/git/Starbase2/.local/character-frames/eva/front-5.png'
Time: 00:00.26 (Saving: 00:00.00)

Fra:1 Mem:17.48M (Peak 17.48M) | Time:00:00.00 | Mem:0.00M, Peak:0.00M | Scene, ViewLayer | Synchronizing object | Pressure torso
Fra:1 Mem:17.48M (Peak 17.48M) | Time:00:00.00 | Mem:0.00M, Peak:0.00M | Scene, ViewLayer | Synchronizing object | Buckle
Fra:1 Mem:17.50M (Peak 17.50M) | Time:00:00.00 | Mem:0.00M, Peak:0.00M | Scene, ViewLayer | Synchronizing object | Knee plate
Fra:1 Mem:17.53M (Peak 17.53M) | Time:00:00.00 | Mem:0.00M, Peak:0.00M | Scene, ViewLayer | Synchronizing object | Shin
Fra:1 Mem:17.61M (Peak 17.61M) | Time:00:00.00 | Mem:0.00M, Peak:0.00M | Scene, ViewLayer | Synchronizing object | Boot
Fra:1 Mem:17.67M (Peak 17.67M) | Time:00:00.00 | Mem:0.00M, Peak:0.00M | Scene, ViewLayer | Synchronizing object | Toe plate
Fra:1 Mem:17.69M (Peak 17.69M) | Time:00:00.00 | Mem:0.00M, Peak:0.00M | Scene, ViewLayer | Synchronizing object | Upper sleeve
Fra:1 Mem:17.69M (Peak 17.69M) | Time:00:00.00 | Mem:0.00M, Peak:0.00M | Scene, ViewLayer | Synchronizing object | Shoulder shell
Fra:1 Mem:17.68M (Peak 17.69M) | Time:00:00.00 | Mem:0.00M, Peak:0.00M | Scene, ViewLayer | Synchronizing object | Elbow joint
Fra:1 Mem:17.69M (Peak 17.69M) | Time:00:00.00 | Mem:0.00M, Peak:0.00M | Scene, ViewLayer | Synchronizing object | Gauntlet
Fra:1 Mem:17.70M (Peak 17.70M) | Time:00:00.00 | Mem:0.00M, Peak:0.00M | Scene, ViewLayer | Synchronizing object | Wrist display
Fra:1 Mem:17.72M (Peak 17.72M) | Time:00:00.00 | Mem:0.00M, Peak:0.00M | Scene, ViewLayer | Synchronizing object | Pressure fold.002
Fra:1 Mem:17.75M (Peak 17.75M) | Time:00:00.00 | Mem:0.00M, Peak:0.00M | Scene, ViewLayer | Synchronizing object | Pressure fold.003
Fra:1 Mem:17.77M (Peak 17.77M) | Time:00:00.00 | Mem:0.00M, Peak:0.00M | Scene, ViewLayer | Synchronizing object | Thigh.001
Fra:1 Mem:17.79M (Peak 17.79M) | Time:00:00.00 | Mem:0.00M, Peak:0.00M | Scene, ViewLayer | Synchronizing object | Knee gasket.001
Fra:1 Mem:17.80M (Peak 17.80M) | Time:00:00.00 | Mem:0.00M, Peak:0.00M | Scene, ViewLayer | Synchronizing object | Shin.001
Fra:1 Mem:17.86M (Peak 17.86M) | Time:00:00.00 | Mem:0.00M, Peak:0.00M | Scene, ViewLayer | Synchronizing object | Toe plate.001
Fra:1 Mem:17.83M (Peak 17.86M) | Time:00:00.00 | Mem:0.00M, Peak:0.00M | Scene, ViewLayer | Synchronizing object | Boot trim.001
Fra:1 Mem:17.85M (Peak 17.86M) | Time:00:00.00 | Mem:0.00M, Peak:0.00M | Scene, ViewLayer | Synchronizing object | Upper sleeve.001
Fra:1 Mem:17.89M (Peak 17.89M) | Time:00:00.00 | Mem:0.00M, Peak:0.00M | Scene, ViewLayer | Synchronizing object | Shoulder shell.001
Fra:1 Mem:17.93M (Peak 17.93M) | Time:00:00.00 | Mem:0.00M, Peak:0.00M | Scene, ViewLayer | Synchronizing object | Mission stripe.001
Fra:1 Mem:17.94M (Peak 17.94M) | Time:00:00.00 | Mem:0.00M, Peak:0.00M | Scene, ViewLayer | Synchronizing object | Elbow joint.001
Fra:1 Mem:17.95M (Peak 17.95M) | Time:00:00.00 | Mem:0.00M, Peak:0.00M | Scene, ViewLayer | Synchronizing object | Gauntlet.001
Fra:1 Mem:17.99M (Peak 17.99M) | Time:00:00.00 | Mem:0.00M, Peak:0.00M | Scene, ViewLayer | Synchronizing object | Glove.001
Fra:1 Mem:17.98M (Peak 17.99M) | Time:00:00.00 | Mem:0.00M, Peak:0.00M | Scene, ViewLayer | Synchronizing object | Wrist display.001
Fra:1 Mem:18.02M (Peak 18.02M) | Time:00:00.00 | Mem:0.00M, Peak:0.00M | Scene, ViewLayer | Synchronizing object | Key
Fra:1 Mem:17.99M (Peak 18.02M) | Time:00:00.00 | Mem:0.00M, Peak:0.00M | Scene, ViewLayer | Synchronizing object | Pressure fold.005
Fra:1 Mem:17.98M (Peak 18.02M) | Time:00:00.00 | Mem:0.00M, Peak:0.00M | Scene, ViewLayer | Synchronizing object | Pack inset
Fra:1 Mem:18.00M (Peak 18.02M) | Time:00:00.00 | Mem:0.00M, Peak:0.00M | Scene, ViewLayer | Synchronizing object | Oxygen cylinder
Fra:1 Mem:18.03M (Peak 18.03M) | Time:00:00.00 | Mem:0.00M, Peak:0.00M | Scene, ViewLayer | Synchronizing object | Oxygen cylinder.001
Fra:1 Mem:18.05M (Peak 18.05M) | Time:00:00.00 | Mem:0.00M, Peak:0.00M | Scene, ViewLayer | Synchronizing object | Neck seal
Fra:1 Mem:18.06M (Peak 18.06M) | Time:00:00.00 | Mem:0.00M, Peak:0.00M | Scene, ViewLayer | Synchronizing object | Helmet
Fra:1 Mem:18.09M (Peak 18.09M) | Time:00:00.00 | Mem:0.00M, Peak:0.00M | Scene, ViewLayer | Synchronizing object | Visor seal
Fra:1 Mem:18.07M (Peak 18.09M) | Time:00:00.00 | Mem:0.00M, Peak:0.00M | Scene, ViewLayer | Synchronizing object | Amber visor
Fra:1 Mem:18.09M (Peak 18.09M) | Time:00:00.00 | Mem:0.00M, Peak:0.00M | Scene, ViewLayer | Synchronizing object | Visor warm reflection
Fra:1 Mem:18.14M (Peak 18.14M) | Time:00:00.00 | Mem:0.00M, Peak:0.00M | Scene, ViewLayer | Synchronizing object | Comms housing
Fra:1 Mem:18.15M (Peak 18.15M) | Time:00:00.00 | Mem:0.00M, Peak:0.00M | Scene, ViewLayer | Synchronizing object | Comms housing.001
Fra:1 Mem:18.21M (Peak 18.21M) | Time:00:00.00 | Mem:0.00M, Peak:0.00M | Scene, ViewLayer | Synchronizing object | Chest control unit
Fra:1 Mem:18.22M (Peak 18.22M) | Time:00:00.00 | Mem:0.00M, Peak:0.00M | Scene, ViewLayer | Synchronizing object | Display glass
Fra:1 Mem:18.22M (Peak 18.22M) | Time:00:00.00 | Mem:0.00M, Peak:0.00M | Scene, ViewLayer | Synchronizing object | Control.001
Fra:1 Mem:18.31M (Peak 18.31M) | Time:00:00.00 | Mem:0.00M, Peak:0.00M | Scene, ViewLayer | Initializing
Fra:1 Mem:15.10M (Peak 18.31M) | Time:00:00.00 | Mem:0.00M, Peak:0.00M | Scene, ViewLayer | Waiting for render to start
Fra:1 Mem:15.10M (Peak 18.31M) | Time:00:00.00 | Mem:0.00M, Peak:0.00M | Scene, ViewLayer | Updating Scene
Fra:1 Mem:15.10M (Peak 18.31M) | Time:00:00.00 | Mem:0.00M, Peak:0.00M | Scene, ViewLayer | Updating Shaders
Fra:1 Mem:15.10M (Peak 18.31M) | Time:00:00.00 | Mem:0.00M, Peak:0.00M | Scene, ViewLayer | Loading render kernels (may take a few minutes the first time)
Fra:1 Mem:15.19M (Peak 18.31M) | Time:00:00.00 | Mem:0.01M, Peak:0.01M | Scene, ViewLayer | Updating Procedurals
Fra:1 Mem:15.19M (Peak 18.31M) | Time:00:00.00 | Mem:0.01M, Peak:0.01M | Scene, ViewLayer | Updating Background
Fra:1 Mem:15.19M (Peak 18.31M) | Time:00:00.00 | Mem:0.01M, Peak:0.01M | Scene, ViewLayer | Updating Camera
Fra:1 Mem:15.19M (Peak 18.31M) | Time:00:00.00 | Mem:0.01M, Peak:0.01M | Scene, ViewLayer | Updating Meshes Flags
Fra:1 Mem:15.19M (Peak 18.31M) | Time:00:00.00 | Mem:0.01M, Peak:0.01M | Scene, ViewLayer | Updating Objects
Fra:1 Mem:15.19M (Peak 18.31M) | Time:00:00.00 | Mem:0.01M, Peak:0.01M | Scene, ViewLayer | Updating Objects | Copying Transformations to device
Fra:1 Mem:15.20M (Peak 18.31M) | Time:00:00.00 | Mem:0.02M, Peak:0.02M | Scene, ViewLayer | Updating Particle Systems
Fra:1 Mem:15.20M (Peak 18.31M) | Time:00:00.00 | Mem:0.02M, Peak:0.02M | Scene, ViewLayer | Updating Particle Systems | Copying Particles to device
Fra:1 Mem:15.20M (Peak 18.31M) | Time:00:00.00 | Mem:0.02M, Peak:0.02M | Scene, ViewLayer | Updating Meshes
Fra:1 Mem:15.20M (Peak 18.31M) | Time:00:00.00 | Mem:0.02M, Peak:0.02M | Scene, ViewLayer | Updating Objects | Applying Static Transformations
Fra:1 Mem:15.20M (Peak 18.31M) | Time:00:00.00 | Mem:0.02M, Peak:0.02M | Scene, ViewLayer | Updating Mesh | Computing attributes
Fra:1 Mem:15.32M (Peak 18.31M) | Time:00:00.00 | Mem:0.02M, Peak:0.02M | Scene, ViewLayer | Updating Mesh | Copying Attributes to device
Fra:1 Mem:15.31M (Peak 18.31M) | Time:00:00.00 | Mem:0.13M, Peak:0.13M | Scene, ViewLayer | Updating Scene BVH | Building
Fra:1 Mem:15.31M (Peak 18.31M) | Time:00:00.00 | Mem:0.13M, Peak:0.13M | Scene, ViewLayer | Updating Scene BVH | Building BVH
Fra:1 Mem:15.31M (Peak 18.31M) | Time:00:00.00 | Mem:0.45M, Peak:0.45M | Scene, ViewLayer | Updating Scene BVH | Building BVH 0%
Fra:1 Mem:15.31M (Peak 18.31M) | Time:00:00.00 | Mem:0.80M, Peak:1.12M | Scene, ViewLayer | Updating Scene BVH | Copying BVH to device
Fra:1 Mem:15.31M (Peak 18.31M) | Time:00:00.00 | Mem:0.80M, Peak:1.12M | Scene, ViewLayer | Updating Mesh | Computing normals
Fra:1 Mem:15.69M (Peak 18.31M) | Time:00:00.00 | Mem:0.80M, Peak:1.12M | Scene, ViewLayer | Updating Mesh | Copying Mesh to device
Fra:1 Mem:15.69M (Peak 18.31M) | Time:00:00.00 | Mem:1.18M, Peak:1.18M | Scene, ViewLayer | Updating Objects Flags
Fra:1 Mem:15.69M (Peak 18.31M) | Time:00:00.00 | Mem:1.18M, Peak:1.18M | Scene, ViewLayer | Updating Primitive Offsets
Fra:1 Mem:15.69M (Peak 18.31M) | Time:00:00.00 | Mem:1.18M, Peak:1.18M | Scene, ViewLayer | Updating Images
Fra:1 Mem:15.69M (Peak 18.31M) | Time:00:00.00 | Mem:1.18M, Peak:1.18M | Scene, ViewLayer | Updating Camera Volume
Fra:1 Mem:15.69M (Peak 18.31M) | Time:00:00.00 | Mem:1.18M, Peak:1.18M | Scene, ViewLayer | Updating Lookup Tables
Fra:1 Mem:15.69M (Peak 18.31M) | Time:00:00.00 | Mem:1.26M, Peak:1.26M | Scene, ViewLayer | Updating Lights
Fra:1 Mem:15.69M (Peak 18.31M) | Time:00:00.00 | Mem:1.26M, Peak:1.26M | Scene, ViewLayer | Updating Lights | Computing tree
Fra:1 Mem:15.69M (Peak 18.31M) | Time:00:00.00 | Mem:1.26M, Peak:1.26M | Scene, ViewLayer | Updating Integrator
Fra:1 Mem:15.69M (Peak 18.31M) | Time:00:00.00 | Mem:1.26M, Peak:1.26M | Scene, ViewLayer | Updating Film
Fra:1 Mem:15.70M (Peak 18.31M) | Time:00:00.00 | Mem:1.18M, Peak:1.26M | Scene, ViewLayer | Updating Lookup Tables
Fra:1 Mem:15.70M (Peak 18.31M) | Time:00:00.00 | Mem:1.26M, Peak:1.26M | Scene, ViewLayer | Updating Baking
Fra:1 Mem:15.70M (Peak 18.31M) | Time:00:00.00 | Mem:1.26M, Peak:1.26M | Scene, ViewLayer | Updating Device | Writing constant memory
Fra:1 Mem:15.70M (Peak 18.31M) | Time:00:00.00 | Mem:1.26M, Peak:1.26M | Scene, ViewLayer | Loading denoising kernels (may take a few minutes the first time)
Fra:1 Mem:15.70M (Peak 18.31M) | Time:00:00.00 | Mem:1.26M, Peak:1.26M | Scene, ViewLayer | Sample 0/32
Fra:1 Mem:21.80M (Peak 21.80M) | Time:00:00.00 | Remaining:00:00.12 | Mem:7.20M, Peak:7.20M | Scene, ViewLayer | Sample 1/32
Fra:1 Mem:24.30M (Peak 28.05M) | Time:00:00.25 | Mem:7.20M, Peak:7.20M | Scene, ViewLayer | Sample 32/32
Fra:1 Mem:24.30M (Peak 28.05M) | Time:00:00.25 | Mem:7.20M, Peak:7.20M | Scene, ViewLayer | Finished
Saved: '/Users/al/git/Starbase2/.local/character-frames/eva/front-6.png'
Time: 00:00.26 (Saving: 00:00.00)

Fra:1 Mem:17.48M (Peak 17.48M) | Time:00:00.00 | Mem:0.00M, Peak:0.00M | Scene, ViewLayer | Synchronizing object | Waist undersuit
Fra:1 Mem:17.49M (Peak 17.49M) | Time:00:00.00 | Mem:0.00M, Peak:0.00M | Scene, ViewLayer | Synchronizing object | Buckle
Fra:1 Mem:17.51M (Peak 17.51M) | Time:00:00.00 | Mem:0.00M, Peak:0.00M | Scene, ViewLayer | Synchronizing object | Belt pouch.001
Fra:1 Mem:17.53M (Peak 17.53M) | Time:00:00.00 | Mem:0.00M, Peak:0.00M | Scene, ViewLayer | Synchronizing object | Shin
Fra:1 Mem:17.56M (Peak 17.56M) | Time:00:00.00 | Mem:0.00M, Peak:0.00M | Scene, ViewLayer | Synchronizing object | Boot
Fra:1 Mem:17.65M (Peak 17.65M) | Time:00:00.00 | Mem:0.00M, Peak:0.00M | Scene, ViewLayer | Synchronizing object | Toe plate
Fra:1 Mem:17.67M (Peak 17.67M) | Time:00:00.00 | Mem:0.00M, Peak:0.00M | Scene, ViewLayer | Synchronizing object | Boot trim
Fra:1 Mem:17.69M (Peak 17.69M) | Time:00:00.00 | Mem:0.00M, Peak:0.00M | Scene, ViewLayer | Synchronizing object | Elbow joint
Fra:1 Mem:17.70M (Peak 17.70M) | Time:00:00.00 | Mem:0.00M, Peak:0.00M | Scene, ViewLayer | Synchronizing object | Gauntlet
Fra:1 Mem:17.68M (Peak 17.70M) | Time:00:00.00 | Mem:0.00M, Peak:0.00M | Scene, ViewLayer | Synchronizing object | Pressure fold.001
Fra:1 Mem:17.74M (Peak 17.74M) | Time:00:00.00 | Mem:0.00M, Peak:0.00M | Scene, ViewLayer | Synchronizing object | Key
Fra:1 Mem:17.75M (Peak 17.75M) | Time:00:00.00 | Mem:0.00M, Peak:0.00M | Scene, ViewLayer | Synchronizing object | Control.002
Fra:1 Mem:17.72M (Peak 17.75M) | Time:00:00.00 | Mem:0.00M, Peak:0.00M | Scene, ViewLayer | Synchronizing object | Knee gasket.001
Fra:1 Mem:17.75M (Peak 17.75M) | Time:00:00.00 | Mem:0.00M, Peak:0.00M | Scene, ViewLayer | Synchronizing object | Control.001
Fra:1 Mem:17.80M (Peak 17.80M) | Time:00:00.00 | Mem:0.00M, Peak:0.00M | Scene, ViewLayer | Synchronizing object | Shin.001
Fra:1 Mem:17.80M (Peak 17.80M) | Time:00:00.00 | Mem:0.00M, Peak:0.00M | Scene, ViewLayer | Synchronizing object | Control
Fra:1 Mem:17.82M (Peak 17.82M) | Time:00:00.00 | Mem:0.00M, Peak:0.00M | Scene, ViewLayer | Synchronizing object | Boot.001
Fra:1 Mem:17.84M (Peak 17.84M) | Time:00:00.00 | Mem:0.00M, Peak:0.00M | Scene, ViewLayer | Synchronizing object | Toe plate.001
Fra:1 Mem:17.87M (Peak 17.87M) | Time:00:00.00 | Mem:0.00M, Peak:0.00M | Scene, ViewLayer | Synchronizing object | Boot trim.001
Fra:1 Mem:17.92M (Peak 17.92M) | Time:00:00.00 | Mem:0.00M, Peak:0.00M | Scene, ViewLayer | Synchronizing object | Upper sleeve.001
Fra:1 Mem:17.92M (Peak 17.92M) | Time:00:00.00 | Mem:0.00M, Peak:0.00M | Scene, ViewLayer | Synchronizing object | Shoulder shell.001
Fra:1 Mem:17.94M (Peak 17.94M) | Time:00:00.00 | Mem:0.00M, Peak:0.00M | Scene, ViewLayer | Synchronizing object | Elbow joint.001
Fra:1 Mem:17.94M (Peak 17.94M) | Time:00:00.00 | Mem:0.00M, Peak:0.00M | Scene, ViewLayer | Synchronizing object | Gauntlet.001
Fra:1 Mem:17.97M (Peak 17.97M) | Time:00:00.00 | Mem:0.00M, Peak:0.00M | Scene, ViewLayer | Synchronizing object | Wrist display.001
Fra:1 Mem:18.01M (Peak 18.01M) | Time:00:00.00 | Mem:0.00M, Peak:0.00M | Scene, ViewLayer | Synchronizing object | Pressure fold.004
Fra:1 Mem:18.05M (Peak 18.05M) | Time:00:00.00 | Mem:0.00M, Peak:0.00M | Scene, ViewLayer | Synchronizing object | Display glass
Fra:1 Mem:18.04M (Peak 18.05M) | Time:00:00.00 | Mem:0.00M, Peak:0.00M | Scene, ViewLayer | Synchronizing object | Pressure fold.007
Fra:1 Mem:18.07M (Peak 18.07M) | Time:00:00.00 | Mem:0.00M, Peak:0.00M | Scene, ViewLayer | Synchronizing object | Life support pack
Fra:1 Mem:18.08M (Peak 18.08M) | Time:00:00.00 | Mem:0.00M, Peak:0.00M | Scene, ViewLayer | Synchronizing object | Pack inset
Fra:1 Mem:18.12M (Peak 18.12M) | Time:00:00.00 | Mem:0.00M, Peak:0.00M | Scene, ViewLayer | Synchronizing object | Oxygen cylinder
Fra:1 Mem:18.13M (Peak 18.13M) | Time:00:00.00 | Mem:0.00M, Peak:0.00M | Scene, ViewLayer | Synchronizing object | Neck seal
Fra:1 Mem:18.11M (Peak 18.13M) | Time:00:00.00 | Mem:0.00M, Peak:0.00M | Scene, ViewLayer | Synchronizing object | Visor seal
Fra:1 Mem:18.12M (Peak 18.13M) | Time:00:00.00 | Mem:0.00M, Peak:0.00M | Scene, ViewLayer | Synchronizing object | Amber visor
Fra:1 Mem:18.17M (Peak 18.17M) | Time:00:00.00 | Mem:0.00M, Peak:0.00M | Scene, ViewLayer | Synchronizing object | Visor warm reflection
Fra:1 Mem:18.19M (Peak 18.19M) | Time:00:00.00 | Mem:0.00M, Peak:0.00M | Scene, ViewLayer | Synchronizing object | Comms housing
Fra:1 Mem:18.21M (Peak 18.21M) | Time:00:00.00 | Mem:0.00M, Peak:0.00M | Scene, ViewLayer | Synchronizing object | Comms housing.001
Fra:1 Mem:18.25M (Peak 18.25M) | Time:00:00.00 | Mem:0.00M, Peak:0.00M | Scene, ViewLayer | Synchronizing object | Chest control unit
Fra:1 Mem:18.31M (Peak 18.31M) | Time:00:00.00 | Mem:0.00M, Peak:0.00M | Scene, ViewLayer | Initializing
Fra:1 Mem:15.10M (Peak 18.31M) | Time:00:00.00 | Mem:0.00M, Peak:0.00M | Scene, ViewLayer | Waiting for render to start
Fra:1 Mem:15.10M (Peak 18.31M) | Time:00:00.00 | Mem:0.00M, Peak:0.00M | Scene, ViewLayer | Updating Scene
Fra:1 Mem:15.10M (Peak 18.31M) | Time:00:00.00 | Mem:0.00M, Peak:0.00M | Scene, ViewLayer | Updating Shaders
Fra:1 Mem:15.10M (Peak 18.31M) | Time:00:00.00 | Mem:0.00M, Peak:0.00M | Scene, ViewLayer | Loading render kernels (may take a few minutes the first time)
Fra:1 Mem:15.19M (Peak 18.31M) | Time:00:00.00 | Mem:0.01M, Peak:0.01M | Scene, ViewLayer | Updating Procedurals
Fra:1 Mem:15.19M (Peak 18.31M) | Time:00:00.00 | Mem:0.01M, Peak:0.01M | Scene, ViewLayer | Updating Background
Fra:1 Mem:15.19M (Peak 18.31M) | Time:00:00.00 | Mem:0.01M, Peak:0.01M | Scene, ViewLayer | Updating Camera
Fra:1 Mem:15.19M (Peak 18.31M) | Time:00:00.00 | Mem:0.01M, Peak:0.01M | Scene, ViewLayer | Updating Meshes Flags
Fra:1 Mem:15.19M (Peak 18.31M) | Time:00:00.00 | Mem:0.01M, Peak:0.01M | Scene, ViewLayer | Updating Objects
Fra:1 Mem:15.19M (Peak 18.31M) | Time:00:00.00 | Mem:0.01M, Peak:0.01M | Scene, ViewLayer | Updating Objects | Copying Transformations to device
Fra:1 Mem:15.20M (Peak 18.31M) | Time:00:00.00 | Mem:0.02M, Peak:0.02M | Scene, ViewLayer | Updating Particle Systems
Fra:1 Mem:15.20M (Peak 18.31M) | Time:00:00.00 | Mem:0.02M, Peak:0.02M | Scene, ViewLayer | Updating Particle Systems | Copying Particles to device
Fra:1 Mem:15.20M (Peak 18.31M) | Time:00:00.00 | Mem:0.02M, Peak:0.02M | Scene, ViewLayer | Updating Meshes
Fra:1 Mem:15.20M (Peak 18.31M) | Time:00:00.00 | Mem:0.02M, Peak:0.02M | Scene, ViewLayer | Updating Objects | Applying Static Transformations
Fra:1 Mem:15.20M (Peak 18.31M) | Time:00:00.00 | Mem:0.02M, Peak:0.02M | Scene, ViewLayer | Updating Mesh | Computing attributes
Fra:1 Mem:15.32M (Peak 18.31M) | Time:00:00.00 | Mem:0.02M, Peak:0.02M | Scene, ViewLayer | Updating Mesh | Copying Attributes to device
Fra:1 Mem:15.31M (Peak 18.31M) | Time:00:00.00 | Mem:0.13M, Peak:0.13M | Scene, ViewLayer | Updating Scene BVH | Building
Fra:1 Mem:15.31M (Peak 18.31M) | Time:00:00.00 | Mem:0.13M, Peak:0.13M | Scene, ViewLayer | Updating Scene BVH | Building BVH
Fra:1 Mem:15.31M (Peak 18.31M) | Time:00:00.00 | Mem:0.45M, Peak:0.45M | Scene, ViewLayer | Updating Scene BVH | Building BVH 0%
Fra:1 Mem:15.31M (Peak 18.31M) | Time:00:00.00 | Mem:0.80M, Peak:1.12M | Scene, ViewLayer | Updating Scene BVH | Copying BVH to device
Fra:1 Mem:15.31M (Peak 18.31M) | Time:00:00.00 | Mem:0.80M, Peak:1.12M | Scene, ViewLayer | Updating Mesh | Computing normals
Fra:1 Mem:15.69M (Peak 18.31M) | Time:00:00.00 | Mem:0.80M, Peak:1.12M | Scene, ViewLayer | Updating Mesh | Copying Mesh to device
Fra:1 Mem:15.69M (Peak 18.31M) | Time:00:00.00 | Mem:1.18M, Peak:1.18M | Scene, ViewLayer | Updating Objects Flags
Fra:1 Mem:15.69M (Peak 18.31M) | Time:00:00.00 | Mem:1.18M, Peak:1.18M | Scene, ViewLayer | Updating Primitive Offsets
Fra:1 Mem:15.69M (Peak 18.31M) | Time:00:00.00 | Mem:1.18M, Peak:1.18M | Scene, ViewLayer | Updating Images
Fra:1 Mem:15.69M (Peak 18.31M) | Time:00:00.00 | Mem:1.18M, Peak:1.18M | Scene, ViewLayer | Updating Camera Volume
Fra:1 Mem:15.69M (Peak 18.31M) | Time:00:00.00 | Mem:1.18M, Peak:1.18M | Scene, ViewLayer | Updating Lookup Tables
Fra:1 Mem:15.69M (Peak 18.31M) | Time:00:00.00 | Mem:1.26M, Peak:1.26M | Scene, ViewLayer | Updating Lights
Fra:1 Mem:15.69M (Peak 18.31M) | Time:00:00.00 | Mem:1.26M, Peak:1.26M | Scene, ViewLayer | Updating Lights | Computing tree
Fra:1 Mem:15.69M (Peak 18.31M) | Time:00:00.00 | Mem:1.26M, Peak:1.26M | Scene, ViewLayer | Updating Integrator
Fra:1 Mem:15.69M (Peak 18.31M) | Time:00:00.00 | Mem:1.26M, Peak:1.26M | Scene, ViewLayer | Updating Film
Fra:1 Mem:15.70M (Peak 18.31M) | Time:00:00.00 | Mem:1.18M, Peak:1.26M | Scene, ViewLayer | Updating Lookup Tables
Fra:1 Mem:15.70M (Peak 18.31M) | Time:00:00.00 | Mem:1.26M, Peak:1.26M | Scene, ViewLayer | Updating Baking
Fra:1 Mem:15.70M (Peak 18.31M) | Time:00:00.00 | Mem:1.26M, Peak:1.26M | Scene, ViewLayer | Updating Device | Writing constant memory
Fra:1 Mem:15.70M (Peak 18.31M) | Time:00:00.00 | Mem:1.26M, Peak:1.26M | Scene, ViewLayer | Loading denoising kernels (may take a few minutes the first time)
Fra:1 Mem:15.70M (Peak 18.31M) | Time:00:00.00 | Mem:1.26M, Peak:1.26M | Scene, ViewLayer | Sample 0/32
Fra:1 Mem:21.80M (Peak 21.80M) | Time:00:00.00 | Remaining:00:00.12 | Mem:7.20M, Peak:7.20M | Scene, ViewLayer | Sample 1/32
Fra:1 Mem:24.30M (Peak 28.05M) | Time:00:00.26 | Mem:7.20M, Peak:7.20M | Scene, ViewLayer | Sample 32/32
Fra:1 Mem:24.30M (Peak 28.05M) | Time:00:00.26 | Mem:7.20M, Peak:7.20M | Scene, ViewLayer | Finished
Saved: '/Users/al/git/Starbase2/.local/character-frames/eva/front-7.png'
Time: 00:00.26 (Saving: 00:00.00)

Fra:1 Mem:17.48M (Peak 17.48M) | Time:00:00.00 | Mem:0.00M, Peak:0.00M | Scene, ViewLayer | Synchronizing object | Pressure torso
Fra:1 Mem:17.49M (Peak 17.49M) | Time:00:00.00 | Mem:0.00M, Peak:0.00M | Scene, ViewLayer | Synchronizing object | Knee gasket
Fra:1 Mem:17.50M (Peak 17.50M) | Time:00:00.00 | Mem:0.00M, Peak:0.00M | Scene, ViewLayer | Synchronizing object | Knee plate
Fra:1 Mem:17.53M (Peak 17.53M) | Time:00:00.00 | Mem:0.00M, Peak:0.00M | Scene, ViewLayer | Synchronizing object | Shin
Fra:1 Mem:17.58M (Peak 17.58M) | Time:00:00.00 | Mem:0.00M, Peak:0.00M | Scene, ViewLayer | Synchronizing object | Boot
Fra:1 Mem:17.62M (Peak 17.62M) | Time:00:00.00 | Mem:0.00M, Peak:0.00M | Scene, ViewLayer | Synchronizing object | Toe plate
Fra:1 Mem:17.68M (Peak 17.68M) | Time:00:00.00 | Mem:0.00M, Peak:0.00M | Scene, ViewLayer | Synchronizing object | Rim
Fra:1 Mem:17.68M (Peak 17.68M) | Time:00:00.00 | Mem:0.00M, Peak:0.00M | Scene, ViewLayer | Synchronizing object | Key
Fra:1 Mem:17.70M (Peak 17.70M) | Time:00:00.00 | Mem:0.00M, Peak:0.00M | Scene, ViewLayer | Synchronizing object | Control.002
Fra:1 Mem:17.69M (Peak 17.70M) | Time:00:00.00 | Mem:0.00M, Peak:0.00M | Scene, ViewLayer | Synchronizing object | Upper sleeve
Fra:1 Mem:17.67M (Peak 17.70M) | Time:00:00.00 | Mem:0.00M, Peak:0.00M | Scene, ViewLayer | Synchronizing object | Control.001
Fra:1 Mem:17.68M (Peak 17.70M) | Time:00:00.00 | Mem:0.00M, Peak:0.00M | Scene, ViewLayer | Synchronizing object | Gauntlet
Fra:1 Mem:17.72M (Peak 17.72M) | Time:00:00.00 | Mem:0.00M, Peak:0.00M | Scene, ViewLayer | Synchronizing object | Glove
Fra:1 Mem:17.72M (Peak 17.72M) | Time:00:00.00 | Mem:0.00M, Peak:0.00M | Scene, ViewLayer | Synchronizing object | Wrist display
Fra:1 Mem:17.71M (Peak 17.72M) | Time:00:00.00 | Mem:0.00M, Peak:0.00M | Scene, ViewLayer | Synchronizing object | Pressure fold
Fra:1 Mem:17.75M (Peak 17.75M) | Time:00:00.00 | Mem:0.00M, Peak:0.00M | Scene, ViewLayer | Synchronizing object | Pressure fold.001
Fra:1 Mem:17.77M (Peak 17.77M) | Time:00:00.00 | Mem:0.00M, Peak:0.00M | Scene, ViewLayer | Synchronizing object | Pressure fold.003
Fra:1 Mem:17.80M (Peak 17.80M) | Time:00:00.00 | Mem:0.00M, Peak:0.00M | Scene, ViewLayer | Synchronizing object | Thigh.001
Fra:1 Mem:17.79M (Peak 17.80M) | Time:00:00.00 | Mem:0.00M, Peak:0.00M | Scene, ViewLayer | Synchronizing object | Knee gasket.001
Fra:1 Mem:17.81M (Peak 17.81M) | Time:00:00.00 | Mem:0.00M, Peak:0.00M | Scene, ViewLayer | Synchronizing object | Knee plate.001
Fra:1 Mem:17.82M (Peak 17.82M) | Time:00:00.00 | Mem:0.00M, Peak:0.00M | Scene, ViewLayer | Synchronizing object | Toe plate.001
Fra:1 Mem:17.82M (Peak 17.82M) | Time:00:00.00 | Mem:0.00M, Peak:0.00M | Scene, ViewLayer | Synchronizing object | Control
Fra:1 Mem:17.85M (Peak 17.85M) | Time:00:00.00 | Mem:0.00M, Peak:0.00M | Scene, ViewLayer | Synchronizing object | Upper sleeve.001
Fra:1 Mem:17.89M (Peak 17.89M) | Time:00:00.00 | Mem:0.00M, Peak:0.00M | Scene, ViewLayer | Synchronizing object | Display glass
Fra:1 Mem:17.90M (Peak 17.90M) | Time:00:00.00 | Mem:0.00M, Peak:0.00M | Scene, ViewLayer | Synchronizing object | Shoulder shell.001
Fra:1 Mem:17.95M (Peak 17.95M) | Time:00:00.00 | Mem:0.00M, Peak:0.00M | Scene, ViewLayer | Synchronizing object | Mission stripe.001
Fra:1 Mem:17.93M (Peak 17.95M) | Time:00:00.00 | Mem:0.00M, Peak:0.00M | Scene, ViewLayer | Synchronizing object | Gauntlet.001
Fra:1 Mem:18.01M (Peak 18.01M) | Time:00:00.00 | Mem:0.00M, Peak:0.00M | Scene, ViewLayer | Synchronizing object | Glove.001
Fra:1 Mem:18.06M (Peak 18.06M) | Time:00:00.00 | Mem:0.00M, Peak:0.00M | Scene, ViewLayer | Synchronizing object | Wrist display.001
Fra:1 Mem:18.07M (Peak 18.07M) | Time:00:00.00 | Mem:0.00M, Peak:0.00M | Scene, ViewLayer | Synchronizing object | Pressure fold.006
Fra:1 Mem:18.12M (Peak 18.12M) | Time:00:00.00 | Mem:0.00M, Peak:0.00M | Scene, ViewLayer | Synchronizing object | Pressure fold.007
Fra:1 Mem:18.07M (Peak 18.12M) | Time:00:00.00 | Mem:0.00M, Peak:0.00M | Scene, ViewLayer | Synchronizing object | Life support pack
Fra:1 Mem:18.08M (Peak 18.12M) | Time:00:00.00 | Mem:0.00M, Peak:0.00M | Scene, ViewLayer | Synchronizing object | Oxygen cylinder
Fra:1 Mem:18.10M (Peak 18.12M) | Time:00:00.00 | Mem:0.00M, Peak:0.00M | Scene, ViewLayer | Synchronizing object | Oxygen cylinder.001
Fra:1 Mem:18.12M (Peak 18.12M) | Time:00:00.00 | Mem:0.00M, Peak:0.00M | Scene, ViewLayer | Synchronizing object | Neck seal
Fra:1 Mem:18.17M (Peak 18.17M) | Time:00:00.00 | Mem:0.00M, Peak:0.00M | Scene, ViewLayer | Synchronizing object | Helmet
Fra:1 Mem:18.19M (Peak 18.19M) | Time:00:00.00 | Mem:0.00M, Peak:0.00M | Scene, ViewLayer | Synchronizing object | Visor seal
Fra:1 Mem:18.21M (Peak 18.21M) | Time:00:00.00 | Mem:0.00M, Peak:0.00M | Scene, ViewLayer | Synchronizing object | Amber visor
Fra:1 Mem:18.25M (Peak 18.25M) | Time:00:00.00 | Mem:0.00M, Peak:0.00M | Scene, ViewLayer | Synchronizing object | Visor warm reflection
Fra:1 Mem:18.24M (Peak 18.25M) | Time:00:00.00 | Mem:0.00M, Peak:0.00M | Scene, ViewLayer | Synchronizing object | Comms housing.001
Fra:1 Mem:18.25M (Peak 18.25M) | Time:00:00.00 | Mem:0.00M, Peak:0.00M | Scene, ViewLayer | Synchronizing object | Telemetry display
Fra:1 Mem:18.26M (Peak 18.26M) | Time:00:00.00 | Mem:0.00M, Peak:0.00M | Scene, ViewLayer | Synchronizing object | Chest control unit
Fra:1 Mem:18.31M (Peak 18.31M) | Time:00:00.00 | Mem:0.00M, Peak:0.00M | Scene, ViewLayer | Initializing
Fra:1 Mem:15.10M (Peak 18.31M) | Time:00:00.00 | Mem:0.00M, Peak:0.00M | Scene, ViewLayer | Waiting for render to start
Fra:1 Mem:15.10M (Peak 18.31M) | Time:00:00.00 | Mem:0.00M, Peak:0.00M | Scene, ViewLayer | Updating Scene
Fra:1 Mem:15.10M (Peak 18.31M) | Time:00:00.00 | Mem:0.00M, Peak:0.00M | Scene, ViewLayer | Updating Shaders
Fra:1 Mem:15.10M (Peak 18.31M) | Time:00:00.00 | Mem:0.00M, Peak:0.00M | Scene, ViewLayer | Loading render kernels (may take a few minutes the first time)
Fra:1 Mem:15.19M (Peak 18.31M) | Time:00:00.00 | Mem:0.01M, Peak:0.01M | Scene, ViewLayer | Updating Procedurals
Fra:1 Mem:15.19M (Peak 18.31M) | Time:00:00.00 | Mem:0.01M, Peak:0.01M | Scene, ViewLayer | Updating Background
Fra:1 Mem:15.19M (Peak 18.31M) | Time:00:00.00 | Mem:0.01M, Peak:0.01M | Scene, ViewLayer | Updating Camera
Fra:1 Mem:15.19M (Peak 18.31M) | Time:00:00.00 | Mem:0.01M, Peak:0.01M | Scene, ViewLayer | Updating Meshes Flags
Fra:1 Mem:15.19M (Peak 18.31M) | Time:00:00.00 | Mem:0.01M, Peak:0.01M | Scene, ViewLayer | Updating Objects
Fra:1 Mem:15.19M (Peak 18.31M) | Time:00:00.00 | Mem:0.01M, Peak:0.01M | Scene, ViewLayer | Updating Objects | Copying Transformations to device
Fra:1 Mem:15.20M (Peak 18.31M) | Time:00:00.00 | Mem:0.02M, Peak:0.02M | Scene, ViewLayer | Updating Particle Systems
Fra:1 Mem:15.20M (Peak 18.31M) | Time:00:00.00 | Mem:0.02M, Peak:0.02M | Scene, ViewLayer | Updating Particle Systems | Copying Particles to device
Fra:1 Mem:15.20M (Peak 18.31M) | Time:00:00.00 | Mem:0.02M, Peak:0.02M | Scene, ViewLayer | Updating Meshes
Fra:1 Mem:15.20M (Peak 18.31M) | Time:00:00.00 | Mem:0.02M, Peak:0.02M | Scene, ViewLayer | Updating Objects | Applying Static Transformations
Fra:1 Mem:15.20M (Peak 18.31M) | Time:00:00.00 | Mem:0.02M, Peak:0.02M | Scene, ViewLayer | Updating Mesh | Computing attributes
Fra:1 Mem:15.32M (Peak 18.31M) | Time:00:00.00 | Mem:0.02M, Peak:0.02M | Scene, ViewLayer | Updating Mesh | Copying Attributes to device
Fra:1 Mem:15.31M (Peak 18.31M) | Time:00:00.00 | Mem:0.13M, Peak:0.13M | Scene, ViewLayer | Updating Scene BVH | Building
Fra:1 Mem:15.31M (Peak 18.31M) | Time:00:00.00 | Mem:0.13M, Peak:0.13M | Scene, ViewLayer | Updating Scene BVH | Building BVH
Fra:1 Mem:15.31M (Peak 18.31M) | Time:00:00.00 | Mem:0.45M, Peak:0.45M | Scene, ViewLayer | Updating Scene BVH | Building BVH 0%
Fra:1 Mem:15.31M (Peak 18.31M) | Time:00:00.00 | Mem:0.83M, Peak:1.15M | Scene, ViewLayer | Updating Scene BVH | Copying BVH to device
Fra:1 Mem:15.31M (Peak 18.31M) | Time:00:00.00 | Mem:0.83M, Peak:1.15M | Scene, ViewLayer | Updating Mesh | Computing normals
Fra:1 Mem:15.69M (Peak 18.31M) | Time:00:00.00 | Mem:0.83M, Peak:1.15M | Scene, ViewLayer | Updating Mesh | Copying Mesh to device
Fra:1 Mem:15.69M (Peak 18.31M) | Time:00:00.00 | Mem:1.21M, Peak:1.21M | Scene, ViewLayer | Updating Objects Flags
Fra:1 Mem:15.69M (Peak 18.31M) | Time:00:00.00 | Mem:1.21M, Peak:1.21M | Scene, ViewLayer | Updating Primitive Offsets
Fra:1 Mem:15.69M (Peak 18.31M) | Time:00:00.00 | Mem:1.21M, Peak:1.21M | Scene, ViewLayer | Updating Images
Fra:1 Mem:15.69M (Peak 18.31M) | Time:00:00.00 | Mem:1.21M, Peak:1.21M | Scene, ViewLayer | Updating Camera Volume
Fra:1 Mem:15.69M (Peak 18.31M) | Time:00:00.00 | Mem:1.21M, Peak:1.21M | Scene, ViewLayer | Updating Lookup Tables
Fra:1 Mem:15.69M (Peak 18.31M) | Time:00:00.00 | Mem:1.29M, Peak:1.29M | Scene, ViewLayer | Updating Lights
Fra:1 Mem:15.69M (Peak 18.31M) | Time:00:00.00 | Mem:1.29M, Peak:1.29M | Scene, ViewLayer | Updating Lights | Computing tree
Fra:1 Mem:15.69M (Peak 18.31M) | Time:00:00.00 | Mem:1.29M, Peak:1.29M | Scene, ViewLayer | Updating Integrator
Fra:1 Mem:15.69M (Peak 18.31M) | Time:00:00.00 | Mem:1.29M, Peak:1.29M | Scene, ViewLayer | Updating Film
Fra:1 Mem:15.70M (Peak 18.31M) | Time:00:00.00 | Mem:1.21M, Peak:1.29M | Scene, ViewLayer | Updating Lookup Tables
Fra:1 Mem:15.70M (Peak 18.31M) | Time:00:00.00 | Mem:1.30M, Peak:1.30M | Scene, ViewLayer | Updating Baking
Fra:1 Mem:15.70M (Peak 18.31M) | Time:00:00.00 | Mem:1.30M, Peak:1.30M | Scene, ViewLayer | Updating Device | Writing constant memory
Fra:1 Mem:15.70M (Peak 18.31M) | Time:00:00.00 | Mem:1.30M, Peak:1.30M | Scene, ViewLayer | Loading denoising kernels (may take a few minutes the first time)
Fra:1 Mem:15.70M (Peak 18.31M) | Time:00:00.00 | Mem:1.30M, Peak:1.30M | Scene, ViewLayer | Sample 0/32
Fra:1 Mem:21.80M (Peak 21.80M) | Time:00:00.01 | Remaining:00:00.13 | Mem:7.23M, Peak:7.23M | Scene, ViewLayer | Sample 1/32
Fra:1 Mem:24.30M (Peak 28.05M) | Time:00:00.26 | Mem:7.23M, Peak:7.23M | Scene, ViewLayer | Sample 32/32
Fra:1 Mem:24.30M (Peak 28.05M) | Time:00:00.26 | Mem:7.23M, Peak:7.23M | Scene, ViewLayer | Finished
Saved: '/Users/al/git/Starbase2/.local/character-frames/eva/front-8.png'
Time: 00:00.26 (Saving: 00:00.00)

Fra:1 Mem:17.48M (Peak 17.48M) | Time:00:00.00 | Mem:0.00M, Peak:0.00M | Scene, ViewLayer | Synchronizing object | Pressure torso
Fra:1 Mem:17.49M (Peak 17.49M) | Time:00:00.00 | Mem:0.00M, Peak:0.00M | Scene, ViewLayer | Synchronizing object | Thigh
Fra:1 Mem:17.50M (Peak 17.50M) | Time:00:00.00 | Mem:0.00M, Peak:0.00M | Scene, ViewLayer | Synchronizing object | Knee plate
Fra:1 Mem:17.52M (Peak 17.52M) | Time:00:00.00 | Mem:0.00M, Peak:0.00M | Scene, ViewLayer | Synchronizing object | Shin
Fra:1 Mem:17.63M (Peak 17.63M) | Time:00:00.00 | Mem:0.00M, Peak:0.00M | Scene, ViewLayer | Synchronizing object | Boot
Fra:1 Mem:17.65M (Peak 17.66M) | Time:00:00.00 | Mem:0.00M, Peak:0.00M | Scene, ViewLayer | Synchronizing object | Toe plate
Fra:1 Mem:17.69M (Peak 17.69M) | Time:00:00.00 | Mem:0.00M, Peak:0.00M | Scene, ViewLayer | Synchronizing object | Boot trim
Fra:1 Mem:17.71M (Peak 17.71M) | Time:00:00.00 | Mem:0.00M, Peak:0.00M | Scene, ViewLayer | Synchronizing object | Shoulder shell
Fra:1 Mem:17.71M (Peak 17.71M) | Time:00:00.00 | Mem:0.00M, Peak:0.00M | Scene, ViewLayer | Synchronizing object | Mission stripe
Fra:1 Mem:17.69M (Peak 17.71M) | Time:00:00.00 | Mem:0.00M, Peak:0.00M | Scene, ViewLayer | Synchronizing object | Gauntlet
Fra:1 Mem:17.73M (Peak 17.73M) | Time:00:00.00 | Mem:0.00M, Peak:0.00M | Scene, ViewLayer | Synchronizing object | Glove
Fra:1 Mem:17.76M (Peak 17.76M) | Time:00:00.00 | Mem:0.00M, Peak:0.00M | Scene, ViewLayer | Synchronizing object | Wrist display
Fra:1 Mem:17.76M (Peak 17.76M) | Time:00:00.00 | Mem:0.00M, Peak:0.00M | Scene, ViewLayer | Synchronizing object | Pressure fold.001
Fra:1 Mem:17.76M (Peak 17.76M) | Time:00:00.00 | Mem:0.00M, Peak:0.00M | Scene, ViewLayer | Synchronizing object | Key
Fra:1 Mem:17.75M (Peak 17.76M) | Time:00:00.00 | Mem:0.00M, Peak:0.00M | Scene, ViewLayer | Synchronizing object | Knee gasket.001
Fra:1 Mem:17.80M (Peak 17.80M) | Time:00:00.00 | Mem:0.00M, Peak:0.00M | Scene, ViewLayer | Synchronizing object | Shin.001
Fra:1 Mem:17.81M (Peak 17.81M) | Time:00:00.00 | Mem:0.00M, Peak:0.00M | Scene, ViewLayer | Synchronizing object | Knee plate.001
Fra:1 Mem:17.82M (Peak 17.82M) | Time:00:00.00 | Mem:0.00M, Peak:0.00M | Scene, ViewLayer | Synchronizing object | Boot trim.001
Fra:1 Mem:17.84M (Peak 17.84M) | Time:00:00.00 | Mem:0.00M, Peak:0.00M | Scene, ViewLayer | Synchronizing object | Upper sleeve.001
Fra:1 Mem:17.86M (Peak 17.86M) | Time:00:00.00 | Mem:0.00M, Peak:0.00M | Scene, ViewLayer | Synchronizing object | Shoulder shell.001
Fra:1 Mem:17.89M (Peak 17.89M) | Time:00:00.00 | Mem:0.00M, Peak:0.00M | Scene, ViewLayer | Synchronizing object | Mission stripe.001
Fra:1 Mem:17.87M (Peak 17.89M) | Time:00:00.00 | Mem:0.00M, Peak:0.00M | Scene, ViewLayer | Synchronizing object | Gauntlet.001
Fra:1 Mem:17.97M (Peak 17.97M) | Time:00:00.00 | Mem:0.00M, Peak:0.00M | Scene, ViewLayer | Synchronizing object | Glove.001
Fra:1 Mem:17.98M (Peak 17.98M) | Time:00:00.00 | Mem:0.00M, Peak:0.00M | Scene, ViewLayer | Synchronizing object | Wrist display.001
Fra:1 Mem:17.96M (Peak 17.98M) | Time:00:00.00 | Mem:0.00M, Peak:0.00M | Scene, ViewLayer | Synchronizing object | Pressure fold.007
Fra:1 Mem:17.97M (Peak 17.98M) | Time:00:00.00 | Mem:0.00M, Peak:0.00M | Scene, ViewLayer | Synchronizing object | Life support pack
Fra:1 Mem:18.01M (Peak 18.01M) | Time:00:00.00 | Mem:0.00M, Peak:0.00M | Scene, ViewLayer | Synchronizing object | Pack inset
Fra:1 Mem:18.06M (Peak 18.06M) | Time:00:00.00 | Mem:0.00M, Peak:0.00M | Scene, ViewLayer | Synchronizing object | Control.001
Fra:1 Mem:18.05M (Peak 18.06M) | Time:00:00.00 | Mem:0.00M, Peak:0.00M | Scene, ViewLayer | Synchronizing object | Oxygen cylinder
Fra:1 Mem:18.07M (Peak 18.07M) | Time:00:00.00 | Mem:0.00M, Peak:0.00M | Scene, ViewLayer | Synchronizing object | Control
Fra:1 Mem:18.11M (Peak 18.11M) | Time:00:00.00 | Mem:0.00M, Peak:0.00M | Scene, ViewLayer | Synchronizing object | Neck seal
Fra:1 Mem:18.12M (Peak 18.12M) | Time:00:00.00 | Mem:0.00M, Peak:0.00M | Scene, ViewLayer | Synchronizing object | Display glass
Fra:1 Mem:18.14M (Peak 18.14M) | Time:00:00.00 | Mem:0.00M, Peak:0.00M | Scene, ViewLayer | Synchronizing object | Visor seal
Fra:1 Mem:18.15M (Peak 18.15M) | Time:00:00.00 | Mem:0.00M, Peak:0.00M | Scene, ViewLayer | Synchronizing object | Visor warm reflection
Fra:1 Mem:18.15M (Peak 18.15M) | Time:00:00.00 | Mem:0.00M, Peak:0.00M | Scene, ViewLayer | Synchronizing object | Visor glint
Fra:1 Mem:18.18M (Peak 18.18M) | Time:00:00.00 | Mem:0.00M, Peak:0.00M | Scene, ViewLayer | Synchronizing object | Comms housing
Fra:1 Mem:18.24M (Peak 18.24M) | Time:00:00.00 | Mem:0.00M, Peak:0.00M | Scene, ViewLayer | Synchronizing object | Chest control unit
Fra:1 Mem:18.28M (Peak 18.28M) | Time:00:00.00 | Mem:0.00M, Peak:0.00M | Scene, ViewLayer | Synchronizing object | Telemetry display
Fra:1 Mem:18.31M (Peak 18.31M) | Time:00:00.00 | Mem:0.00M, Peak:0.00M | Scene, ViewLayer | Initializing
Fra:1 Mem:15.10M (Peak 18.31M) | Time:00:00.00 | Mem:0.00M, Peak:0.00M | Scene, ViewLayer | Waiting for render to start
Fra:1 Mem:15.10M (Peak 18.31M) | Time:00:00.00 | Mem:0.00M, Peak:0.00M | Scene, ViewLayer | Updating Scene
Fra:1 Mem:15.10M (Peak 18.31M) | Time:00:00.00 | Mem:0.00M, Peak:0.00M | Scene, ViewLayer | Updating Shaders
Fra:1 Mem:15.10M (Peak 18.31M) | Time:00:00.00 | Mem:0.00M, Peak:0.00M | Scene, ViewLayer | Loading render kernels (may take a few minutes the first time)
Fra:1 Mem:15.19M (Peak 18.31M) | Time:00:00.00 | Mem:0.01M, Peak:0.01M | Scene, ViewLayer | Updating Procedurals
Fra:1 Mem:15.19M (Peak 18.31M) | Time:00:00.00 | Mem:0.01M, Peak:0.01M | Scene, ViewLayer | Updating Background
Fra:1 Mem:15.19M (Peak 18.31M) | Time:00:00.00 | Mem:0.01M, Peak:0.01M | Scene, ViewLayer | Updating Camera
Fra:1 Mem:15.19M (Peak 18.31M) | Time:00:00.00 | Mem:0.01M, Peak:0.01M | Scene, ViewLayer | Updating Meshes Flags
Fra:1 Mem:15.19M (Peak 18.31M) | Time:00:00.00 | Mem:0.01M, Peak:0.01M | Scene, ViewLayer | Updating Objects
Fra:1 Mem:15.19M (Peak 18.31M) | Time:00:00.00 | Mem:0.01M, Peak:0.01M | Scene, ViewLayer | Updating Objects | Copying Transformations to device
Fra:1 Mem:15.20M (Peak 18.31M) | Time:00:00.00 | Mem:0.02M, Peak:0.02M | Scene, ViewLayer | Updating Particle Systems
Fra:1 Mem:15.20M (Peak 18.31M) | Time:00:00.00 | Mem:0.02M, Peak:0.02M | Scene, ViewLayer | Updating Particle Systems | Copying Particles to device
Fra:1 Mem:15.20M (Peak 18.31M) | Time:00:00.00 | Mem:0.02M, Peak:0.02M | Scene, ViewLayer | Updating Meshes
Fra:1 Mem:15.20M (Peak 18.31M) | Time:00:00.00 | Mem:0.02M, Peak:0.02M | Scene, ViewLayer | Updating Objects | Applying Static Transformations
Fra:1 Mem:15.20M (Peak 18.31M) | Time:00:00.00 | Mem:0.02M, Peak:0.02M | Scene, ViewLayer | Updating Mesh | Computing attributes
Fra:1 Mem:15.32M (Peak 18.31M) | Time:00:00.00 | Mem:0.02M, Peak:0.02M | Scene, ViewLayer | Updating Mesh | Copying Attributes to device
Fra:1 Mem:15.31M (Peak 18.31M) | Time:00:00.00 | Mem:0.13M, Peak:0.13M | Scene, ViewLayer | Updating Scene BVH | Building
Fra:1 Mem:15.31M (Peak 18.31M) | Time:00:00.00 | Mem:0.13M, Peak:0.13M | Scene, ViewLayer | Updating Scene BVH | Building BVH
Fra:1 Mem:15.31M (Peak 18.31M) | Time:00:00.00 | Mem:0.45M, Peak:0.45M | Scene, ViewLayer | Updating Scene BVH | Building BVH 0%
Fra:1 Mem:15.31M (Peak 18.31M) | Time:00:00.00 | Mem:0.83M, Peak:1.15M | Scene, ViewLayer | Updating Scene BVH | Copying BVH to device
Fra:1 Mem:15.31M (Peak 18.31M) | Time:00:00.00 | Mem:0.83M, Peak:1.15M | Scene, ViewLayer | Updating Mesh | Computing normals
Fra:1 Mem:15.69M (Peak 18.31M) | Time:00:00.00 | Mem:0.83M, Peak:1.15M | Scene, ViewLayer | Updating Mesh | Copying Mesh to device
Fra:1 Mem:15.69M (Peak 18.31M) | Time:00:00.00 | Mem:1.21M, Peak:1.21M | Scene, ViewLayer | Updating Objects Flags
Fra:1 Mem:15.69M (Peak 18.31M) | Time:00:00.00 | Mem:1.21M, Peak:1.21M | Scene, ViewLayer | Updating Primitive Offsets
Fra:1 Mem:15.69M (Peak 18.31M) | Time:00:00.00 | Mem:1.21M, Peak:1.21M | Scene, ViewLayer | Updating Images
Fra:1 Mem:15.69M (Peak 18.31M) | Time:00:00.00 | Mem:1.21M, Peak:1.21M | Scene, ViewLayer | Updating Camera Volume
Fra:1 Mem:15.69M (Peak 18.31M) | Time:00:00.00 | Mem:1.21M, Peak:1.21M | Scene, ViewLayer | Updating Lookup Tables
Fra:1 Mem:15.69M (Peak 18.31M) | Time:00:00.00 | Mem:1.29M, Peak:1.29M | Scene, ViewLayer | Updating Lights
Fra:1 Mem:15.69M (Peak 18.31M) | Time:00:00.00 | Mem:1.29M, Peak:1.29M | Scene, ViewLayer | Updating Lights | Computing tree
Fra:1 Mem:15.69M (Peak 18.31M) | Time:00:00.00 | Mem:1.29M, Peak:1.29M | Scene, ViewLayer | Updating Integrator
Fra:1 Mem:15.69M (Peak 18.31M) | Time:00:00.00 | Mem:1.29M, Peak:1.29M | Scene, ViewLayer | Updating Film
Fra:1 Mem:15.70M (Peak 18.31M) | Time:00:00.00 | Mem:1.21M, Peak:1.29M | Scene, ViewLayer | Updating Lookup Tables
Fra:1 Mem:15.70M (Peak 18.31M) | Time:00:00.00 | Mem:1.30M, Peak:1.30M | Scene, ViewLayer | Updating Baking
Fra:1 Mem:15.70M (Peak 18.31M) | Time:00:00.00 | Mem:1.30M, Peak:1.30M | Scene, ViewLayer | Updating Device | Writing constant memory
Fra:1 Mem:15.70M (Peak 18.31M) | Time:00:00.00 | Mem:1.30M, Peak:1.30M | Scene, ViewLayer | Loading denoising kernels (may take a few minutes the first time)
Fra:1 Mem:15.70M (Peak 18.31M) | Time:00:00.00 | Mem:1.30M, Peak:1.30M | Scene, ViewLayer | Sample 0/32
Fra:1 Mem:21.80M (Peak 21.80M) | Time:00:00.00 | Remaining:00:00.13 | Mem:7.23M, Peak:7.23M | Scene, ViewLayer | Sample 1/32
Fra:1 Mem:24.30M (Peak 28.05M) | Time:00:00.25 | Mem:7.23M, Peak:7.23M | Scene, ViewLayer | Sample 32/32
Fra:1 Mem:24.30M (Peak 28.05M) | Time:00:00.25 | Mem:7.23M, Peak:7.23M | Scene, ViewLayer | Finished
Saved: '/Users/al/git/Starbase2/.local/character-frames/eva/back-0.png'
Time: 00:00.25 (Saving: 00:00.00)

Fra:1 Mem:17.48M (Peak 17.48M) | Time:00:00.00 | Mem:0.00M, Peak:0.00M | Scene, ViewLayer | Synchronizing object | Pressure torso
Fra:1 Mem:17.49M (Peak 17.49M) | Time:00:00.00 | Mem:0.00M, Peak:0.00M | Scene, ViewLayer | Synchronizing object | Belt pouch.001
Fra:1 Mem:17.50M (Peak 17.50M) | Time:00:00.00 | Mem:0.00M, Peak:0.00M | Scene, ViewLayer | Synchronizing object | Knee gasket
Fra:1 Mem:17.54M (Peak 17.54M) | Time:00:00.00 | Mem:0.00M, Peak:0.00M | Scene, ViewLayer | Synchronizing object | Knee plate
Fra:1 Mem:17.55M (Peak 17.55M) | Time:00:00.00 | Mem:0.00M, Peak:0.00M | Scene, ViewLayer | Synchronizing object | Shin
Fra:1 Mem:17.61M (Peak 17.61M) | Time:00:00.00 | Mem:0.00M, Peak:0.00M | Scene, ViewLayer | Synchronizing object | Boot
Fra:1 Mem:17.59M (Peak 17.61M) | Time:00:00.00 | Mem:0.00M, Peak:0.00M | Scene, ViewLayer | Synchronizing object | Toe plate
Fra:1 Mem:17.68M (Peak 17.68M) | Time:00:00.00 | Mem:0.00M, Peak:0.00M | Scene, ViewLayer | Synchronizing object | Boot trim
Fra:1 Mem:17.69M (Peak 17.69M) | Time:00:00.00 | Mem:0.00M, Peak:0.00M | Scene, ViewLayer | Synchronizing object | Upper sleeve
Fra:1 Mem:17.73M (Peak 17.73M) | Time:00:00.00 | Mem:0.00M, Peak:0.00M | Scene, ViewLayer | Synchronizing object | Mission stripe
Fra:1 Mem:17.73M (Peak 17.73M) | Time:00:00.00 | Mem:0.00M, Peak:0.00M | Scene, ViewLayer | Synchronizing object | Elbow joint
Fra:1 Mem:17.75M (Peak 17.75M) | Time:00:00.00 | Mem:0.00M, Peak:0.00M | Scene, ViewLayer | Synchronizing object | Key
Fra:1 Mem:17.72M (Peak 17.75M) | Time:00:00.00 | Mem:0.00M, Peak:0.00M | Scene, ViewLayer | Synchronizing object | Gauntlet
Fra:1 Mem:17.72M (Peak 17.75M) | Time:00:00.00 | Mem:0.00M, Peak:0.00M | Scene, ViewLayer | Synchronizing object | Glove
Fra:1 Mem:17.77M (Peak 17.77M) | Time:00:00.00 | Mem:0.00M, Peak:0.00M | Scene, ViewLayer | Synchronizing object | Wrist display
Fra:1 Mem:17.73M (Peak 17.77M) | Time:00:00.00 | Mem:0.00M, Peak:0.00M | Scene, ViewLayer | Synchronizing object | Pressure fold.001
Fra:1 Mem:17.73M (Peak 17.77M) | Time:00:00.00 | Mem:0.00M, Peak:0.00M | Scene, ViewLayer | Synchronizing object | Pressure fold.002
Fra:1 Mem:17.74M (Peak 17.77M) | Time:00:00.00 | Mem:0.00M, Peak:0.00M | Scene, ViewLayer | Synchronizing object | Thigh.001
Fra:1 Mem:17.77M (Peak 17.77M) | Time:00:00.00 | Mem:0.00M, Peak:0.00M | Scene, ViewLayer | Synchronizing object | Knee gasket.001
Fra:1 Mem:17.78M (Peak 17.78M) | Time:00:00.00 | Mem:0.00M, Peak:0.00M | Scene, ViewLayer | Synchronizing object | Knee plate.001
Fra:1 Mem:17.83M (Peak 17.83M) | Time:00:00.00 | Mem:0.00M, Peak:0.00M | Scene, ViewLayer | Synchronizing object | Shin.001
Fra:1 Mem:17.82M (Peak 17.83M) | Time:00:00.00 | Mem:0.00M, Peak:0.00M | Scene, ViewLayer | Synchronizing object | Control.001
Fra:1 Mem:17.83M (Peak 17.83M) | Time:00:00.00 | Mem:0.00M, Peak:0.00M | Scene, ViewLayer | Synchronizing object | Boot.001
Fra:1 Mem:17.84M (Peak 17.84M) | Time:00:00.00 | Mem:0.00M, Peak:0.00M | Scene, ViewLayer | Synchronizing object | Toe plate.001
Fra:1 Mem:17.85M (Peak 17.85M) | Time:00:00.00 | Mem:0.00M, Peak:0.00M | Scene, ViewLayer | Synchronizing object | Upper sleeve.001
Fra:1 Mem:17.87M (Peak 17.87M) | Time:00:00.00 | Mem:0.00M, Peak:0.00M | Scene, ViewLayer | Synchronizing object | Shoulder shell.001
Fra:1 Mem:17.89M (Peak 17.89M) | Time:00:00.00 | Mem:0.00M, Peak:0.00M | Scene, ViewLayer | Synchronizing object | Mission stripe.001
Fra:1 Mem:17.89M (Peak 17.89M) | Time:00:00.00 | Mem:0.00M, Peak:0.00M | Scene, ViewLayer | Synchronizing object | Elbow joint.001
Fra:1 Mem:17.93M (Peak 17.93M) | Time:00:00.00 | Mem:0.00M, Peak:0.00M | Scene, ViewLayer | Synchronizing object | Gauntlet.001
Fra:1 Mem:17.94M (Peak 17.94M) | Time:00:00.00 | Mem:0.00M, Peak:0.00M | Scene, ViewLayer | Synchronizing object | Glove.001
Fra:1 Mem:17.98M (Peak 17.98M) | Time:00:00.00 | Mem:0.00M, Peak:0.00M | Scene, ViewLayer | Synchronizing object | Wrist display.001
Fra:1 Mem:17.97M (Peak 17.98M) | Time:00:00.00 | Mem:0.00M, Peak:0.00M | Scene, ViewLayer | Synchronizing object | Pressure fold.004
Fra:1 Mem:18.01M (Peak 18.01M) | Time:00:00.00 | Mem:0.00M, Peak:0.00M | Scene, ViewLayer | Synchronizing object | Display glass
Fra:1 Mem:18.00M (Peak 18.01M) | Time:00:00.00 | Mem:0.00M, Peak:0.00M | Scene, ViewLayer | Synchronizing object | Pressure fold.006
Fra:1 Mem:18.04M (Peak 18.04M) | Time:00:00.00 | Mem:0.00M, Peak:0.00M | Scene, ViewLayer | Synchronizing object | Pressure fold.007
Fra:1 Mem:18.03M (Peak 18.04M) | Time:00:00.00 | Mem:0.00M, Peak:0.00M | Scene, ViewLayer | Synchronizing object | Life support pack
Fra:1 Mem:18.07M (Peak 18.07M) | Time:00:00.00 | Mem:0.00M, Peak:0.00M | Scene, ViewLayer | Synchronizing object | Pack inset
Fra:1 Mem:18.20M (Peak 18.20M) | Time:00:00.00 | Mem:0.00M, Peak:0.00M | Scene, ViewLayer | Synchronizing object | Oxygen cylinder
Fra:1 Mem:18.22M (Peak 18.22M) | Time:00:00.00 | Mem:0.00M, Peak:0.00M | Scene, ViewLayer | Synchronizing object | Neck seal
Fra:1 Mem:18.19M (Peak 18.22M) | Time:00:00.00 | Mem:0.00M, Peak:0.00M | Scene, ViewLayer | Synchronizing object | Visor glint
Fra:1 Mem:18.24M (Peak 18.24M) | Time:00:00.00 | Mem:0.00M, Peak:0.00M | Scene, ViewLayer | Synchronizing object | Comms housing
Fra:1 Mem:18.25M (Peak 18.25M) | Time:00:00.00 | Mem:0.00M, Peak:0.00M | Scene, ViewLayer | Synchronizing object | Telemetry display
Fra:1 Mem:18.23M (Peak 18.25M) | Time:00:00.00 | Mem:0.00M, Peak:0.00M | Scene, ViewLayer | Synchronizing object | Chest control unit
Fra:1 Mem:18.31M (Peak 18.31M) | Time:00:00.00 | Mem:0.00M, Peak:0.00M | Scene, ViewLayer | Initializing
Fra:1 Mem:15.10M (Peak 18.31M) | Time:00:00.00 | Mem:0.00M, Peak:0.00M | Scene, ViewLayer | Waiting for render to start
Fra:1 Mem:15.10M (Peak 18.31M) | Time:00:00.00 | Mem:0.00M, Peak:0.00M | Scene, ViewLayer | Updating Scene
Fra:1 Mem:15.10M (Peak 18.31M) | Time:00:00.00 | Mem:0.00M, Peak:0.00M | Scene, ViewLayer | Updating Shaders
Fra:1 Mem:15.10M (Peak 18.31M) | Time:00:00.00 | Mem:0.00M, Peak:0.00M | Scene, ViewLayer | Loading render kernels (may take a few minutes the first time)
Fra:1 Mem:15.19M (Peak 18.31M) | Time:00:00.00 | Mem:0.01M, Peak:0.01M | Scene, ViewLayer | Updating Procedurals
Fra:1 Mem:15.19M (Peak 18.31M) | Time:00:00.00 | Mem:0.01M, Peak:0.01M | Scene, ViewLayer | Updating Background
Fra:1 Mem:15.19M (Peak 18.31M) | Time:00:00.00 | Mem:0.01M, Peak:0.01M | Scene, ViewLayer | Updating Camera
Fra:1 Mem:15.19M (Peak 18.31M) | Time:00:00.00 | Mem:0.01M, Peak:0.01M | Scene, ViewLayer | Updating Meshes Flags
Fra:1 Mem:15.19M (Peak 18.31M) | Time:00:00.00 | Mem:0.01M, Peak:0.01M | Scene, ViewLayer | Updating Objects
Fra:1 Mem:15.19M (Peak 18.31M) | Time:00:00.00 | Mem:0.01M, Peak:0.01M | Scene, ViewLayer | Updating Objects | Copying Transformations to device
Fra:1 Mem:15.20M (Peak 18.31M) | Time:00:00.00 | Mem:0.02M, Peak:0.02M | Scene, ViewLayer | Updating Particle Systems
Fra:1 Mem:15.20M (Peak 18.31M) | Time:00:00.00 | Mem:0.02M, Peak:0.02M | Scene, ViewLayer | Updating Particle Systems | Copying Particles to device
Fra:1 Mem:15.20M (Peak 18.31M) | Time:00:00.00 | Mem:0.02M, Peak:0.02M | Scene, ViewLayer | Updating Meshes
Fra:1 Mem:15.20M (Peak 18.31M) | Time:00:00.00 | Mem:0.02M, Peak:0.02M | Scene, ViewLayer | Updating Objects | Applying Static Transformations
Fra:1 Mem:15.20M (Peak 18.31M) | Time:00:00.00 | Mem:0.02M, Peak:0.02M | Scene, ViewLayer | Updating Mesh | Computing attributes
Fra:1 Mem:15.32M (Peak 18.31M) | Time:00:00.00 | Mem:0.02M, Peak:0.02M | Scene, ViewLayer | Updating Mesh | Copying Attributes to device
Fra:1 Mem:15.31M (Peak 18.31M) | Time:00:00.00 | Mem:0.13M, Peak:0.13M | Scene, ViewLayer | Updating Scene BVH | Building
Fra:1 Mem:15.31M (Peak 18.31M) | Time:00:00.00 | Mem:0.13M, Peak:0.13M | Scene, ViewLayer | Updating Scene BVH | Building BVH
Fra:1 Mem:15.31M (Peak 18.31M) | Time:00:00.00 | Mem:0.45M, Peak:0.45M | Scene, ViewLayer | Updating Scene BVH | Building BVH 0%
Fra:1 Mem:15.31M (Peak 18.31M) | Time:00:00.00 | Mem:0.80M, Peak:1.12M | Scene, ViewLayer | Updating Scene BVH | Copying BVH to device
Fra:1 Mem:15.31M (Peak 18.31M) | Time:00:00.00 | Mem:0.80M, Peak:1.12M | Scene, ViewLayer | Updating Mesh | Computing normals
Fra:1 Mem:15.69M (Peak 18.31M) | Time:00:00.00 | Mem:0.80M, Peak:1.12M | Scene, ViewLayer | Updating Mesh | Copying Mesh to device
Fra:1 Mem:15.69M (Peak 18.31M) | Time:00:00.00 | Mem:1.18M, Peak:1.18M | Scene, ViewLayer | Updating Objects Flags
Fra:1 Mem:15.69M (Peak 18.31M) | Time:00:00.00 | Mem:1.18M, Peak:1.18M | Scene, ViewLayer | Updating Primitive Offsets
Fra:1 Mem:15.69M (Peak 18.31M) | Time:00:00.00 | Mem:1.18M, Peak:1.18M | Scene, ViewLayer | Updating Images
Fra:1 Mem:15.69M (Peak 18.31M) | Time:00:00.00 | Mem:1.18M, Peak:1.18M | Scene, ViewLayer | Updating Camera Volume
Fra:1 Mem:15.69M (Peak 18.31M) | Time:00:00.00 | Mem:1.18M, Peak:1.18M | Scene, ViewLayer | Updating Lookup Tables
Fra:1 Mem:15.69M (Peak 18.31M) | Time:00:00.00 | Mem:1.26M, Peak:1.26M | Scene, ViewLayer | Updating Lights
Fra:1 Mem:15.69M (Peak 18.31M) | Time:00:00.00 | Mem:1.26M, Peak:1.26M | Scene, ViewLayer | Updating Lights | Computing tree
Fra:1 Mem:15.69M (Peak 18.31M) | Time:00:00.00 | Mem:1.26M, Peak:1.26M | Scene, ViewLayer | Updating Integrator
Fra:1 Mem:15.69M (Peak 18.31M) | Time:00:00.00 | Mem:1.26M, Peak:1.26M | Scene, ViewLayer | Updating Film
Fra:1 Mem:15.70M (Peak 18.31M) | Time:00:00.00 | Mem:1.18M, Peak:1.26M | Scene, ViewLayer | Updating Lookup Tables
Fra:1 Mem:15.70M (Peak 18.31M) | Time:00:00.00 | Mem:1.26M, Peak:1.26M | Scene, ViewLayer | Updating Baking
Fra:1 Mem:15.70M (Peak 18.31M) | Time:00:00.00 | Mem:1.26M, Peak:1.26M | Scene, ViewLayer | Updating Device | Writing constant memory
Fra:1 Mem:15.70M (Peak 18.31M) | Time:00:00.00 | Mem:1.26M, Peak:1.26M | Scene, ViewLayer | Loading denoising kernels (may take a few minutes the first time)
Fra:1 Mem:15.70M (Peak 18.31M) | Time:00:00.00 | Mem:1.26M, Peak:1.26M | Scene, ViewLayer | Sample 0/32
Fra:1 Mem:21.80M (Peak 21.80M) | Time:00:00.00 | Remaining:00:00.11 | Mem:7.20M, Peak:7.20M | Scene, ViewLayer | Sample 1/32
Fra:1 Mem:24.30M (Peak 28.05M) | Time:00:00.24 | Mem:7.20M, Peak:7.20M | Scene, ViewLayer | Sample 32/32
Fra:1 Mem:24.30M (Peak 28.05M) | Time:00:00.24 | Mem:7.20M, Peak:7.20M | Scene, ViewLayer | Finished
Saved: '/Users/al/git/Starbase2/.local/character-frames/eva/back-1.png'
Time: 00:00.24 (Saving: 00:00.00)

Fra:1 Mem:17.48M (Peak 17.48M) | Time:00:00.00 | Mem:0.00M, Peak:0.00M | Scene, ViewLayer | Synchronizing object | Pressure torso
Fra:1 Mem:17.48M (Peak 17.48M) | Time:00:00.00 | Mem:0.00M, Peak:0.00M | Scene, ViewLayer | Synchronizing object | Thigh
Fra:1 Mem:17.50M (Peak 17.50M) | Time:00:00.00 | Mem:0.00M, Peak:0.00M | Scene, ViewLayer | Synchronizing object | Knee gasket
Fra:1 Mem:17.52M (Peak 17.52M) | Time:00:00.00 | Mem:0.00M, Peak:0.00M | Scene, ViewLayer | Synchronizing object | Knee plate
Fra:1 Mem:17.54M (Peak 17.54M) | Time:00:00.00 | Mem:0.00M, Peak:0.00M | Scene, ViewLayer | Synchronizing object | Shin
Fra:1 Mem:17.60M (Peak 17.60M) | Time:00:00.00 | Mem:0.00M, Peak:0.00M | Scene, ViewLayer | Synchronizing object | Toe plate
Fra:1 Mem:17.65M (Peak 17.65M) | Time:00:00.00 | Mem:0.00M, Peak:0.00M | Scene, ViewLayer | Synchronizing object | Boot trim
Fra:1 Mem:17.69M (Peak 17.69M) | Time:00:00.00 | Mem:0.00M, Peak:0.00M | Scene, ViewLayer | Synchronizing object | Upper sleeve
Fra:1 Mem:17.69M (Peak 17.69M) | Time:00:00.00 | Mem:0.00M, Peak:0.00M | Scene, ViewLayer | Synchronizing object | Shoulder shell
Fra:1 Mem:17.70M (Peak 17.70M) | Time:00:00.00 | Mem:0.00M, Peak:0.00M | Scene, ViewLayer | Synchronizing object | Elbow joint
Fra:1 Mem:17.74M (Peak 17.74M) | Time:00:00.00 | Mem:0.00M, Peak:0.00M | Scene, ViewLayer | Synchronizing object | Gauntlet
Fra:1 Mem:17.70M (Peak 17.74M) | Time:00:00.00 | Mem:0.00M, Peak:0.00M | Scene, ViewLayer | Synchronizing object | Glove
Fra:1 Mem:17.74M (Peak 17.74M) | Time:00:00.00 | Mem:0.00M, Peak:0.00M | Scene, ViewLayer | Synchronizing object | Wrist display
Fra:1 Mem:17.71M (Peak 17.74M) | Time:00:00.00 | Mem:0.00M, Peak:0.00M | Scene, ViewLayer | Synchronizing object | Pressure fold.003
Fra:1 Mem:17.71M (Peak 17.74M) | Time:00:00.00 | Mem:0.00M, Peak:0.00M | Scene, ViewLayer | Synchronizing object | Key
Fra:1 Mem:17.74M (Peak 17.74M) | Time:00:00.00 | Mem:0.00M, Peak:0.00M | Scene, ViewLayer | Synchronizing object | Thigh.001
Fra:1 Mem:17.83M (Peak 17.83M) | Time:00:00.00 | Mem:0.00M, Peak:0.00M | Scene, ViewLayer | Synchronizing object | Knee gasket.001
Fra:1 Mem:17.84M (Peak 17.84M) | Time:00:00.00 | Mem:0.00M, Peak:0.00M | Scene, ViewLayer | Synchronizing object | Knee plate.001
Fra:1 Mem:17.84M (Peak 17.84M) | Time:00:00.00 | Mem:0.00M, Peak:0.00M | Scene, ViewLayer | Synchronizing object | Toe plate.001
Fra:1 Mem:17.87M (Peak 17.87M) | Time:00:00.00 | Mem:0.00M, Peak:0.00M | Scene, ViewLayer | Synchronizing object | Boot trim.001
Fra:1 Mem:17.90M (Peak 17.90M) | Time:00:00.00 | Mem:0.00M, Peak:0.00M | Scene, ViewLayer | Synchronizing object | Upper sleeve.001
Fra:1 Mem:17.90M (Peak 17.90M) | Time:00:00.00 | Mem:0.00M, Peak:0.00M | Scene, ViewLayer | Synchronizing object | Mission stripe.001
Fra:1 Mem:17.91M (Peak 17.91M) | Time:00:00.00 | Mem:0.00M, Peak:0.00M | Scene, ViewLayer | Synchronizing object | Glove.001
Fra:1 Mem:17.92M (Peak 17.92M) | Time:00:00.00 | Mem:0.00M, Peak:0.00M | Scene, ViewLayer | Synchronizing object | Wrist display.001
Fra:1 Mem:17.94M (Peak 17.94M) | Time:00:00.00 | Mem:0.00M, Peak:0.00M | Scene, ViewLayer | Synchronizing object | Pressure fold.004
Fra:1 Mem:18.00M (Peak 18.00M) | Time:00:00.00 | Mem:0.00M, Peak:0.00M | Scene, ViewLayer | Synchronizing object | Pressure fold.006
Fra:1 Mem:18.00M (Peak 18.00M) | Time:00:00.00 | Mem:0.00M, Peak:0.00M | Scene, ViewLayer | Synchronizing object | Pressure fold.007
Fra:1 Mem:18.04M (Peak 18.04M) | Time:00:00.00 | Mem:0.00M, Peak:0.00M | Scene, ViewLayer | Synchronizing object | Life support pack
Fra:1 Mem:18.07M (Peak 18.07M) | Time:00:00.00 | Mem:0.00M, Peak:0.00M | Scene, ViewLayer | Synchronizing object | Pack inset
Fra:1 Mem:18.07M (Peak 18.07M) | Time:00:00.00 | Mem:0.00M, Peak:0.00M | Scene, ViewLayer | Synchronizing object | Oxygen cylinder
Fra:1 Mem:18.06M (Peak 18.07M) | Time:00:00.00 | Mem:0.00M, Peak:0.00M | Scene, ViewLayer | Synchronizing object | Oxygen cylinder.001
Fra:1 Mem:18.09M (Peak 18.09M) | Time:00:00.00 | Mem:0.00M, Peak:0.00M | Scene, ViewLayer | Synchronizing object | Helmet
Fra:1 Mem:18.11M (Peak 18.11M) | Time:00:00.00 | Mem:0.00M, Peak:0.00M | Scene, ViewLayer | Synchronizing object | Visor seal
Fra:1 Mem:18.10M (Peak 18.11M) | Time:00:00.00 | Mem:0.00M, Peak:0.00M | Scene, ViewLayer | Synchronizing object | Amber visor
Fra:1 Mem:18.12M (Peak 18.12M) | Time:00:00.00 | Mem:0.00M, Peak:0.00M | Scene, ViewLayer | Synchronizing object | Control
Fra:1 Mem:18.13M (Peak 18.13M) | Time:00:00.00 | Mem:0.00M, Peak:0.00M | Scene, ViewLayer | Synchronizing object | Visor glint
Fra:1 Mem:18.17M (Peak 18.17M) | Time:00:00.00 | Mem:0.00M, Peak:0.00M | Scene, ViewLayer | Synchronizing object | Display glass
Fra:1 Mem:18.18M (Peak 18.18M) | Time:00:00.00 | Mem:0.00M, Peak:0.00M | Scene, ViewLayer | Synchronizing object | Comms housing
Fra:1 Mem:18.21M (Peak 18.21M) | Time:00:00.00 | Mem:0.00M, Peak:0.00M | Scene, ViewLayer | Synchronizing object | Chest control unit
Fra:1 Mem:18.26M (Peak 18.26M) | Time:00:00.00 | Mem:0.00M, Peak:0.00M | Scene, ViewLayer | Synchronizing object | Telemetry display
Fra:1 Mem:18.31M (Peak 18.31M) | Time:00:00.00 | Mem:0.00M, Peak:0.00M | Scene, ViewLayer | Initializing
Fra:1 Mem:15.10M (Peak 18.31M) | Time:00:00.00 | Mem:0.00M, Peak:0.00M | Scene, ViewLayer | Waiting for render to start
Fra:1 Mem:15.10M (Peak 18.31M) | Time:00:00.00 | Mem:0.00M, Peak:0.00M | Scene, ViewLayer | Updating Scene
Fra:1 Mem:15.10M (Peak 18.31M) | Time:00:00.00 | Mem:0.00M, Peak:0.00M | Scene, ViewLayer | Updating Shaders
Fra:1 Mem:15.10M (Peak 18.31M) | Time:00:00.00 | Mem:0.00M, Peak:0.00M | Scene, ViewLayer | Loading render kernels (may take a few minutes the first time)
Fra:1 Mem:15.19M (Peak 18.31M) | Time:00:00.00 | Mem:0.01M, Peak:0.01M | Scene, ViewLayer | Updating Procedurals
Fra:1 Mem:15.19M (Peak 18.31M) | Time:00:00.00 | Mem:0.01M, Peak:0.01M | Scene, ViewLayer | Updating Background
Fra:1 Mem:15.19M (Peak 18.31M) | Time:00:00.00 | Mem:0.01M, Peak:0.01M | Scene, ViewLayer | Updating Camera
Fra:1 Mem:15.19M (Peak 18.31M) | Time:00:00.00 | Mem:0.01M, Peak:0.01M | Scene, ViewLayer | Updating Meshes Flags
Fra:1 Mem:15.19M (Peak 18.31M) | Time:00:00.00 | Mem:0.01M, Peak:0.01M | Scene, ViewLayer | Updating Objects
Fra:1 Mem:15.19M (Peak 18.31M) | Time:00:00.00 | Mem:0.01M, Peak:0.01M | Scene, ViewLayer | Updating Objects | Copying Transformations to device
Fra:1 Mem:15.20M (Peak 18.31M) | Time:00:00.00 | Mem:0.02M, Peak:0.02M | Scene, ViewLayer | Updating Particle Systems
Fra:1 Mem:15.20M (Peak 18.31M) | Time:00:00.00 | Mem:0.02M, Peak:0.02M | Scene, ViewLayer | Updating Particle Systems | Copying Particles to device
Fra:1 Mem:15.20M (Peak 18.31M) | Time:00:00.00 | Mem:0.02M, Peak:0.02M | Scene, ViewLayer | Updating Meshes
Fra:1 Mem:15.20M (Peak 18.31M) | Time:00:00.00 | Mem:0.02M, Peak:0.02M | Scene, ViewLayer | Updating Objects | Applying Static Transformations
Fra:1 Mem:15.20M (Peak 18.31M) | Time:00:00.00 | Mem:0.02M, Peak:0.02M | Scene, ViewLayer | Updating Mesh | Computing attributes
Fra:1 Mem:15.32M (Peak 18.31M) | Time:00:00.00 | Mem:0.02M, Peak:0.02M | Scene, ViewLayer | Updating Mesh | Copying Attributes to device
Fra:1 Mem:15.31M (Peak 18.31M) | Time:00:00.00 | Mem:0.13M, Peak:0.13M | Scene, ViewLayer | Updating Scene BVH | Building
Fra:1 Mem:15.31M (Peak 18.31M) | Time:00:00.00 | Mem:0.13M, Peak:0.13M | Scene, ViewLayer | Updating Scene BVH | Building BVH
Fra:1 Mem:15.31M (Peak 18.31M) | Time:00:00.00 | Mem:0.45M, Peak:0.45M | Scene, ViewLayer | Updating Scene BVH | Building BVH 0%
Fra:1 Mem:15.31M (Peak 18.31M) | Time:00:00.00 | Mem:0.80M, Peak:1.12M | Scene, ViewLayer | Updating Scene BVH | Copying BVH to device
Fra:1 Mem:15.31M (Peak 18.31M) | Time:00:00.00 | Mem:0.80M, Peak:1.12M | Scene, ViewLayer | Updating Mesh | Computing normals
Fra:1 Mem:15.69M (Peak 18.31M) | Time:00:00.00 | Mem:0.80M, Peak:1.12M | Scene, ViewLayer | Updating Mesh | Copying Mesh to device
Fra:1 Mem:15.69M (Peak 18.31M) | Time:00:00.00 | Mem:1.18M, Peak:1.18M | Scene, ViewLayer | Updating Objects Flags
Fra:1 Mem:15.69M (Peak 18.31M) | Time:00:00.00 | Mem:1.18M, Peak:1.18M | Scene, ViewLayer | Updating Primitive Offsets
Fra:1 Mem:15.69M (Peak 18.31M) | Time:00:00.00 | Mem:1.18M, Peak:1.18M | Scene, ViewLayer | Updating Images
Fra:1 Mem:15.69M (Peak 18.31M) | Time:00:00.00 | Mem:1.18M, Peak:1.18M | Scene, ViewLayer | Updating Camera Volume
Fra:1 Mem:15.69M (Peak 18.31M) | Time:00:00.00 | Mem:1.18M, Peak:1.18M | Scene, ViewLayer | Updating Lookup Tables
Fra:1 Mem:15.69M (Peak 18.31M) | Time:00:00.00 | Mem:1.26M, Peak:1.26M | Scene, ViewLayer | Updating Lights
Fra:1 Mem:15.69M (Peak 18.31M) | Time:00:00.00 | Mem:1.26M, Peak:1.26M | Scene, ViewLayer | Updating Lights | Computing tree
Fra:1 Mem:15.69M (Peak 18.31M) | Time:00:00.00 | Mem:1.26M, Peak:1.26M | Scene, ViewLayer | Updating Integrator
Fra:1 Mem:15.69M (Peak 18.31M) | Time:00:00.00 | Mem:1.26M, Peak:1.26M | Scene, ViewLayer | Updating Film
Fra:1 Mem:15.70M (Peak 18.31M) | Time:00:00.00 | Mem:1.18M, Peak:1.26M | Scene, ViewLayer | Updating Lookup Tables
Fra:1 Mem:15.70M (Peak 18.31M) | Time:00:00.00 | Mem:1.26M, Peak:1.26M | Scene, ViewLayer | Updating Baking
Fra:1 Mem:15.70M (Peak 18.31M) | Time:00:00.00 | Mem:1.26M, Peak:1.26M | Scene, ViewLayer | Updating Device | Writing constant memory
Fra:1 Mem:15.70M (Peak 18.31M) | Time:00:00.00 | Mem:1.26M, Peak:1.26M | Scene, ViewLayer | Loading denoising kernels (may take a few minutes the first time)
Fra:1 Mem:15.70M (Peak 18.31M) | Time:00:00.00 | Mem:1.26M, Peak:1.26M | Scene, ViewLayer | Sample 0/32
Fra:1 Mem:21.80M (Peak 21.80M) | Time:00:00.00 | Remaining:00:00.11 | Mem:7.20M, Peak:7.20M | Scene, ViewLayer | Sample 1/32
Fra:1 Mem:24.30M (Peak 28.05M) | Time:00:00.24 | Mem:7.20M, Peak:7.20M | Scene, ViewLayer | Sample 32/32
Fra:1 Mem:24.30M (Peak 28.05M) | Time:00:00.24 | Mem:7.20M, Peak:7.20M | Scene, ViewLayer | Finished
Saved: '/Users/al/git/Starbase2/.local/character-frames/eva/back-2.png'
Time: 00:00.24 (Saving: 00:00.00)

Fra:1 Mem:17.48M (Peak 17.48M) | Time:00:00.00 | Mem:0.00M, Peak:0.00M | Scene, ViewLayer | Synchronizing object | Pressure torso
Fra:1 Mem:17.48M (Peak 17.48M) | Time:00:00.00 | Mem:0.00M, Peak:0.00M | Scene, ViewLayer | Synchronizing object | Buckle
Fra:1 Mem:17.50M (Peak 17.50M) | Time:00:00.00 | Mem:0.00M, Peak:0.00M | Scene, ViewLayer | Synchronizing object | Thigh
Fra:1 Mem:17.53M (Peak 17.53M) | Time:00:00.00 | Mem:0.00M, Peak:0.00M | Scene, ViewLayer | Synchronizing object | Shin
Fra:1 Mem:17.55M (Peak 17.55M) | Time:00:00.00 | Mem:0.00M, Peak:0.00M | Scene, ViewLayer | Synchronizing object | Boot
Fra:1 Mem:17.58M (Peak 17.58M) | Time:00:00.00 | Mem:0.00M, Peak:0.00M | Scene, ViewLayer | Synchronizing object | Toe plate
Fra:1 Mem:17.63M (Peak 17.63M) | Time:00:00.00 | Mem:0.00M, Peak:0.00M | Scene, ViewLayer | Synchronizing object | Boot trim
Fra:1 Mem:17.68M (Peak 17.68M) | Time:00:00.00 | Mem:0.00M, Peak:0.00M | Scene, ViewLayer | Synchronizing object | Upper sleeve
Fra:1 Mem:17.72M (Peak 17.72M) | Time:00:00.00 | Mem:0.00M, Peak:0.00M | Scene, ViewLayer | Synchronizing object | Shoulder shell
Fra:1 Mem:17.72M (Peak 17.72M) | Time:00:00.00 | Mem:0.00M, Peak:0.00M | Scene, ViewLayer | Synchronizing object | Mission stripe
Fra:1 Mem:17.74M (Peak 17.74M) | Time:00:00.00 | Mem:0.00M, Peak:0.00M | Scene, ViewLayer | Synchronizing object | Gauntlet
Fra:1 Mem:17.73M (Peak 17.74M) | Time:00:00.00 | Mem:0.00M, Peak:0.00M | Scene, ViewLayer | Synchronizing object | Key
Fra:1 Mem:17.75M (Peak 17.75M) | Time:00:00.00 | Mem:0.00M, Peak:0.00M | Scene, ViewLayer | Synchronizing object | Glove
Fra:1 Mem:17.81M (Peak 17.81M) | Time:00:00.00 | Mem:0.00M, Peak:0.00M | Scene, ViewLayer | Synchronizing object | Wrist display
Fra:1 Mem:17.77M (Peak 17.81M) | Time:00:00.00 | Mem:0.00M, Peak:0.00M | Scene, ViewLayer | Synchronizing object | Control.002
Fra:1 Mem:17.77M (Peak 17.81M) | Time:00:00.00 | Mem:0.00M, Peak:0.00M | Scene, ViewLayer | Synchronizing object | Pressure fold.002
Fra:1 Mem:17.77M (Peak 17.81M) | Time:00:00.00 | Mem:0.00M, Peak:0.00M | Scene, ViewLayer | Synchronizing object | Control.001
Fra:1 Mem:17.79M (Peak 17.81M) | Time:00:00.00 | Mem:0.00M, Peak:0.00M | Scene, ViewLayer | Synchronizing object | Thigh.001
Fra:1 Mem:17.80M (Peak 17.81M) | Time:00:00.00 | Mem:0.00M, Peak:0.00M | Scene, ViewLayer | Synchronizing object | Control
Fra:1 Mem:17.78M (Peak 17.81M) | Time:00:00.00 | Mem:0.00M, Peak:0.00M | Scene, ViewLayer | Synchronizing object | Knee gasket.001
Fra:1 Mem:17.80M (Peak 17.81M) | Time:00:00.00 | Mem:0.00M, Peak:0.00M | Scene, ViewLayer | Synchronizing object | Display glass
Fra:1 Mem:17.81M (Peak 17.81M) | Time:00:00.00 | Mem:0.00M, Peak:0.00M | Scene, ViewLayer | Synchronizing object | Boot.001
Fra:1 Mem:17.85M (Peak 17.85M) | Time:00:00.00 | Mem:0.00M, Peak:0.00M | Scene, ViewLayer | Synchronizing object | Toe plate.001
Fra:1 Mem:17.89M (Peak 17.89M) | Time:00:00.00 | Mem:0.00M, Peak:0.00M | Scene, ViewLayer | Synchronizing object | Boot trim.001
Fra:1 Mem:17.94M (Peak 17.94M) | Time:00:00.00 | Mem:0.00M, Peak:0.00M | Scene, ViewLayer | Synchronizing object | Telemetry display
Fra:1 Mem:17.94M (Peak 17.94M) | Time:00:00.00 | Mem:0.00M, Peak:0.00M | Scene, ViewLayer | Synchronizing object | Upper sleeve.001
Fra:1 Mem:17.99M (Peak 17.99M) | Time:00:00.00 | Mem:0.00M, Peak:0.00M | Scene, ViewLayer | Synchronizing object | Shoulder shell.001
Fra:1 Mem:17.99M (Peak 17.99M) | Time:00:00.00 | Mem:0.00M, Peak:0.00M | Scene, ViewLayer | Synchronizing object | Elbow joint.001
Fra:1 Mem:18.00M (Peak 18.00M) | Time:00:00.00 | Mem:0.00M, Peak:0.00M | Scene, ViewLayer | Synchronizing object | Pressure fold.004
Fra:1 Mem:18.02M (Peak 18.02M) | Time:00:00.00 | Mem:0.00M, Peak:0.00M | Scene, ViewLayer | Synchronizing object | Pressure fold.005
Fra:1 Mem:18.03M (Peak 18.03M) | Time:00:00.00 | Mem:0.00M, Peak:0.00M | Scene, ViewLayer | Synchronizing object | Pressure fold.006
Fra:1 Mem:18.05M (Peak 18.05M) | Time:00:00.00 | Mem:0.00M, Peak:0.00M | Scene, ViewLayer | Synchronizing object | Pressure fold.007
Fra:1 Mem:18.07M (Peak 18.07M) | Time:00:00.00 | Mem:0.00M, Peak:0.00M | Scene, ViewLayer | Synchronizing object | Pack inset
Fra:1 Mem:18.09M (Peak 18.09M) | Time:00:00.00 | Mem:0.00M, Peak:0.00M | Scene, ViewLayer | Synchronizing object | Oxygen cylinder
Fra:1 Mem:18.13M (Peak 18.13M) | Time:00:00.00 | Mem:0.00M, Peak:0.00M | Scene, ViewLayer | Synchronizing object | Oxygen cylinder.001
Fra:1 Mem:18.15M (Peak 18.15M) | Time:00:00.00 | Mem:0.00M, Peak:0.00M | Scene, ViewLayer | Synchronizing object | Neck seal
Fra:1 Mem:18.16M (Peak 18.16M) | Time:00:00.00 | Mem:0.00M, Peak:0.00M | Scene, ViewLayer | Synchronizing object | Amber visor
Fra:1 Mem:18.20M (Peak 18.20M) | Time:00:00.00 | Mem:0.00M, Peak:0.00M | Scene, ViewLayer | Synchronizing object | Visor warm reflection
Fra:1 Mem:18.20M (Peak 18.20M) | Time:00:00.00 | Mem:0.00M, Peak:0.00M | Scene, ViewLayer | Synchronizing object | Visor glint
Fra:1 Mem:18.27M (Peak 18.27M) | Time:00:00.00 | Mem:0.00M, Peak:0.00M | Scene, ViewLayer | Synchronizing object | Comms housing
Fra:1 Mem:18.27M (Peak 18.27M) | Time:00:00.00 | Mem:0.00M, Peak:0.00M | Scene, ViewLayer | Synchronizing object | Comms housing.001
Fra:1 Mem:18.31M (Peak 18.31M) | Time:00:00.00 | Mem:0.00M, Peak:0.00M | Scene, ViewLayer | Initializing
Fra:1 Mem:15.10M (Peak 18.31M) | Time:00:00.00 | Mem:0.00M, Peak:0.00M | Scene, ViewLayer | Waiting for render to start
Fra:1 Mem:15.10M (Peak 18.31M) | Time:00:00.00 | Mem:0.00M, Peak:0.00M | Scene, ViewLayer | Updating Scene
Fra:1 Mem:15.10M (Peak 18.31M) | Time:00:00.00 | Mem:0.00M, Peak:0.00M | Scene, ViewLayer | Updating Shaders
Fra:1 Mem:15.10M (Peak 18.31M) | Time:00:00.00 | Mem:0.00M, Peak:0.00M | Scene, ViewLayer | Loading render kernels (may take a few minutes the first time)
Fra:1 Mem:15.19M (Peak 18.31M) | Time:00:00.00 | Mem:0.01M, Peak:0.01M | Scene, ViewLayer | Updating Procedurals
Fra:1 Mem:15.19M (Peak 18.31M) | Time:00:00.00 | Mem:0.01M, Peak:0.01M | Scene, ViewLayer | Updating Background
Fra:1 Mem:15.19M (Peak 18.31M) | Time:00:00.00 | Mem:0.01M, Peak:0.01M | Scene, ViewLayer | Updating Camera
Fra:1 Mem:15.19M (Peak 18.31M) | Time:00:00.00 | Mem:0.01M, Peak:0.01M | Scene, ViewLayer | Updating Meshes Flags
Fra:1 Mem:15.19M (Peak 18.31M) | Time:00:00.00 | Mem:0.01M, Peak:0.01M | Scene, ViewLayer | Updating Objects
Fra:1 Mem:15.19M (Peak 18.31M) | Time:00:00.00 | Mem:0.01M, Peak:0.01M | Scene, ViewLayer | Updating Objects | Copying Transformations to device
Fra:1 Mem:15.20M (Peak 18.31M) | Time:00:00.00 | Mem:0.02M, Peak:0.02M | Scene, ViewLayer | Updating Particle Systems
Fra:1 Mem:15.20M (Peak 18.31M) | Time:00:00.00 | Mem:0.02M, Peak:0.02M | Scene, ViewLayer | Updating Particle Systems | Copying Particles to device
Fra:1 Mem:15.20M (Peak 18.31M) | Time:00:00.00 | Mem:0.02M, Peak:0.02M | Scene, ViewLayer | Updating Meshes
Fra:1 Mem:15.20M (Peak 18.31M) | Time:00:00.00 | Mem:0.02M, Peak:0.02M | Scene, ViewLayer | Updating Objects | Applying Static Transformations
Fra:1 Mem:15.20M (Peak 18.31M) | Time:00:00.00 | Mem:0.02M, Peak:0.02M | Scene, ViewLayer | Updating Mesh | Computing attributes
Fra:1 Mem:15.32M (Peak 18.31M) | Time:00:00.00 | Mem:0.02M, Peak:0.02M | Scene, ViewLayer | Updating Mesh | Copying Attributes to device
Fra:1 Mem:15.31M (Peak 18.31M) | Time:00:00.00 | Mem:0.13M, Peak:0.13M | Scene, ViewLayer | Updating Scene BVH | Building
Fra:1 Mem:15.31M (Peak 18.31M) | Time:00:00.00 | Mem:0.13M, Peak:0.13M | Scene, ViewLayer | Updating Scene BVH | Building BVH
Fra:1 Mem:15.31M (Peak 18.31M) | Time:00:00.00 | Mem:0.45M, Peak:0.45M | Scene, ViewLayer | Updating Scene BVH | Building BVH 0%
Fra:1 Mem:15.31M (Peak 18.31M) | Time:00:00.00 | Mem:0.80M, Peak:1.12M | Scene, ViewLayer | Updating Scene BVH | Copying BVH to device
Fra:1 Mem:15.31M (Peak 18.31M) | Time:00:00.00 | Mem:0.80M, Peak:1.12M | Scene, ViewLayer | Updating Mesh | Computing normals
Fra:1 Mem:15.69M (Peak 18.31M) | Time:00:00.00 | Mem:0.80M, Peak:1.12M | Scene, ViewLayer | Updating Mesh | Copying Mesh to device
Fra:1 Mem:15.69M (Peak 18.31M) | Time:00:00.00 | Mem:1.18M, Peak:1.18M | Scene, ViewLayer | Updating Objects Flags
Fra:1 Mem:15.69M (Peak 18.31M) | Time:00:00.00 | Mem:1.18M, Peak:1.18M | Scene, ViewLayer | Updating Primitive Offsets
Fra:1 Mem:15.69M (Peak 18.31M) | Time:00:00.00 | Mem:1.18M, Peak:1.18M | Scene, ViewLayer | Updating Images
Fra:1 Mem:15.69M (Peak 18.31M) | Time:00:00.00 | Mem:1.18M, Peak:1.18M | Scene, ViewLayer | Updating Camera Volume
Fra:1 Mem:15.69M (Peak 18.31M) | Time:00:00.00 | Mem:1.18M, Peak:1.18M | Scene, ViewLayer | Updating Lookup Tables
Fra:1 Mem:15.69M (Peak 18.31M) | Time:00:00.00 | Mem:1.26M, Peak:1.26M | Scene, ViewLayer | Updating Lights
Fra:1 Mem:15.69M (Peak 18.31M) | Time:00:00.00 | Mem:1.26M, Peak:1.26M | Scene, ViewLayer | Updating Lights | Computing tree
Fra:1 Mem:15.69M (Peak 18.31M) | Time:00:00.00 | Mem:1.26M, Peak:1.26M | Scene, ViewLayer | Updating Integrator
Fra:1 Mem:15.69M (Peak 18.31M) | Time:00:00.00 | Mem:1.26M, Peak:1.26M | Scene, ViewLayer | Updating Film
Fra:1 Mem:15.70M (Peak 18.31M) | Time:00:00.00 | Mem:1.18M, Peak:1.26M | Scene, ViewLayer | Updating Lookup Tables
Fra:1 Mem:15.70M (Peak 18.31M) | Time:00:00.00 | Mem:1.26M, Peak:1.26M | Scene, ViewLayer | Updating Baking
Fra:1 Mem:15.70M (Peak 18.31M) | Time:00:00.00 | Mem:1.26M, Peak:1.26M | Scene, ViewLayer | Updating Device | Writing constant memory
Fra:1 Mem:15.70M (Peak 18.31M) | Time:00:00.00 | Mem:1.26M, Peak:1.26M | Scene, ViewLayer | Loading denoising kernels (may take a few minutes the first time)
Fra:1 Mem:15.70M (Peak 18.31M) | Time:00:00.00 | Mem:1.26M, Peak:1.26M | Scene, ViewLayer | Sample 0/32
Fra:1 Mem:21.80M (Peak 21.80M) | Time:00:00.00 | Remaining:00:00.12 | Mem:7.20M, Peak:7.20M | Scene, ViewLayer | Sample 1/32
Fra:1 Mem:24.30M (Peak 28.05M) | Time:00:00.24 | Mem:7.20M, Peak:7.20M | Scene, ViewLayer | Sample 32/32
Fra:1 Mem:24.30M (Peak 28.05M) | Time:00:00.24 | Mem:7.20M, Peak:7.20M | Scene, ViewLayer | Finished
Saved: '/Users/al/git/Starbase2/.local/character-frames/eva/back-3.png'
Time: 00:00.25 (Saving: 00:00.00)

Fra:1 Mem:17.48M (Peak 17.48M) | Time:00:00.00 | Mem:0.00M, Peak:0.00M | Scene, ViewLayer | Synchronizing object | Pressure torso
Fra:1 Mem:17.49M (Peak 17.49M) | Time:00:00.00 | Mem:0.00M, Peak:0.00M | Scene, ViewLayer | Synchronizing object | Utility belt
Fra:1 Mem:17.50M (Peak 17.50M) | Time:00:00.00 | Mem:0.00M, Peak:0.00M | Scene, ViewLayer | Synchronizing object | Buckle
Fra:1 Mem:17.52M (Peak 17.52M) | Time:00:00.00 | Mem:0.00M, Peak:0.00M | Scene, ViewLayer | Synchronizing object | Belt pouch.001
Fra:1 Mem:17.56M (Peak 17.56M) | Time:00:00.00 | Mem:0.00M, Peak:0.00M | Scene, ViewLayer | Synchronizing object | Knee plate
Fra:1 Mem:17.60M (Peak 17.60M) | Time:00:00.00 | Mem:0.00M, Peak:0.00M | Scene, ViewLayer | Synchronizing object | Shin
Fra:1 Mem:17.61M (Peak 17.61M) | Time:00:00.00 | Mem:0.00M, Peak:0.00M | Scene, ViewLayer | Synchronizing object | Boot
Fra:1 Mem:17.64M (Peak 17.64M) | Time:00:00.00 | Mem:0.00M, Peak:0.00M | Scene, ViewLayer | Synchronizing object | Upper sleeve
Fra:1 Mem:17.66M (Peak 17.66M) | Time:00:00.00 | Mem:0.00M, Peak:0.00M | Scene, ViewLayer | Synchronizing object | Mission stripe
Fra:1 Mem:17.66M (Peak 17.66M) | Time:00:00.00 | Mem:0.00M, Peak:0.00M | Scene, ViewLayer | Synchronizing object | Elbow joint
Fra:1 Mem:17.68M (Peak 17.69M) | Time:00:00.00 | Mem:0.00M, Peak:0.00M | Scene, ViewLayer | Synchronizing object | Gauntlet
Fra:1 Mem:17.69M (Peak 17.69M) | Time:00:00.00 | Mem:0.00M, Peak:0.00M | Scene, ViewLayer | Synchronizing object | Glove
Fra:1 Mem:17.72M (Peak 17.72M) | Time:00:00.00 | Mem:0.00M, Peak:0.00M | Scene, ViewLayer | Synchronizing object | Wrist display
Fra:1 Mem:17.79M (Peak 17.79M) | Time:00:00.00 | Mem:0.00M, Peak:0.00M | Scene, ViewLayer | Synchronizing object | Pressure fold
Fra:1 Mem:17.75M (Peak 17.79M) | Time:00:00.00 | Mem:0.00M, Peak:0.00M | Scene, ViewLayer | Synchronizing object | Pressure fold.002
Fra:1 Mem:17.74M (Peak 17.79M) | Time:00:00.00 | Mem:0.00M, Peak:0.00M | Scene, ViewLayer | Synchronizing object | Knee gasket.001
Fra:1 Mem:17.77M (Peak 17.79M) | Time:00:00.00 | Mem:0.00M, Peak:0.00M | Scene, ViewLayer | Synchronizing object | Knee plate.001
Fra:1 Mem:17.78M (Peak 17.79M) | Time:00:00.00 | Mem:0.00M, Peak:0.00M | Scene, ViewLayer | Synchronizing object | Boot.001
Fra:1 Mem:17.78M (Peak 17.79M) | Time:00:00.00 | Mem:0.00M, Peak:0.00M | Scene, ViewLayer | Synchronizing object | Toe plate.001
Fra:1 Mem:17.85M (Peak 17.85M) | Time:00:00.00 | Mem:0.00M, Peak:0.00M | Scene, ViewLayer | Synchronizing object | Boot trim.001
Fra:1 Mem:17.86M (Peak 17.86M) | Time:00:00.00 | Mem:0.00M, Peak:0.00M | Scene, ViewLayer | Synchronizing object | Upper sleeve.001
Fra:1 Mem:17.88M (Peak 17.88M) | Time:00:00.00 | Mem:0.00M, Peak:0.00M | Scene, ViewLayer | Synchronizing object | Shoulder shell.001
Fra:1 Mem:17.90M (Peak 17.90M) | Time:00:00.00 | Mem:0.00M, Peak:0.00M | Scene, ViewLayer | Synchronizing object | Mission stripe.001
Fra:1 Mem:17.90M (Peak 17.90M) | Time:00:00.00 | Mem:0.00M, Peak:0.00M | Scene, ViewLayer | Synchronizing object | Glove.001
Fra:1 Mem:17.91M (Peak 17.91M) | Time:00:00.00 | Mem:0.00M, Peak:0.00M | Scene, ViewLayer | Synchronizing object | Wrist display.001
Fra:1 Mem:17.95M (Peak 17.95M) | Time:00:00.00 | Mem:0.00M, Peak:0.00M | Scene, ViewLayer | Synchronizing object | Pressure fold.004
Fra:1 Mem:17.96M (Peak 17.96M) | Time:00:00.00 | Mem:0.00M, Peak:0.00M | Scene, ViewLayer | Synchronizing object | Pressure fold.005
Fra:1 Mem:17.97M (Peak 17.97M) | Time:00:00.00 | Mem:0.00M, Peak:0.00M | Scene, ViewLayer | Synchronizing object | Pressure fold.006
Fra:1 Mem:17.97M (Peak 17.97M) | Time:00:00.00 | Mem:0.00M, Peak:0.00M | Scene, ViewLayer | Synchronizing object | Pressure fold.007
Fra:1 Mem:17.99M (Peak 17.99M) | Time:00:00.00 | Mem:0.00M, Peak:0.00M | Scene, ViewLayer | Synchronizing object | Control.001
Fra:1 Mem:17.99M (Peak 17.99M) | Time:00:00.00 | Mem:0.00M, Peak:0.00M | Scene, ViewLayer | Synchronizing object | Pack inset
Fra:1 Mem:18.06M (Peak 18.06M) | Time:00:00.00 | Mem:0.00M, Peak:0.00M | Scene, ViewLayer | Synchronizing object | Oxygen cylinder
Fra:1 Mem:18.07M (Peak 18.07M) | Time:00:00.00 | Mem:0.00M, Peak:0.00M | Scene, ViewLayer | Synchronizing object | Oxygen cylinder.001
Fra:1 Mem:18.09M (Peak 18.09M) | Time:00:00.00 | Mem:0.00M, Peak:0.00M | Scene, ViewLayer | Synchronizing object | Visor seal
Fra:1 Mem:18.12M (Peak 18.12M) | Time:00:00.00 | Mem:0.00M, Peak:0.00M | Scene, ViewLayer | Synchronizing object | Amber visor
Fra:1 Mem:18.14M (Peak 18.14M) | Time:00:00.00 | Mem:0.00M, Peak:0.00M | Scene, ViewLayer | Synchronizing object | Visor warm reflection
Fra:1 Mem:18.15M (Peak 18.15M) | Time:00:00.00 | Mem:0.00M, Peak:0.00M | Scene, ViewLayer | Synchronizing object | Visor glint
Fra:1 Mem:18.16M (Peak 18.16M) | Time:00:00.00 | Mem:0.00M, Peak:0.00M | Scene, ViewLayer | Synchronizing object | Comms housing
Fra:1 Mem:18.16M (Peak 18.16M) | Time:00:00.00 | Mem:0.00M, Peak:0.00M | Scene, ViewLayer | Synchronizing object | Comms housing.001
Fra:1 Mem:18.22M (Peak 18.22M) | Time:00:00.00 | Mem:0.00M, Peak:0.00M | Scene, ViewLayer | Synchronizing object | Control
Fra:1 Mem:18.25M (Peak 18.25M) | Time:00:00.00 | Mem:0.00M, Peak:0.00M | Scene, ViewLayer | Synchronizing object | Telemetry display
Fra:1 Mem:18.27M (Peak 18.27M) | Time:00:00.00 | Mem:0.00M, Peak:0.00M | Scene, ViewLayer | Synchronizing object | Display glass
Fra:1 Mem:18.31M (Peak 18.31M) | Time:00:00.00 | Mem:0.00M, Peak:0.00M | Scene, ViewLayer | Initializing
Fra:1 Mem:15.10M (Peak 18.31M) | Time:00:00.00 | Mem:0.00M, Peak:0.00M | Scene, ViewLayer | Waiting for render to start
Fra:1 Mem:15.10M (Peak 18.31M) | Time:00:00.00 | Mem:0.00M, Peak:0.00M | Scene, ViewLayer | Updating Scene
Fra:1 Mem:15.10M (Peak 18.31M) | Time:00:00.00 | Mem:0.00M, Peak:0.00M | Scene, ViewLayer | Updating Shaders
Fra:1 Mem:15.10M (Peak 18.31M) | Time:00:00.00 | Mem:0.00M, Peak:0.00M | Scene, ViewLayer | Loading render kernels (may take a few minutes the first time)
Fra:1 Mem:15.19M (Peak 18.31M) | Time:00:00.00 | Mem:0.01M, Peak:0.01M | Scene, ViewLayer | Updating Procedurals
Fra:1 Mem:15.19M (Peak 18.31M) | Time:00:00.00 | Mem:0.01M, Peak:0.01M | Scene, ViewLayer | Updating Background
Fra:1 Mem:15.19M (Peak 18.31M) | Time:00:00.00 | Mem:0.01M, Peak:0.01M | Scene, ViewLayer | Updating Camera
Fra:1 Mem:15.19M (Peak 18.31M) | Time:00:00.00 | Mem:0.01M, Peak:0.01M | Scene, ViewLayer | Updating Meshes Flags
Fra:1 Mem:15.19M (Peak 18.31M) | Time:00:00.00 | Mem:0.01M, Peak:0.01M | Scene, ViewLayer | Updating Objects
Fra:1 Mem:15.19M (Peak 18.31M) | Time:00:00.00 | Mem:0.01M, Peak:0.01M | Scene, ViewLayer | Updating Objects | Copying Transformations to device
Fra:1 Mem:15.20M (Peak 18.31M) | Time:00:00.00 | Mem:0.02M, Peak:0.02M | Scene, ViewLayer | Updating Particle Systems
Fra:1 Mem:15.20M (Peak 18.31M) | Time:00:00.00 | Mem:0.02M, Peak:0.02M | Scene, ViewLayer | Updating Particle Systems | Copying Particles to device
Fra:1 Mem:15.20M (Peak 18.31M) | Time:00:00.00 | Mem:0.02M, Peak:0.02M | Scene, ViewLayer | Updating Meshes
Fra:1 Mem:15.20M (Peak 18.31M) | Time:00:00.00 | Mem:0.02M, Peak:0.02M | Scene, ViewLayer | Updating Objects | Applying Static Transformations
Fra:1 Mem:15.20M (Peak 18.31M) | Time:00:00.00 | Mem:0.02M, Peak:0.02M | Scene, ViewLayer | Updating Mesh | Computing attributes
Fra:1 Mem:15.32M (Peak 18.31M) | Time:00:00.00 | Mem:0.02M, Peak:0.02M | Scene, ViewLayer | Updating Mesh | Copying Attributes to device
Fra:1 Mem:15.31M (Peak 18.31M) | Time:00:00.00 | Mem:0.13M, Peak:0.13M | Scene, ViewLayer | Updating Scene BVH | Building
Fra:1 Mem:15.31M (Peak 18.31M) | Time:00:00.00 | Mem:0.13M, Peak:0.13M | Scene, ViewLayer | Updating Scene BVH | Building BVH
Fra:1 Mem:15.31M (Peak 18.31M) | Time:00:00.00 | Mem:0.45M, Peak:0.45M | Scene, ViewLayer | Updating Scene BVH | Building BVH 0%
Fra:1 Mem:15.31M (Peak 18.31M) | Time:00:00.00 | Mem:0.80M, Peak:1.12M | Scene, ViewLayer | Updating Scene BVH | Copying BVH to device
Fra:1 Mem:15.31M (Peak 18.31M) | Time:00:00.00 | Mem:0.80M, Peak:1.12M | Scene, ViewLayer | Updating Mesh | Computing normals
Fra:1 Mem:15.69M (Peak 18.31M) | Time:00:00.00 | Mem:0.80M, Peak:1.12M | Scene, ViewLayer | Updating Mesh | Copying Mesh to device
Fra:1 Mem:15.69M (Peak 18.31M) | Time:00:00.00 | Mem:1.18M, Peak:1.18M | Scene, ViewLayer | Updating Objects Flags
Fra:1 Mem:15.69M (Peak 18.31M) | Time:00:00.00 | Mem:1.18M, Peak:1.18M | Scene, ViewLayer | Updating Primitive Offsets
Fra:1 Mem:15.69M (Peak 18.31M) | Time:00:00.00 | Mem:1.18M, Peak:1.18M | Scene, ViewLayer | Updating Images
Fra:1 Mem:15.69M (Peak 18.31M) | Time:00:00.00 | Mem:1.18M, Peak:1.18M | Scene, ViewLayer | Updating Camera Volume
Fra:1 Mem:15.69M (Peak 18.31M) | Time:00:00.00 | Mem:1.18M, Peak:1.18M | Scene, ViewLayer | Updating Lookup Tables
Fra:1 Mem:15.69M (Peak 18.31M) | Time:00:00.00 | Mem:1.26M, Peak:1.26M | Scene, ViewLayer | Updating Lights
Fra:1 Mem:15.69M (Peak 18.31M) | Time:00:00.00 | Mem:1.26M, Peak:1.26M | Scene, ViewLayer | Updating Lights | Computing tree
Fra:1 Mem:15.69M (Peak 18.31M) | Time:00:00.00 | Mem:1.26M, Peak:1.26M | Scene, ViewLayer | Updating Integrator
Fra:1 Mem:15.69M (Peak 18.31M) | Time:00:00.00 | Mem:1.26M, Peak:1.26M | Scene, ViewLayer | Updating Film
Fra:1 Mem:15.70M (Peak 18.31M) | Time:00:00.00 | Mem:1.18M, Peak:1.26M | Scene, ViewLayer | Updating Lookup Tables
Fra:1 Mem:15.70M (Peak 18.31M) | Time:00:00.00 | Mem:1.26M, Peak:1.26M | Scene, ViewLayer | Updating Baking
Fra:1 Mem:15.70M (Peak 18.31M) | Time:00:00.00 | Mem:1.26M, Peak:1.26M | Scene, ViewLayer | Updating Device | Writing constant memory
Fra:1 Mem:15.70M (Peak 18.31M) | Time:00:00.00 | Mem:1.26M, Peak:1.26M | Scene, ViewLayer | Loading denoising kernels (may take a few minutes the first time)
Fra:1 Mem:15.70M (Peak 18.31M) | Time:00:00.00 | Mem:1.26M, Peak:1.26M | Scene, ViewLayer | Sample 0/32
Fra:1 Mem:21.80M (Peak 21.80M) | Time:00:00.01 | Remaining:00:00.13 | Mem:7.20M, Peak:7.20M | Scene, ViewLayer | Sample 1/32
Fra:1 Mem:24.30M (Peak 28.05M) | Time:00:00.25 | Mem:7.20M, Peak:7.20M | Scene, ViewLayer | Sample 32/32
Fra:1 Mem:24.30M (Peak 28.05M) | Time:00:00.25 | Mem:7.20M, Peak:7.20M | Scene, ViewLayer | Finished
Saved: '/Users/al/git/Starbase2/.local/character-frames/eva/back-4.png'
Time: 00:00.25 (Saving: 00:00.00)

Fra:1 Mem:17.48M (Peak 17.48M) | Time:00:00.00 | Mem:0.00M, Peak:0.00M | Scene, ViewLayer | Synchronizing object | Pressure torso
Fra:1 Mem:17.49M (Peak 17.49M) | Time:00:00.00 | Mem:0.00M, Peak:0.00M | Scene, ViewLayer | Synchronizing object | Knee plate
Fra:1 Mem:17.51M (Peak 17.51M) | Time:00:00.00 | Mem:0.00M, Peak:0.00M | Scene, ViewLayer | Synchronizing object | Shin
Fra:1 Mem:17.61M (Peak 17.61M) | Time:00:00.00 | Mem:0.00M, Peak:0.00M | Scene, ViewLayer | Synchronizing object | Boot
Fra:1 Mem:17.67M (Peak 17.67M) | Time:00:00.00 | Mem:0.00M, Peak:0.00M | Scene, ViewLayer | Synchronizing object | Toe plate
Fra:1 Mem:17.68M (Peak 17.68M) | Time:00:00.00 | Mem:0.00M, Peak:0.00M | Scene, ViewLayer | Synchronizing object | Upper sleeve
Fra:1 Mem:17.68M (Peak 17.68M) | Time:00:00.00 | Mem:0.00M, Peak:0.00M | Scene, ViewLayer | Synchronizing object | Shoulder shell
Fra:1 Mem:17.73M (Peak 17.73M) | Time:00:00.00 | Mem:0.00M, Peak:0.00M | Scene, ViewLayer | Synchronizing object | Elbow joint
Fra:1 Mem:17.70M (Peak 17.73M) | Time:00:00.00 | Mem:0.00M, Peak:0.00M | Scene, ViewLayer | Synchronizing object | Gauntlet
Fra:1 Mem:17.69M (Peak 17.73M) | Time:00:00.00 | Mem:0.00M, Peak:0.00M | Scene, ViewLayer | Synchronizing object | Pressure fold.002
Fra:1 Mem:17.79M (Peak 17.79M) | Time:00:00.00 | Mem:0.00M, Peak:0.00M | Scene, ViewLayer | Synchronizing object | Control.002
Fra:1 Mem:17.75M (Peak 17.79M) | Time:00:00.00 | Mem:0.00M, Peak:0.00M | Scene, ViewLayer | Synchronizing object | Thigh.001
Fra:1 Mem:17.75M (Peak 17.79M) | Time:00:00.00 | Mem:0.00M, Peak:0.00M | Scene, ViewLayer | Synchronizing object | Knee gasket.001
Fra:1 Mem:17.78M (Peak 17.79M) | Time:00:00.00 | Mem:0.00M, Peak:0.00M | Scene, ViewLayer | Synchronizing object | Control.001
Fra:1 Mem:17.78M (Peak 17.79M) | Time:00:00.00 | Mem:0.00M, Peak:0.00M | Scene, ViewLayer | Synchronizing object | Boot.001
Fra:1 Mem:17.85M (Peak 17.85M) | Time:00:00.00 | Mem:0.00M, Peak:0.00M | Scene, ViewLayer | Synchronizing object | Boot trim.001
Fra:1 Mem:17.87M (Peak 17.87M) | Time:00:00.00 | Mem:0.00M, Peak:0.00M | Scene, ViewLayer | Synchronizing object | Shoulder shell.001
Fra:1 Mem:17.89M (Peak 17.89M) | Time:00:00.00 | Mem:0.00M, Peak:0.00M | Scene, ViewLayer | Synchronizing object | Control
Fra:1 Mem:17.90M (Peak 17.90M) | Time:00:00.00 | Mem:0.00M, Peak:0.00M | Scene, ViewLayer | Synchronizing object | Elbow joint.001
Fra:1 Mem:17.95M (Peak 17.95M) | Time:00:00.00 | Mem:0.00M, Peak:0.00M | Scene, ViewLayer | Synchronizing object | Display glass
Fra:1 Mem:17.95M (Peak 17.95M) | Time:00:00.00 | Mem:0.00M, Peak:0.00M | Scene, ViewLayer | Synchronizing object | Gauntlet.001
Fra:1 Mem:17.97M (Peak 17.97M) | Time:00:00.00 | Mem:0.00M, Peak:0.00M | Scene, ViewLayer | Synchronizing object | Glove.001
Fra:1 Mem:18.04M (Peak 18.04M) | Time:00:00.00 | Mem:0.00M, Peak:0.00M | Scene, ViewLayer | Synchronizing object | Wrist display.001
Fra:1 Mem:18.03M (Peak 18.04M) | Time:00:00.00 | Mem:0.00M, Peak:0.00M | Scene, ViewLayer | Synchronizing object | Telemetry display
Fra:1 Mem:18.03M (Peak 18.04M) | Time:00:00.00 | Mem:0.00M, Peak:0.00M | Scene, ViewLayer | Synchronizing object | Pressure fold.004
Fra:1 Mem:18.08M (Peak 18.08M) | Time:00:00.00 | Mem:0.00M, Peak:0.00M | Scene, ViewLayer | Synchronizing object | Pressure fold.005
Fra:1 Mem:18.09M (Peak 18.09M) | Time:00:00.00 | Mem:0.00M, Peak:0.00M | Scene, ViewLayer | Synchronizing object | Pressure fold.007
Fra:1 Mem:18.10M (Peak 18.10M) | Time:00:00.00 | Mem:0.00M, Peak:0.00M | Scene, ViewLayer | Synchronizing object | Life support pack
Fra:1 Mem:18.09M (Peak 18.10M) | Time:00:00.00 | Mem:0.00M, Peak:0.00M | Scene, ViewLayer | Synchronizing object | Chest control unit
Fra:1 Mem:18.11M (Peak 18.11M) | Time:00:00.00 | Mem:0.00M, Peak:0.00M | Scene, ViewLayer | Synchronizing object | Oxygen cylinder
Fra:1 Mem:18.16M (Peak 18.16M) | Time:00:00.00 | Mem:0.00M, Peak:0.00M | Scene, ViewLayer | Synchronizing object | Oxygen cylinder.001
Fra:1 Mem:18.20M (Peak 18.20M) | Time:00:00.00 | Mem:0.00M, Peak:0.00M | Scene, ViewLayer | Synchronizing object | Neck seal
Fra:1 Mem:18.16M (Peak 18.20M) | Time:00:00.00 | Mem:0.00M, Peak:0.00M | Scene, ViewLayer | Synchronizing object | Helmet
Fra:1 Mem:18.18M (Peak 18.20M) | Time:00:00.00 | Mem:0.00M, Peak:0.00M | Scene, ViewLayer | Synchronizing object | Amber visor
Fra:1 Mem:18.16M (Peak 18.20M) | Time:00:00.00 | Mem:0.00M, Peak:0.00M | Scene, ViewLayer | Synchronizing object | Visor warm reflection
Fra:1 Mem:18.20M (Peak 18.20M) | Time:00:00.00 | Mem:0.00M, Peak:0.00M | Scene, ViewLayer | Synchronizing object | Visor glint
Fra:1 Mem:18.24M (Peak 18.24M) | Time:00:00.00 | Mem:0.00M, Peak:0.00M | Scene, ViewLayer | Synchronizing object | Comms housing
Fra:1 Mem:18.31M (Peak 18.31M) | Time:00:00.00 | Mem:0.00M, Peak:0.00M | Scene, ViewLayer | Initializing
Fra:1 Mem:15.10M (Peak 18.31M) | Time:00:00.00 | Mem:0.00M, Peak:0.00M | Scene, ViewLayer | Waiting for render to start
Fra:1 Mem:15.10M (Peak 18.31M) | Time:00:00.00 | Mem:0.00M, Peak:0.00M | Scene, ViewLayer | Updating Scene
Fra:1 Mem:15.10M (Peak 18.31M) | Time:00:00.00 | Mem:0.00M, Peak:0.00M | Scene, ViewLayer | Updating Shaders
Fra:1 Mem:15.10M (Peak 18.31M) | Time:00:00.00 | Mem:0.00M, Peak:0.00M | Scene, ViewLayer | Loading render kernels (may take a few minutes the first time)
Fra:1 Mem:15.19M (Peak 18.31M) | Time:00:00.00 | Mem:0.01M, Peak:0.01M | Scene, ViewLayer | Updating Procedurals
Fra:1 Mem:15.19M (Peak 18.31M) | Time:00:00.00 | Mem:0.01M, Peak:0.01M | Scene, ViewLayer | Updating Background
Fra:1 Mem:15.19M (Peak 18.31M) | Time:00:00.00 | Mem:0.01M, Peak:0.01M | Scene, ViewLayer | Updating Camera
Fra:1 Mem:15.19M (Peak 18.31M) | Time:00:00.00 | Mem:0.01M, Peak:0.01M | Scene, ViewLayer | Updating Meshes Flags
Fra:1 Mem:15.19M (Peak 18.31M) | Time:00:00.00 | Mem:0.01M, Peak:0.01M | Scene, ViewLayer | Updating Objects
Fra:1 Mem:15.19M (Peak 18.31M) | Time:00:00.00 | Mem:0.01M, Peak:0.01M | Scene, ViewLayer | Updating Objects | Copying Transformations to device
Fra:1 Mem:15.20M (Peak 18.31M) | Time:00:00.00 | Mem:0.02M, Peak:0.02M | Scene, ViewLayer | Updating Particle Systems
Fra:1 Mem:15.20M (Peak 18.31M) | Time:00:00.00 | Mem:0.02M, Peak:0.02M | Scene, ViewLayer | Updating Particle Systems | Copying Particles to device
Fra:1 Mem:15.20M (Peak 18.31M) | Time:00:00.00 | Mem:0.02M, Peak:0.02M | Scene, ViewLayer | Updating Meshes
Fra:1 Mem:15.20M (Peak 18.31M) | Time:00:00.00 | Mem:0.02M, Peak:0.02M | Scene, ViewLayer | Updating Objects | Applying Static Transformations
Fra:1 Mem:15.20M (Peak 18.31M) | Time:00:00.00 | Mem:0.02M, Peak:0.02M | Scene, ViewLayer | Updating Mesh | Computing attributes
Fra:1 Mem:15.32M (Peak 18.31M) | Time:00:00.00 | Mem:0.02M, Peak:0.02M | Scene, ViewLayer | Updating Mesh | Copying Attributes to device
Fra:1 Mem:15.31M (Peak 18.31M) | Time:00:00.00 | Mem:0.13M, Peak:0.13M | Scene, ViewLayer | Updating Scene BVH | Building
Fra:1 Mem:15.31M (Peak 18.31M) | Time:00:00.00 | Mem:0.13M, Peak:0.13M | Scene, ViewLayer | Updating Scene BVH | Building BVH
Fra:1 Mem:15.31M (Peak 18.31M) | Time:00:00.00 | Mem:0.45M, Peak:0.45M | Scene, ViewLayer | Updating Scene BVH | Building BVH 0%
Fra:1 Mem:15.31M (Peak 18.31M) | Time:00:00.00 | Mem:0.80M, Peak:1.12M | Scene, ViewLayer | Updating Scene BVH | Copying BVH to device
Fra:1 Mem:15.31M (Peak 18.31M) | Time:00:00.00 | Mem:0.80M, Peak:1.12M | Scene, ViewLayer | Updating Mesh | Computing normals
Fra:1 Mem:15.69M (Peak 18.31M) | Time:00:00.00 | Mem:0.80M, Peak:1.12M | Scene, ViewLayer | Updating Mesh | Copying Mesh to device
Fra:1 Mem:15.69M (Peak 18.31M) | Time:00:00.00 | Mem:1.18M, Peak:1.18M | Scene, ViewLayer | Updating Objects Flags
Fra:1 Mem:15.69M (Peak 18.31M) | Time:00:00.00 | Mem:1.18M, Peak:1.18M | Scene, ViewLayer | Updating Primitive Offsets
Fra:1 Mem:15.69M (Peak 18.31M) | Time:00:00.00 | Mem:1.18M, Peak:1.18M | Scene, ViewLayer | Updating Images
Fra:1 Mem:15.69M (Peak 18.31M) | Time:00:00.00 | Mem:1.18M, Peak:1.18M | Scene, ViewLayer | Updating Camera Volume
Fra:1 Mem:15.69M (Peak 18.31M) | Time:00:00.00 | Mem:1.18M, Peak:1.18M | Scene, ViewLayer | Updating Lookup Tables
Fra:1 Mem:15.69M (Peak 18.31M) | Time:00:00.00 | Mem:1.26M, Peak:1.26M | Scene, ViewLayer | Updating Lights
Fra:1 Mem:15.69M (Peak 18.31M) | Time:00:00.00 | Mem:1.26M, Peak:1.26M | Scene, ViewLayer | Updating Lights | Computing tree
Fra:1 Mem:15.69M (Peak 18.31M) | Time:00:00.00 | Mem:1.26M, Peak:1.26M | Scene, ViewLayer | Updating Integrator
Fra:1 Mem:15.69M (Peak 18.31M) | Time:00:00.00 | Mem:1.26M, Peak:1.26M | Scene, ViewLayer | Updating Film
Fra:1 Mem:15.70M (Peak 18.31M) | Time:00:00.00 | Mem:1.18M, Peak:1.26M | Scene, ViewLayer | Updating Lookup Tables
Fra:1 Mem:15.70M (Peak 18.31M) | Time:00:00.00 | Mem:1.26M, Peak:1.26M | Scene, ViewLayer | Updating Baking
Fra:1 Mem:15.70M (Peak 18.31M) | Time:00:00.00 | Mem:1.26M, Peak:1.26M | Scene, ViewLayer | Updating Device | Writing constant memory
Fra:1 Mem:15.70M (Peak 18.31M) | Time:00:00.00 | Mem:1.26M, Peak:1.26M | Scene, ViewLayer | Loading denoising kernels (may take a few minutes the first time)
Fra:1 Mem:15.70M (Peak 18.31M) | Time:00:00.00 | Mem:1.26M, Peak:1.26M | Scene, ViewLayer | Sample 0/32
Fra:1 Mem:21.80M (Peak 21.80M) | Time:00:00.00 | Remaining:00:00.11 | Mem:7.20M, Peak:7.20M | Scene, ViewLayer | Sample 1/32
Fra:1 Mem:24.30M (Peak 28.05M) | Time:00:00.24 | Mem:7.20M, Peak:7.20M | Scene, ViewLayer | Sample 32/32
Fra:1 Mem:24.30M (Peak 28.05M) | Time:00:00.24 | Mem:7.20M, Peak:7.20M | Scene, ViewLayer | Finished
Saved: '/Users/al/git/Starbase2/.local/character-frames/eva/back-5.png'
Time: 00:00.24 (Saving: 00:00.00)

Fra:1 Mem:17.48M (Peak 17.48M) | Time:00:00.00 | Mem:0.00M, Peak:0.00M | Scene, ViewLayer | Synchronizing object | Pressure torso
Fra:1 Mem:17.48M (Peak 17.48M) | Time:00:00.00 | Mem:0.00M, Peak:0.00M | Scene, ViewLayer | Synchronizing object | Belt pouch
Fra:1 Mem:17.50M (Peak 17.50M) | Time:00:00.00 | Mem:0.00M, Peak:0.00M | Scene, ViewLayer | Synchronizing object | Belt pouch.001
Fra:1 Mem:17.53M (Peak 17.53M) | Time:00:00.00 | Mem:0.00M, Peak:0.00M | Scene, ViewLayer | Synchronizing object | Shin
Fra:1 Mem:17.57M (Peak 17.57M) | Time:00:00.00 | Mem:0.00M, Peak:0.00M | Scene, ViewLayer | Synchronizing object | Boot
Fra:1 Mem:17.59M (Peak 17.59M) | Time:00:00.00 | Mem:0.00M, Peak:0.00M | Scene, ViewLayer | Synchronizing object | Toe plate
Fra:1 Mem:17.67M (Peak 17.67M) | Time:00:00.00 | Mem:0.00M, Peak:0.00M | Scene, ViewLayer | Synchronizing object | Boot trim
Fra:1 Mem:17.70M (Peak 17.70M) | Time:00:00.00 | Mem:0.00M, Peak:0.00M | Scene, ViewLayer | Synchronizing object | Shoulder shell
Fra:1 Mem:17.72M (Peak 17.72M) | Time:00:00.00 | Mem:0.00M, Peak:0.00M | Scene, ViewLayer | Synchronizing object | Key
Fra:1 Mem:17.70M (Peak 17.72M) | Time:00:00.00 | Mem:0.00M, Peak:0.00M | Scene, ViewLayer | Synchronizing object | Control.002
Fra:1 Mem:17.73M (Peak 17.73M) | Time:00:00.00 | Mem:0.00M, Peak:0.00M | Scene, ViewLayer | Synchronizing object | Wrist display
Fra:1 Mem:17.72M (Peak 17.73M) | Time:00:00.00 | Mem:0.00M, Peak:0.00M | Scene, ViewLayer | Synchronizing object | Pressure fold
Fra:1 Mem:17.76M (Peak 17.76M) | Time:00:00.00 | Mem:0.00M, Peak:0.00M | Scene, ViewLayer | Synchronizing object | Pressure fold.002
Fra:1 Mem:17.81M (Peak 17.81M) | Time:00:00.00 | Mem:0.00M, Peak:0.00M | Scene, ViewLayer | Synchronizing object | Pressure fold.003
Fra:1 Mem:17.83M (Peak 17.83M) | Time:00:00.00 | Mem:0.00M, Peak:0.00M | Scene, ViewLayer | Synchronizing object | Knee gasket.001
Fra:1 Mem:17.81M (Peak 17.83M) | Time:00:00.00 | Mem:0.00M, Peak:0.00M | Scene, ViewLayer | Synchronizing object | Boot.001
Fra:1 Mem:17.82M (Peak 17.83M) | Time:00:00.00 | Mem:0.00M, Peak:0.00M | Scene, ViewLayer | Synchronizing object | Toe plate.001
Fra:1 Mem:17.82M (Peak 17.83M) | Time:00:00.00 | Mem:0.00M, Peak:0.00M | Scene, ViewLayer | Synchronizing object | Control
Fra:1 Mem:17.86M (Peak 17.86M) | Time:00:00.00 | Mem:0.00M, Peak:0.00M | Scene, ViewLayer | Synchronizing object | Display glass
Fra:1 Mem:17.95M (Peak 17.95M) | Time:00:00.00 | Mem:0.00M, Peak:0.00M | Scene, ViewLayer | Synchronizing object | Upper sleeve.001
Fra:1 Mem:17.94M (Peak 17.95M) | Time:00:00.00 | Mem:0.00M, Peak:0.00M | Scene, ViewLayer | Synchronizing object | Shoulder shell.001
Fra:1 Mem:17.99M (Peak 17.99M) | Time:00:00.00 | Mem:0.00M, Peak:0.00M | Scene, ViewLayer | Synchronizing object | Mission stripe.001
Fra:1 Mem:17.96M (Peak 17.99M) | Time:00:00.00 | Mem:0.00M, Peak:0.00M | Scene, ViewLayer | Synchronizing object | Gauntlet.001
Fra:1 Mem:18.01M (Peak 18.01M) | Time:00:00.00 | Mem:0.00M, Peak:0.00M | Scene, ViewLayer | Synchronizing object | Glove.001
Fra:1 Mem:18.02M (Peak 18.02M) | Time:00:00.00 | Mem:0.00M, Peak:0.00M | Scene, ViewLayer | Synchronizing object | Wrist display.001
Fra:1 Mem:17.99M (Peak 18.02M) | Time:00:00.00 | Mem:0.00M, Peak:0.00M | Scene, ViewLayer | Synchronizing object | Pressure fold.004
Fra:1 Mem:18.03M (Peak 18.03M) | Time:00:00.00 | Mem:0.00M, Peak:0.00M | Scene, ViewLayer | Synchronizing object | Pressure fold.005
Fra:1 Mem:18.06M (Peak 18.06M) | Time:00:00.00 | Mem:0.00M, Peak:0.00M | Scene, ViewLayer | Synchronizing object | Pressure fold.006
Fra:1 Mem:18.06M (Peak 18.06M) | Time:00:00.00 | Mem:0.00M, Peak:0.00M | Scene, ViewLayer | Synchronizing object | Life support pack
Fra:1 Mem:18.12M (Peak 18.12M) | Time:00:00.00 | Mem:0.00M, Peak:0.00M | Scene, ViewLayer | Synchronizing object | Pack inset
Fra:1 Mem:18.15M (Peak 18.15M) | Time:00:00.00 | Mem:0.00M, Peak:0.00M | Scene, ViewLayer | Synchronizing object | Oxygen cylinder
Fra:1 Mem:18.16M (Peak 18.16M) | Time:00:00.00 | Mem:0.00M, Peak:0.00M | Scene, ViewLayer | Synchronizing object | Neck seal
Fra:1 Mem:18.18M (Peak 18.18M) | Time:00:00.00 | Mem:0.00M, Peak:0.00M | Scene, ViewLayer | Synchronizing object | Helmet
Fra:1 Mem:18.20M (Peak 18.20M) | Time:00:00.00 | Mem:0.00M, Peak:0.00M | Scene, ViewLayer | Synchronizing object | Amber visor
Fra:1 Mem:18.22M (Peak 18.22M) | Time:00:00.00 | Mem:0.00M, Peak:0.00M | Scene, ViewLayer | Synchronizing object | Chest control unit
Fra:1 Mem:18.31M (Peak 18.31M) | Time:00:00.00 | Mem:0.00M, Peak:0.00M | Scene, ViewLayer | Initializing
Fra:1 Mem:15.10M (Peak 18.31M) | Time:00:00.00 | Mem:0.00M, Peak:0.00M | Scene, ViewLayer | Waiting for render to start
Fra:1 Mem:15.10M (Peak 18.31M) | Time:00:00.00 | Mem:0.00M, Peak:0.00M | Scene, ViewLayer | Updating Scene
Fra:1 Mem:15.10M (Peak 18.31M) | Time:00:00.00 | Mem:0.00M, Peak:0.00M | Scene, ViewLayer | Updating Shaders
Fra:1 Mem:15.10M (Peak 18.31M) | Time:00:00.00 | Mem:0.00M, Peak:0.00M | Scene, ViewLayer | Loading render kernels (may take a few minutes the first time)
Fra:1 Mem:15.19M (Peak 18.31M) | Time:00:00.00 | Mem:0.01M, Peak:0.01M | Scene, ViewLayer | Updating Procedurals
Fra:1 Mem:15.19M (Peak 18.31M) | Time:00:00.00 | Mem:0.01M, Peak:0.01M | Scene, ViewLayer | Updating Background
Fra:1 Mem:15.19M (Peak 18.31M) | Time:00:00.00 | Mem:0.01M, Peak:0.01M | Scene, ViewLayer | Updating Camera
Fra:1 Mem:15.19M (Peak 18.31M) | Time:00:00.00 | Mem:0.01M, Peak:0.01M | Scene, ViewLayer | Updating Meshes Flags
Fra:1 Mem:15.19M (Peak 18.31M) | Time:00:00.00 | Mem:0.01M, Peak:0.01M | Scene, ViewLayer | Updating Objects
Fra:1 Mem:15.19M (Peak 18.31M) | Time:00:00.00 | Mem:0.01M, Peak:0.01M | Scene, ViewLayer | Updating Objects | Copying Transformations to device
Fra:1 Mem:15.20M (Peak 18.31M) | Time:00:00.00 | Mem:0.02M, Peak:0.02M | Scene, ViewLayer | Updating Particle Systems
Fra:1 Mem:15.20M (Peak 18.31M) | Time:00:00.00 | Mem:0.02M, Peak:0.02M | Scene, ViewLayer | Updating Particle Systems | Copying Particles to device
Fra:1 Mem:15.20M (Peak 18.31M) | Time:00:00.00 | Mem:0.02M, Peak:0.02M | Scene, ViewLayer | Updating Meshes
Fra:1 Mem:15.20M (Peak 18.31M) | Time:00:00.00 | Mem:0.02M, Peak:0.02M | Scene, ViewLayer | Updating Objects | Applying Static Transformations
Fra:1 Mem:15.20M (Peak 18.31M) | Time:00:00.00 | Mem:0.02M, Peak:0.02M | Scene, ViewLayer | Updating Mesh | Computing attributes
Fra:1 Mem:15.32M (Peak 18.31M) | Time:00:00.00 | Mem:0.02M, Peak:0.02M | Scene, ViewLayer | Updating Mesh | Copying Attributes to device
Fra:1 Mem:15.31M (Peak 18.31M) | Time:00:00.00 | Mem:0.13M, Peak:0.13M | Scene, ViewLayer | Updating Scene BVH | Building
Fra:1 Mem:15.31M (Peak 18.31M) | Time:00:00.00 | Mem:0.13M, Peak:0.13M | Scene, ViewLayer | Updating Scene BVH | Building BVH
Fra:1 Mem:15.31M (Peak 18.31M) | Time:00:00.00 | Mem:0.45M, Peak:0.45M | Scene, ViewLayer | Updating Scene BVH | Building BVH 0%
Fra:1 Mem:15.31M (Peak 18.31M) | Time:00:00.00 | Mem:0.83M, Peak:1.15M | Scene, ViewLayer | Updating Scene BVH | Copying BVH to device
Fra:1 Mem:15.31M (Peak 18.31M) | Time:00:00.00 | Mem:0.83M, Peak:1.15M | Scene, ViewLayer | Updating Mesh | Computing normals
Fra:1 Mem:15.69M (Peak 18.31M) | Time:00:00.00 | Mem:0.83M, Peak:1.15M | Scene, ViewLayer | Updating Mesh | Copying Mesh to device
Fra:1 Mem:15.69M (Peak 18.31M) | Time:00:00.00 | Mem:1.21M, Peak:1.21M | Scene, ViewLayer | Updating Objects Flags
Fra:1 Mem:15.69M (Peak 18.31M) | Time:00:00.00 | Mem:1.21M, Peak:1.21M | Scene, ViewLayer | Updating Primitive Offsets
Fra:1 Mem:15.69M (Peak 18.31M) | Time:00:00.00 | Mem:1.21M, Peak:1.21M | Scene, ViewLayer | Updating Images
Fra:1 Mem:15.69M (Peak 18.31M) | Time:00:00.00 | Mem:1.21M, Peak:1.21M | Scene, ViewLayer | Updating Camera Volume
Fra:1 Mem:15.69M (Peak 18.31M) | Time:00:00.00 | Mem:1.21M, Peak:1.21M | Scene, ViewLayer | Updating Lookup Tables
Fra:1 Mem:15.69M (Peak 18.31M) | Time:00:00.00 | Mem:1.29M, Peak:1.29M | Scene, ViewLayer | Updating Lights
Fra:1 Mem:15.69M (Peak 18.31M) | Time:00:00.00 | Mem:1.29M, Peak:1.29M | Scene, ViewLayer | Updating Lights | Computing tree
Fra:1 Mem:15.69M (Peak 18.31M) | Time:00:00.00 | Mem:1.29M, Peak:1.29M | Scene, ViewLayer | Updating Integrator
Fra:1 Mem:15.69M (Peak 18.31M) | Time:00:00.00 | Mem:1.29M, Peak:1.29M | Scene, ViewLayer | Updating Film
Fra:1 Mem:15.70M (Peak 18.31M) | Time:00:00.00 | Mem:1.21M, Peak:1.29M | Scene, ViewLayer | Updating Lookup Tables
Fra:1 Mem:15.70M (Peak 18.31M) | Time:00:00.00 | Mem:1.30M, Peak:1.30M | Scene, ViewLayer | Updating Baking
Fra:1 Mem:15.70M (Peak 18.31M) | Time:00:00.00 | Mem:1.30M, Peak:1.30M | Scene, ViewLayer | Updating Device | Writing constant memory
Fra:1 Mem:15.70M (Peak 18.31M) | Time:00:00.00 | Mem:1.30M, Peak:1.30M | Scene, ViewLayer | Loading denoising kernels (may take a few minutes the first time)
Fra:1 Mem:15.70M (Peak 18.31M) | Time:00:00.00 | Mem:1.30M, Peak:1.30M | Scene, ViewLayer | Sample 0/32
Fra:1 Mem:21.80M (Peak 21.80M) | Time:00:00.00 | Remaining:00:00.10 | Mem:7.23M, Peak:7.23M | Scene, ViewLayer | Sample 1/32
Fra:1 Mem:24.30M (Peak 28.05M) | Time:00:00.24 | Mem:7.23M, Peak:7.23M | Scene, ViewLayer | Sample 32/32
Fra:1 Mem:24.30M (Peak 28.05M) | Time:00:00.24 | Mem:7.23M, Peak:7.23M | Scene, ViewLayer | Finished
Saved: '/Users/al/git/Starbase2/.local/character-frames/eva/back-6.png'
Time: 00:00.24 (Saving: 00:00.00)

Fra:1 Mem:17.48M (Peak 17.48M) | Time:00:00.00 | Mem:0.00M, Peak:0.00M | Scene, ViewLayer | Synchronizing object | Pressure torso
Fra:1 Mem:17.49M (Peak 17.49M) | Time:00:00.00 | Mem:0.00M, Peak:0.00M | Scene, ViewLayer | Synchronizing object | Buckle
Fra:1 Mem:17.50M (Peak 17.50M) | Time:00:00.00 | Mem:0.00M, Peak:0.00M | Scene, ViewLayer | Synchronizing object | Knee plate
Fra:1 Mem:17.53M (Peak 17.53M) | Time:00:00.00 | Mem:0.00M, Peak:0.00M | Scene, ViewLayer | Synchronizing object | Shin
Fra:1 Mem:17.60M (Peak 17.60M) | Time:00:00.00 | Mem:0.00M, Peak:0.00M | Scene, ViewLayer | Synchronizing object | Boot
Fra:1 Mem:17.64M (Peak 17.64M) | Time:00:00.00 | Mem:0.00M, Peak:0.00M | Scene, ViewLayer | Synchronizing object | Toe plate
Fra:1 Mem:17.66M (Peak 17.66M) | Time:00:00.00 | Mem:0.00M, Peak:0.00M | Scene, ViewLayer | Synchronizing object | Boot trim
Fra:1 Mem:17.70M (Peak 17.70M) | Time:00:00.00 | Mem:0.00M, Peak:0.00M | Scene, ViewLayer | Synchronizing object | Rim
Fra:1 Mem:17.72M (Peak 17.72M) | Time:00:00.00 | Mem:0.00M, Peak:0.00M | Scene, ViewLayer | Synchronizing object | Upper sleeve
Fra:1 Mem:17.74M (Peak 17.74M) | Time:00:00.00 | Mem:0.00M, Peak:0.00M | Scene, ViewLayer | Synchronizing object | Mission stripe
Fra:1 Mem:17.72M (Peak 17.74M) | Time:00:00.00 | Mem:0.00M, Peak:0.00M | Scene, ViewLayer | Synchronizing object | Elbow joint
Fra:1 Mem:17.74M (Peak 17.74M) | Time:00:00.00 | Mem:0.00M, Peak:0.00M | Scene, ViewLayer | Synchronizing object | Wrist display
Fra:1 Mem:17.73M (Peak 17.74M) | Time:00:00.00 | Mem:0.00M, Peak:0.00M | Scene, ViewLayer | Synchronizing object | Pressure fold.001
Fra:1 Mem:17.77M (Peak 17.77M) | Time:00:00.00 | Mem:0.00M, Peak:0.00M | Scene, ViewLayer | Synchronizing object | Pressure fold.002
Fra:1 Mem:17.75M (Peak 17.77M) | Time:00:00.00 | Mem:0.00M, Peak:0.00M | Scene, ViewLayer | Synchronizing object | Pressure fold.003
Fra:1 Mem:17.77M (Peak 17.77M) | Time:00:00.00 | Mem:0.00M, Peak:0.00M | Scene, ViewLayer | Synchronizing object | Knee plate.001
Fra:1 Mem:17.77M (Peak 17.77M) | Time:00:00.00 | Mem:0.00M, Peak:0.00M | Scene, ViewLayer | Synchronizing object | Shin.001
Fra:1 Mem:17.78M (Peak 17.78M) | Time:00:00.00 | Mem:0.00M, Peak:0.00M | Scene, ViewLayer | Synchronizing object | Boot.001
Fra:1 Mem:17.78M (Peak 17.78M) | Time:00:00.00 | Mem:0.00M, Peak:0.00M | Scene, ViewLayer | Synchronizing object | Toe plate.001
Fra:1 Mem:17.81M (Peak 17.81M) | Time:00:00.00 | Mem:0.00M, Peak:0.00M | Scene, ViewLayer | Synchronizing object | Boot trim.001
Fra:1 Mem:17.83M (Peak 17.83M) | Time:00:00.00 | Mem:0.00M, Peak:0.00M | Scene, ViewLayer | Synchronizing object | Upper sleeve.001
Fra:1 Mem:17.87M (Peak 17.87M) | Time:00:00.00 | Mem:0.00M, Peak:0.00M | Scene, ViewLayer | Synchronizing object | Shoulder shell.001
Fra:1 Mem:17.89M (Peak 17.89M) | Time:00:00.00 | Mem:0.00M, Peak:0.00M | Scene, ViewLayer | Synchronizing object | Mission stripe.001
Fra:1 Mem:17.88M (Peak 17.89M) | Time:00:00.00 | Mem:0.00M, Peak:0.00M | Scene, ViewLayer | Synchronizing object | Elbow joint.001
Fra:1 Mem:17.91M (Peak 17.91M) | Time:00:00.00 | Mem:0.00M, Peak:0.00M | Scene, ViewLayer | Synchronizing object | Gauntlet.001
Fra:1 Mem:17.93M (Peak 17.93M) | Time:00:00.00 | Mem:0.00M, Peak:0.00M | Scene, ViewLayer | Synchronizing object | Glove.001
Fra:1 Mem:17.97M (Peak 17.97M) | Time:00:00.00 | Mem:0.00M, Peak:0.00M | Scene, ViewLayer | Synchronizing object | Wrist display.001
Fra:1 Mem:17.97M (Peak 17.97M) | Time:00:00.00 | Mem:0.00M, Peak:0.00M | Scene, ViewLayer | Synchronizing object | Pressure fold.004
Fra:1 Mem:17.97M (Peak 17.97M) | Time:00:00.00 | Mem:0.00M, Peak:0.00M | Scene, ViewLayer | Synchronizing object | Pressure fold.005
Fra:1 Mem:18.01M (Peak 18.01M) | Time:00:00.00 | Mem:0.00M, Peak:0.00M | Scene, ViewLayer | Synchronizing object | Pressure fold.007
Fra:1 Mem:18.01M (Peak 18.01M) | Time:00:00.00 | Mem:0.00M, Peak:0.00M | Scene, ViewLayer | Synchronizing object | Life support pack
Fra:1 Mem:18.03M (Peak 18.03M) | Time:00:00.00 | Mem:0.00M, Peak:0.00M | Scene, ViewLayer | Synchronizing object | Pack inset
Fra:1 Mem:18.06M (Peak 18.06M) | Time:00:00.00 | Mem:0.00M, Peak:0.00M | Scene, ViewLayer | Synchronizing object | Oxygen cylinder
Fra:1 Mem:18.08M (Peak 18.08M) | Time:00:00.00 | Mem:0.00M, Peak:0.00M | Scene, ViewLayer | Synchronizing object | Oxygen cylinder.001
Fra:1 Mem:18.08M (Peak 18.08M) | Time:00:00.00 | Mem:0.00M, Peak:0.00M | Scene, ViewLayer | Synchronizing object | Visor seal
Fra:1 Mem:18.10M (Peak 18.10M) | Time:00:00.00 | Mem:0.00M, Peak:0.00M | Scene, ViewLayer | Synchronizing object | Control
Fra:1 Mem:18.12M (Peak 18.12M) | Time:00:00.00 | Mem:0.00M, Peak:0.00M | Scene, ViewLayer | Synchronizing object | Visor warm reflection
Fra:1 Mem:18.18M (Peak 18.18M) | Time:00:00.00 | Mem:0.00M, Peak:0.00M | Scene, ViewLayer | Synchronizing object | Visor glint
Fra:1 Mem:18.18M (Peak 18.18M) | Time:00:00.00 | Mem:0.00M, Peak:0.00M | Scene, ViewLayer | Synchronizing object | Comms housing
Fra:1 Mem:18.18M (Peak 18.18M) | Time:00:00.00 | Mem:0.00M, Peak:0.00M | Scene, ViewLayer | Synchronizing object | Comms housing.001
Fra:1 Mem:18.24M (Peak 18.24M) | Time:00:00.00 | Mem:0.00M, Peak:0.00M | Scene, ViewLayer | Synchronizing object | Chest control unit
Fra:1 Mem:18.25M (Peak 18.25M) | Time:00:00.00 | Mem:0.00M, Peak:0.00M | Scene, ViewLayer | Synchronizing object | Telemetry display
Fra:1 Mem:18.31M (Peak 18.31M) | Time:00:00.00 | Mem:0.00M, Peak:0.00M | Scene, ViewLayer | Initializing
Fra:1 Mem:15.10M (Peak 18.31M) | Time:00:00.00 | Mem:0.00M, Peak:0.00M | Scene, ViewLayer | Waiting for render to start
Fra:1 Mem:15.10M (Peak 18.31M) | Time:00:00.00 | Mem:0.00M, Peak:0.00M | Scene, ViewLayer | Updating Scene
Fra:1 Mem:15.10M (Peak 18.31M) | Time:00:00.00 | Mem:0.00M, Peak:0.00M | Scene, ViewLayer | Updating Shaders
Fra:1 Mem:15.10M (Peak 18.31M) | Time:00:00.00 | Mem:0.00M, Peak:0.00M | Scene, ViewLayer | Loading render kernels (may take a few minutes the first time)
Fra:1 Mem:15.19M (Peak 18.31M) | Time:00:00.00 | Mem:0.01M, Peak:0.01M | Scene, ViewLayer | Updating Procedurals
Fra:1 Mem:15.19M (Peak 18.31M) | Time:00:00.00 | Mem:0.01M, Peak:0.01M | Scene, ViewLayer | Updating Background
Fra:1 Mem:15.19M (Peak 18.31M) | Time:00:00.00 | Mem:0.01M, Peak:0.01M | Scene, ViewLayer | Updating Camera
Fra:1 Mem:15.19M (Peak 18.31M) | Time:00:00.00 | Mem:0.01M, Peak:0.01M | Scene, ViewLayer | Updating Meshes Flags
Fra:1 Mem:15.19M (Peak 18.31M) | Time:00:00.00 | Mem:0.01M, Peak:0.01M | Scene, ViewLayer | Updating Objects
Fra:1 Mem:15.19M (Peak 18.31M) | Time:00:00.00 | Mem:0.01M, Peak:0.01M | Scene, ViewLayer | Updating Objects | Copying Transformations to device
Fra:1 Mem:15.20M (Peak 18.31M) | Time:00:00.00 | Mem:0.02M, Peak:0.02M | Scene, ViewLayer | Updating Particle Systems
Fra:1 Mem:15.20M (Peak 18.31M) | Time:00:00.00 | Mem:0.02M, Peak:0.02M | Scene, ViewLayer | Updating Particle Systems | Copying Particles to device
Fra:1 Mem:15.20M (Peak 18.31M) | Time:00:00.00 | Mem:0.02M, Peak:0.02M | Scene, ViewLayer | Updating Meshes
Fra:1 Mem:15.20M (Peak 18.31M) | Time:00:00.00 | Mem:0.02M, Peak:0.02M | Scene, ViewLayer | Updating Objects | Applying Static Transformations
Fra:1 Mem:15.20M (Peak 18.31M) | Time:00:00.00 | Mem:0.02M, Peak:0.02M | Scene, ViewLayer | Updating Mesh | Computing attributes
Fra:1 Mem:15.32M (Peak 18.31M) | Time:00:00.00 | Mem:0.02M, Peak:0.02M | Scene, ViewLayer | Updating Mesh | Copying Attributes to device
Fra:1 Mem:15.31M (Peak 18.31M) | Time:00:00.00 | Mem:0.13M, Peak:0.13M | Scene, ViewLayer | Updating Scene BVH | Building
Fra:1 Mem:15.31M (Peak 18.31M) | Time:00:00.00 | Mem:0.13M, Peak:0.13M | Scene, ViewLayer | Updating Scene BVH | Building BVH
Fra:1 Mem:15.31M (Peak 18.31M) | Time:00:00.00 | Mem:0.45M, Peak:0.45M | Scene, ViewLayer | Updating Scene BVH | Building BVH 0%
Fra:1 Mem:15.31M (Peak 18.31M) | Time:00:00.00 | Mem:0.83M, Peak:1.15M | Scene, ViewLayer | Updating Scene BVH | Copying BVH to device
Fra:1 Mem:15.31M (Peak 18.31M) | Time:00:00.00 | Mem:0.83M, Peak:1.15M | Scene, ViewLayer | Updating Mesh | Computing normals
Fra:1 Mem:15.69M (Peak 18.31M) | Time:00:00.00 | Mem:0.83M, Peak:1.15M | Scene, ViewLayer | Updating Mesh | Copying Mesh to device
Fra:1 Mem:15.69M (Peak 18.31M) | Time:00:00.00 | Mem:1.21M, Peak:1.21M | Scene, ViewLayer | Updating Objects Flags
Fra:1 Mem:15.69M (Peak 18.31M) | Time:00:00.00 | Mem:1.21M, Peak:1.21M | Scene, ViewLayer | Updating Primitive Offsets
Fra:1 Mem:15.69M (Peak 18.31M) | Time:00:00.00 | Mem:1.21M, Peak:1.21M | Scene, ViewLayer | Updating Images
Fra:1 Mem:15.69M (Peak 18.31M) | Time:00:00.00 | Mem:1.21M, Peak:1.21M | Scene, ViewLayer | Updating Camera Volume
Fra:1 Mem:15.69M (Peak 18.31M) | Time:00:00.00 | Mem:1.21M, Peak:1.21M | Scene, ViewLayer | Updating Lookup Tables
Fra:1 Mem:15.69M (Peak 18.31M) | Time:00:00.00 | Mem:1.29M, Peak:1.29M | Scene, ViewLayer | Updating Lights
Fra:1 Mem:15.69M (Peak 18.31M) | Time:00:00.00 | Mem:1.29M, Peak:1.29M | Scene, ViewLayer | Updating Lights | Computing tree
Fra:1 Mem:15.69M (Peak 18.31M) | Time:00:00.00 | Mem:1.29M, Peak:1.29M | Scene, ViewLayer | Updating Integrator
Fra:1 Mem:15.69M (Peak 18.31M) | Time:00:00.00 | Mem:1.29M, Peak:1.29M | Scene, ViewLayer | Updating Film
Fra:1 Mem:15.70M (Peak 18.31M) | Time:00:00.00 | Mem:1.21M, Peak:1.29M | Scene, ViewLayer | Updating Lookup Tables
Fra:1 Mem:15.70M (Peak 18.31M) | Time:00:00.00 | Mem:1.30M, Peak:1.30M | Scene, ViewLayer | Updating Baking
Fra:1 Mem:15.70M (Peak 18.31M) | Time:00:00.00 | Mem:1.30M, Peak:1.30M | Scene, ViewLayer | Updating Device | Writing constant memory
Fra:1 Mem:15.70M (Peak 18.31M) | Time:00:00.00 | Mem:1.30M, Peak:1.30M | Scene, ViewLayer | Loading denoising kernels (may take a few minutes the first time)
Fra:1 Mem:15.70M (Peak 18.31M) | Time:00:00.00 | Mem:1.30M, Peak:1.30M | Scene, ViewLayer | Sample 0/32
Fra:1 Mem:21.80M (Peak 21.80M) | Time:00:00.00 | Remaining:00:00.11 | Mem:7.23M, Peak:7.23M | Scene, ViewLayer | Sample 1/32
Fra:1 Mem:24.30M (Peak 28.05M) | Time:00:00.24 | Mem:7.23M, Peak:7.23M | Scene, ViewLayer | Sample 32/32
Fra:1 Mem:24.30M (Peak 28.05M) | Time:00:00.24 | Mem:7.23M, Peak:7.23M | Scene, ViewLayer | Finished
Saved: '/Users/al/git/Starbase2/.local/character-frames/eva/back-7.png'
Time: 00:00.24 (Saving: 00:00.00)

Fra:1 Mem:17.48M (Peak 17.48M) | Time:00:00.00 | Mem:0.00M, Peak:0.00M | Scene, ViewLayer | Synchronizing object | Pressure torso
Fra:1 Mem:17.49M (Peak 17.49M) | Time:00:00.00 | Mem:0.00M, Peak:0.00M | Scene, ViewLayer | Synchronizing object | Belt pouch.001
Fra:1 Mem:17.50M (Peak 17.50M) | Time:00:00.00 | Mem:0.00M, Peak:0.00M | Scene, ViewLayer | Synchronizing object | Shin
Fra:1 Mem:17.59M (Peak 17.58M) | Time:00:00.00 | Mem:0.00M, Peak:0.00M | Scene, ViewLayer | Synchronizing object | Boot
Fra:1 Mem:17.59M (Peak 17.59M) | Time:00:00.00 | Mem:0.00M, Peak:0.00M | Scene, ViewLayer | Synchronizing object | Toe plate
Fra:1 Mem:17.59M (Peak 17.59M) | Time:00:00.00 | Mem:0.00M, Peak:0.00M | Scene, ViewLayer | Synchronizing object | Boot trim
Fra:1 Mem:17.60M (Peak 17.60M) | Time:00:00.00 | Mem:0.00M, Peak:0.00M | Scene, ViewLayer | Synchronizing object | Upper sleeve
Fra:1 Mem:17.64M (Peak 17.64M) | Time:00:00.00 | Mem:0.00M, Peak:0.00M | Scene, ViewLayer | Synchronizing object | Rim
Fra:1 Mem:17.63M (Peak 17.64M) | Time:00:00.00 | Mem:0.00M, Peak:0.00M | Scene, ViewLayer | Synchronizing object | Elbow joint
Fra:1 Mem:17.68M (Peak 17.68M) | Time:00:00.00 | Mem:0.00M, Peak:0.00M | Scene, ViewLayer | Synchronizing object | Gauntlet
Fra:1 Mem:17.68M (Peak 17.68M) | Time:00:00.00 | Mem:0.00M, Peak:0.00M | Scene, ViewLayer | Synchronizing object | Glove
Fra:1 Mem:17.72M (Peak 17.72M) | Time:00:00.00 | Mem:0.00M, Peak:0.00M | Scene, ViewLayer | Synchronizing object | Key
Fra:1 Mem:17.70M (Peak 17.72M) | Time:00:00.00 | Mem:0.00M, Peak:0.00M | Scene, ViewLayer | Synchronizing object | Pressure fold.002
Fra:1 Mem:17.70M (Peak 17.72M) | Time:00:00.00 | Mem:0.00M, Peak:0.00M | Scene, ViewLayer | Synchronizing object | Pressure fold.003
Fra:1 Mem:17.75M (Peak 17.75M) | Time:00:00.00 | Mem:0.00M, Peak:0.00M | Scene, ViewLayer | Synchronizing object | Thigh.001
Fra:1 Mem:17.81M (Peak 17.81M) | Time:00:00.00 | Mem:0.00M, Peak:0.00M | Scene, ViewLayer | Synchronizing object | Knee gasket.001
Fra:1 Mem:17.77M (Peak 17.81M) | Time:00:00.00 | Mem:0.00M, Peak:0.00M | Scene, ViewLayer | Synchronizing object | Knee plate.001
Fra:1 Mem:17.82M (Peak 17.82M) | Time:00:00.00 | Mem:0.00M, Peak:0.00M | Scene, ViewLayer | Synchronizing object | Shin.001
Fra:1 Mem:17.82M (Peak 17.82M) | Time:00:00.00 | Mem:0.00M, Peak:0.00M | Scene, ViewLayer | Synchronizing object | Boot.001
Fra:1 Mem:17.84M (Peak 17.84M) | Time:00:00.00 | Mem:0.00M, Peak:0.00M | Scene, ViewLayer | Synchronizing object | Boot trim.001
Fra:1 Mem:17.87M (Peak 17.87M) | Time:00:00.00 | Mem:0.00M, Peak:0.00M | Scene, ViewLayer | Synchronizing object | Shoulder shell.001
Fra:1 Mem:17.91M (Peak 17.91M) | Time:00:00.00 | Mem:0.00M, Peak:0.00M | Scene, ViewLayer | Synchronizing object | Mission stripe.001
Fra:1 Mem:17.92M (Peak 17.92M) | Time:00:00.00 | Mem:0.00M, Peak:0.00M | Scene, ViewLayer | Synchronizing object | Elbow joint.001
Fra:1 Mem:17.94M (Peak 17.94M) | Time:00:00.00 | Mem:0.00M, Peak:0.00M | Scene, ViewLayer | Synchronizing object | Gauntlet.001
Fra:1 Mem:17.93M (Peak 17.94M) | Time:00:00.00 | Mem:0.00M, Peak:0.00M | Scene, ViewLayer | Synchronizing object | Glove.001
Fra:1 Mem:17.97M (Peak 17.97M) | Time:00:00.00 | Mem:0.00M, Peak:0.00M | Scene, ViewLayer | Synchronizing object | Wrist display.001
Fra:1 Mem:17.97M (Peak 17.97M) | Time:00:00.00 | Mem:0.00M, Peak:0.00M | Scene, ViewLayer | Synchronizing object | Pressure fold.004
Fra:1 Mem:17.98M (Peak 17.98M) | Time:00:00.00 | Mem:0.00M, Peak:0.00M | Scene, ViewLayer | Synchronizing object | Pressure fold.005
Fra:1 Mem:17.99M (Peak 17.99M) | Time:00:00.00 | Mem:0.00M, Peak:0.00M | Scene, ViewLayer | Synchronizing object | Pressure fold.006
Fra:1 Mem:17.99M (Peak 17.99M) | Time:00:00.00 | Mem:0.00M, Peak:0.00M | Scene, ViewLayer | Synchronizing object | Life support pack
Fra:1 Mem:18.02M (Peak 18.02M) | Time:00:00.00 | Mem:0.00M, Peak:0.00M | Scene, ViewLayer | Synchronizing object | Oxygen cylinder
Fra:1 Mem:18.10M (Peak 18.10M) | Time:00:00.00 | Mem:0.00M, Peak:0.00M | Scene, ViewLayer | Synchronizing object | Oxygen cylinder.001
Fra:1 Mem:18.11M (Peak 18.11M) | Time:00:00.00 | Mem:0.00M, Peak:0.00M | Scene, ViewLayer | Synchronizing object | Helmet
Fra:1 Mem:18.12M (Peak 18.12M) | Time:00:00.00 | Mem:0.00M, Peak:0.00M | Scene, ViewLayer | Synchronizing object | Visor seal
Fra:1 Mem:18.17M (Peak 18.17M) | Time:00:00.00 | Mem:0.00M, Peak:0.00M | Scene, ViewLayer | Synchronizing object | Visor glint
Fra:1 Mem:18.16M (Peak 18.17M) | Time:00:00.00 | Mem:0.00M, Peak:0.00M | Scene, ViewLayer | Synchronizing object | Comms housing
Fra:1 Mem:18.19M (Peak 18.19M) | Time:00:00.00 | Mem:0.00M, Peak:0.00M | Scene, ViewLayer | Synchronizing object | Chest control unit
Fra:1 Mem:18.18M (Peak 18.19M) | Time:00:00.00 | Mem:0.00M, Peak:0.00M | Scene, ViewLayer | Synchronizing object | Telemetry display
Fra:1 Mem:18.26M (Peak 18.26M) | Time:00:00.00 | Mem:0.00M, Peak:0.00M | Scene, ViewLayer | Synchronizing object | Display glass
Fra:1 Mem:18.31M (Peak 18.31M) | Time:00:00.00 | Mem:0.00M, Peak:0.00M | Scene, ViewLayer | Initializing
Fra:1 Mem:15.10M (Peak 18.31M) | Time:00:00.00 | Mem:0.00M, Peak:0.00M | Scene, ViewLayer | Waiting for render to start
Fra:1 Mem:15.10M (Peak 18.31M) | Time:00:00.00 | Mem:0.00M, Peak:0.00M | Scene, ViewLayer | Updating Scene
Fra:1 Mem:15.10M (Peak 18.31M) | Time:00:00.00 | Mem:0.00M, Peak:0.00M | Scene, ViewLayer | Updating Shaders
Fra:1 Mem:15.10M (Peak 18.31M) | Time:00:00.00 | Mem:0.00M, Peak:0.00M | Scene, ViewLayer | Loading render kernels (may take a few minutes the first time)
Fra:1 Mem:15.19M (Peak 18.31M) | Time:00:00.00 | Mem:0.01M, Peak:0.01M | Scene, ViewLayer | Updating Procedurals
Fra:1 Mem:15.19M (Peak 18.31M) | Time:00:00.00 | Mem:0.01M, Peak:0.01M | Scene, ViewLayer | Updating Background
Fra:1 Mem:15.19M (Peak 18.31M) | Time:00:00.00 | Mem:0.01M, Peak:0.01M | Scene, ViewLayer | Updating Camera
Fra:1 Mem:15.19M (Peak 18.31M) | Time:00:00.00 | Mem:0.01M, Peak:0.01M | Scene, ViewLayer | Updating Meshes Flags
Fra:1 Mem:15.19M (Peak 18.31M) | Time:00:00.00 | Mem:0.01M, Peak:0.01M | Scene, ViewLayer | Updating Objects
Fra:1 Mem:15.19M (Peak 18.31M) | Time:00:00.00 | Mem:0.01M, Peak:0.01M | Scene, ViewLayer | Updating Objects | Copying Transformations to device
Fra:1 Mem:15.20M (Peak 18.31M) | Time:00:00.00 | Mem:0.02M, Peak:0.02M | Scene, ViewLayer | Updating Particle Systems
Fra:1 Mem:15.20M (Peak 18.31M) | Time:00:00.00 | Mem:0.02M, Peak:0.02M | Scene, ViewLayer | Updating Particle Systems | Copying Particles to device
Fra:1 Mem:15.20M (Peak 18.31M) | Time:00:00.00 | Mem:0.02M, Peak:0.02M | Scene, ViewLayer | Updating Meshes
Fra:1 Mem:15.20M (Peak 18.31M) | Time:00:00.00 | Mem:0.02M, Peak:0.02M | Scene, ViewLayer | Updating Objects | Applying Static Transformations
Fra:1 Mem:15.20M (Peak 18.31M) | Time:00:00.00 | Mem:0.02M, Peak:0.02M | Scene, ViewLayer | Updating Mesh | Computing attributes
Fra:1 Mem:15.32M (Peak 18.31M) | Time:00:00.00 | Mem:0.02M, Peak:0.02M | Scene, ViewLayer | Updating Mesh | Copying Attributes to device
Fra:1 Mem:15.31M (Peak 18.31M) | Time:00:00.00 | Mem:0.13M, Peak:0.13M | Scene, ViewLayer | Updating Scene BVH | Building
Fra:1 Mem:15.31M (Peak 18.31M) | Time:00:00.00 | Mem:0.13M, Peak:0.13M | Scene, ViewLayer | Updating Scene BVH | Building BVH
Fra:1 Mem:15.31M (Peak 18.31M) | Time:00:00.00 | Mem:0.45M, Peak:0.45M | Scene, ViewLayer | Updating Scene BVH | Building BVH 0%
Fra:1 Mem:15.31M (Peak 18.31M) | Time:00:00.00 | Mem:0.83M, Peak:1.15M | Scene, ViewLayer | Updating Scene BVH | Copying BVH to device
Fra:1 Mem:15.31M (Peak 18.31M) | Time:00:00.00 | Mem:0.83M, Peak:1.15M | Scene, ViewLayer | Updating Mesh | Computing normals
Fra:1 Mem:15.69M (Peak 18.31M) | Time:00:00.00 | Mem:0.83M, Peak:1.15M | Scene, ViewLayer | Updating Mesh | Copying Mesh to device
Fra:1 Mem:15.69M (Peak 18.31M) | Time:00:00.00 | Mem:1.21M, Peak:1.21M | Scene, ViewLayer | Updating Objects Flags
Fra:1 Mem:15.69M (Peak 18.31M) | Time:00:00.00 | Mem:1.21M, Peak:1.21M | Scene, ViewLayer | Updating Primitive Offsets
Fra:1 Mem:15.69M (Peak 18.31M) | Time:00:00.00 | Mem:1.21M, Peak:1.21M | Scene, ViewLayer | Updating Images
Fra:1 Mem:15.69M (Peak 18.31M) | Time:00:00.00 | Mem:1.21M, Peak:1.21M | Scene, ViewLayer | Updating Camera Volume
Fra:1 Mem:15.69M (Peak 18.31M) | Time:00:00.00 | Mem:1.21M, Peak:1.21M | Scene, ViewLayer | Updating Lookup Tables
Fra:1 Mem:15.69M (Peak 18.31M) | Time:00:00.00 | Mem:1.29M, Peak:1.29M | Scene, ViewLayer | Updating Lights
Fra:1 Mem:15.69M (Peak 18.31M) | Time:00:00.00 | Mem:1.29M, Peak:1.29M | Scene, ViewLayer | Updating Lights | Computing tree
Fra:1 Mem:15.69M (Peak 18.31M) | Time:00:00.00 | Mem:1.29M, Peak:1.29M | Scene, ViewLayer | Updating Integrator
Fra:1 Mem:15.69M (Peak 18.31M) | Time:00:00.00 | Mem:1.29M, Peak:1.29M | Scene, ViewLayer | Updating Film
Fra:1 Mem:15.70M (Peak 18.31M) | Time:00:00.00 | Mem:1.21M, Peak:1.29M | Scene, ViewLayer | Updating Lookup Tables
Fra:1 Mem:15.70M (Peak 18.31M) | Time:00:00.00 | Mem:1.30M, Peak:1.30M | Scene, ViewLayer | Updating Baking
Fra:1 Mem:15.70M (Peak 18.31M) | Time:00:00.00 | Mem:1.30M, Peak:1.30M | Scene, ViewLayer | Updating Device | Writing constant memory
Fra:1 Mem:15.70M (Peak 18.31M) | Time:00:00.00 | Mem:1.30M, Peak:1.30M | Scene, ViewLayer | Loading denoising kernels (may take a few minutes the first time)
Fra:1 Mem:15.70M (Peak 18.31M) | Time:00:00.00 | Mem:1.30M, Peak:1.30M | Scene, ViewLayer | Sample 0/32
Fra:1 Mem:21.80M (Peak 21.80M) | Time:00:00.00 | Remaining:00:00.11 | Mem:7.23M, Peak:7.23M | Scene, ViewLayer | Sample 1/32
Fra:1 Mem:24.30M (Peak 28.05M) | Time:00:00.25 | Mem:7.23M, Peak:7.23M | Scene, ViewLayer | Sample 32/32
Fra:1 Mem:24.30M (Peak 28.05M) | Time:00:00.25 | Mem:7.23M, Peak:7.23M | Scene, ViewLayer | Finished
Saved: '/Users/al/git/Starbase2/.local/character-frames/eva/back-8.png'
Time: 00:00.25 (Saving: 00:00.00)

Fra:1 Mem:17.48M (Peak 17.48M) | Time:00:00.00 | Mem:0.00M, Peak:0.00M | Scene, ViewLayer | Synchronizing object | Pressure torso
Fra:1 Mem:17.48M (Peak 17.48M) | Time:00:00.00 | Mem:0.00M, Peak:0.00M | Scene, ViewLayer | Synchronizing object | Thigh
Fra:1 Mem:17.50M (Peak 17.50M) | Time:00:00.00 | Mem:0.00M, Peak:0.00M | Scene, ViewLayer | Synchronizing object | Knee gasket
Fra:1 Mem:17.52M (Peak 17.52M) | Time:00:00.00 | Mem:0.00M, Peak:0.00M | Scene, ViewLayer | Synchronizing object | Shin
Fra:1 Mem:17.57M (Peak 17.57M) | Time:00:00.00 | Mem:0.00M, Peak:0.00M | Scene, ViewLayer | Synchronizing object | Knee plate
Fra:1 Mem:17.57M (Peak 17.57M) | Time:00:00.00 | Mem:0.00M, Peak:0.00M | Scene, ViewLayer | Synchronizing object | Toe plate
Fra:1 Mem:17.59M (Peak 17.59M) | Time:00:00.00 | Mem:0.00M, Peak:0.00M | Scene, ViewLayer | Synchronizing object | Boot trim
Fra:1 Mem:17.64M (Peak 17.64M) | Time:00:00.00 | Mem:0.00M, Peak:0.00M | Scene, ViewLayer | Synchronizing object | Upper sleeve
Fra:1 Mem:17.66M (Peak 17.66M) | Time:00:00.00 | Mem:0.00M, Peak:0.00M | Scene, ViewLayer | Synchronizing object | Shoulder shell
Fra:1 Mem:17.67M (Peak 17.67M) | Time:00:00.00 | Mem:0.00M, Peak:0.00M | Scene, ViewLayer | Synchronizing object | Mission stripe
Fra:1 Mem:17.74M (Peak 17.74M) | Time:00:00.00 | Mem:0.00M, Peak:0.00M | Scene, ViewLayer | Synchronizing object | Elbow joint
Fra:1 Mem:17.77M (Peak 17.77M) | Time:00:00.00 | Mem:0.00M, Peak:0.00M | Scene, ViewLayer | Synchronizing object | Gauntlet
Fra:1 Mem:17.75M (Peak 17.77M) | Time:00:00.00 | Mem:0.00M, Peak:0.00M | Scene, ViewLayer | Synchronizing object | Pressure fold
Fra:1 Mem:17.74M (Peak 17.77M) | Time:00:00.00 | Mem:0.00M, Peak:0.00M | Scene, ViewLayer | Synchronizing object | Pressure fold.001
Fra:1 Mem:17.74M (Peak 17.77M) | Time:00:00.00 | Mem:0.00M, Peak:0.00M | Scene, ViewLayer | Synchronizing object | Pressure fold.003
Fra:1 Mem:17.77M (Peak 17.77M) | Time:00:00.00 | Mem:0.00M, Peak:0.00M | Scene, ViewLayer | Synchronizing object | Knee gasket.001
Fra:1 Mem:17.76M (Peak 17.77M) | Time:00:00.00 | Mem:0.00M, Peak:0.00M | Scene, ViewLayer | Synchronizing object | Knee plate.001
Fra:1 Mem:17.77M (Peak 17.77M) | Time:00:00.00 | Mem:0.00M, Peak:0.00M | Scene, ViewLayer | Synchronizing object | Shin.001
Fra:1 Mem:17.81M (Peak 17.81M) | Time:00:00.00 | Mem:0.00M, Peak:0.00M | Scene, ViewLayer | Synchronizing object | Boot.001
Fra:1 Mem:17.81M (Peak 17.81M) | Time:00:00.00 | Mem:0.00M, Peak:0.00M | Scene, ViewLayer | Synchronizing object | Key
Fra:1 Mem:17.81M (Peak 17.81M) | Time:00:00.00 | Mem:0.00M, Peak:0.00M | Scene, ViewLayer | Synchronizing object | Control.002
Fra:1 Mem:17.82M (Peak 17.82M) | Time:00:00.00 | Mem:0.00M, Peak:0.00M | Scene, ViewLayer | Synchronizing object | Toe plate.001
Fra:1 Mem:17.81M (Peak 17.82M) | Time:00:00.00 | Mem:0.00M, Peak:0.00M | Scene, ViewLayer | Synchronizing object | Boot trim.001
Fra:1 Mem:17.83M (Peak 17.83M) | Time:00:00.00 | Mem:0.00M, Peak:0.00M | Scene, ViewLayer | Synchronizing object | Control.001
Fra:1 Mem:17.86M (Peak 17.86M) | Time:00:00.00 | Mem:0.00M, Peak:0.00M | Scene, ViewLayer | Synchronizing object | Upper sleeve.001
Fra:1 Mem:17.90M (Peak 17.90M) | Time:00:00.00 | Mem:0.00M, Peak:0.00M | Scene, ViewLayer | Synchronizing object | Shoulder shell.001
Fra:1 Mem:17.90M (Peak 17.90M) | Time:00:00.00 | Mem:0.00M, Peak:0.00M | Scene, ViewLayer | Synchronizing object | Gauntlet.001
Fra:1 Mem:17.94M (Peak 17.94M) | Time:00:00.00 | Mem:0.00M, Peak:0.00M | Scene, ViewLayer | Synchronizing object | Glove.001
Fra:1 Mem:17.95M (Peak 17.95M) | Time:00:00.00 | Mem:0.00M, Peak:0.00M | Scene, ViewLayer | Synchronizing object | Control
Fra:1 Mem:17.97M (Peak 17.97M) | Time:00:00.00 | Mem:0.00M, Peak:0.00M | Scene, ViewLayer | Synchronizing object | Wrist display.001
Fra:1 Mem:17.97M (Peak 17.97M) | Time:00:00.00 | Mem:0.00M, Peak:0.00M | Scene, ViewLayer | Synchronizing object | Display glass
Fra:1 Mem:17.98M (Peak 17.98M) | Time:00:00.00 | Mem:0.00M, Peak:0.00M | Scene, ViewLayer | Synchronizing object | Pressure fold.004
Fra:1 Mem:18.00M (Peak 18.00M) | Time:00:00.00 | Mem:0.00M, Peak:0.00M | Scene, ViewLayer | Synchronizing object | Pressure fold.005
Fra:1 Mem:18.04M (Peak 18.04M) | Time:00:00.00 | Mem:0.00M, Peak:0.00M | Scene, ViewLayer | Synchronizing object | Pressure fold.006
Fra:1 Mem:18.08M (Peak 18.08M) | Time:00:00.00 | Mem:0.00M, Peak:0.00M | Scene, ViewLayer | Synchronizing object | Telemetry display
Fra:1 Mem:18.10M (Peak 18.10M) | Time:00:00.00 | Mem:0.00M, Peak:0.00M | Scene, ViewLayer | Synchronizing object | Life support pack
Fra:1 Mem:18.14M (Peak 18.14M) | Time:00:00.00 | Mem:0.00M, Peak:0.00M | Scene, ViewLayer | Synchronizing object | Pack inset
Fra:1 Mem:18.16M (Peak 18.16M) | Time:00:00.00 | Mem:0.00M, Peak:0.00M | Scene, ViewLayer | Synchronizing object | Oxygen cylinder
Fra:1 Mem:18.20M (Peak 18.20M) | Time:00:00.00 | Mem:0.00M, Peak:0.00M | Scene, ViewLayer | Synchronizing object | Helmet
Fra:1 Mem:18.18M (Peak 18.20M) | Time:00:00.00 | Mem:0.00M, Peak:0.00M | Scene, ViewLayer | Synchronizing object | Chest control unit
Fra:1 Mem:18.21M (Peak 18.21M) | Time:00:00.00 | Mem:0.00M, Peak:0.00M | Scene, ViewLayer | Synchronizing object | Visor warm reflection
Fra:1 Mem:18.25M (Peak 18.25M) | Time:00:00.00 | Mem:0.00M, Peak:0.00M | Scene, ViewLayer | Synchronizing object | Comms housing
Fra:1 Mem:18.29M (Peak 18.29M) | Time:00:00.00 | Mem:0.00M, Peak:0.00M | Scene, ViewLayer | Synchronizing object | Comms housing.001
Fra:1 Mem:18.31M (Peak 18.31M) | Time:00:00.00 | Mem:0.00M, Peak:0.00M | Scene, ViewLayer | Initializing
Fra:1 Mem:15.10M (Peak 18.31M) | Time:00:00.00 | Mem:0.00M, Peak:0.00M | Scene, ViewLayer | Waiting for render to start
Fra:1 Mem:15.10M (Peak 18.31M) | Time:00:00.00 | Mem:0.00M, Peak:0.00M | Scene, ViewLayer | Updating Scene
Fra:1 Mem:15.10M (Peak 18.31M) | Time:00:00.00 | Mem:0.00M, Peak:0.00M | Scene, ViewLayer | Updating Shaders
Fra:1 Mem:15.10M (Peak 18.31M) | Time:00:00.00 | Mem:0.00M, Peak:0.00M | Scene, ViewLayer | Loading render kernels (may take a few minutes the first time)
Fra:1 Mem:15.19M (Peak 18.31M) | Time:00:00.00 | Mem:0.01M, Peak:0.01M | Scene, ViewLayer | Updating Procedurals
Fra:1 Mem:15.19M (Peak 18.31M) | Time:00:00.00 | Mem:0.01M, Peak:0.01M | Scene, ViewLayer | Updating Background
Fra:1 Mem:15.19M (Peak 18.31M) | Time:00:00.00 | Mem:0.01M, Peak:0.01M | Scene, ViewLayer | Updating Camera
Fra:1 Mem:15.19M (Peak 18.31M) | Time:00:00.00 | Mem:0.01M, Peak:0.01M | Scene, ViewLayer | Updating Meshes Flags
Fra:1 Mem:15.19M (Peak 18.31M) | Time:00:00.00 | Mem:0.01M, Peak:0.01M | Scene, ViewLayer | Updating Objects
Fra:1 Mem:15.19M (Peak 18.31M) | Time:00:00.00 | Mem:0.01M, Peak:0.01M | Scene, ViewLayer | Updating Objects | Copying Transformations to device
Fra:1 Mem:15.20M (Peak 18.31M) | Time:00:00.00 | Mem:0.02M, Peak:0.02M | Scene, ViewLayer | Updating Particle Systems
Fra:1 Mem:15.20M (Peak 18.31M) | Time:00:00.00 | Mem:0.02M, Peak:0.02M | Scene, ViewLayer | Updating Particle Systems | Copying Particles to device
Fra:1 Mem:15.20M (Peak 18.31M) | Time:00:00.00 | Mem:0.02M, Peak:0.02M | Scene, ViewLayer | Updating Meshes
Fra:1 Mem:15.20M (Peak 18.31M) | Time:00:00.00 | Mem:0.02M, Peak:0.02M | Scene, ViewLayer | Updating Objects | Applying Static Transformations
Fra:1 Mem:15.20M (Peak 18.31M) | Time:00:00.00 | Mem:0.02M, Peak:0.02M | Scene, ViewLayer | Updating Mesh | Computing attributes
Fra:1 Mem:15.32M (Peak 18.31M) | Time:00:00.00 | Mem:0.02M, Peak:0.02M | Scene, ViewLayer | Updating Mesh | Copying Attributes to device
Fra:1 Mem:15.31M (Peak 18.31M) | Time:00:00.00 | Mem:0.13M, Peak:0.13M | Scene, ViewLayer | Updating Scene BVH | Building
Fra:1 Mem:15.31M (Peak 18.31M) | Time:00:00.00 | Mem:0.13M, Peak:0.13M | Scene, ViewLayer | Updating Scene BVH | Building BVH
Fra:1 Mem:15.31M (Peak 18.31M) | Time:00:00.00 | Mem:0.45M, Peak:0.45M | Scene, ViewLayer | Updating Scene BVH | Building BVH 0%
Fra:1 Mem:15.31M (Peak 18.31M) | Time:00:00.00 | Mem:0.83M, Peak:1.15M | Scene, ViewLayer | Updating Scene BVH | Copying BVH to device
Fra:1 Mem:15.31M (Peak 18.31M) | Time:00:00.00 | Mem:0.83M, Peak:1.15M | Scene, ViewLayer | Updating Mesh | Computing normals
Fra:1 Mem:15.69M (Peak 18.31M) | Time:00:00.00 | Mem:0.83M, Peak:1.15M | Scene, ViewLayer | Updating Mesh | Copying Mesh to device
Fra:1 Mem:15.69M (Peak 18.31M) | Time:00:00.00 | Mem:1.21M, Peak:1.21M | Scene, ViewLayer | Updating Objects Flags
Fra:1 Mem:15.69M (Peak 18.31M) | Time:00:00.00 | Mem:1.21M, Peak:1.21M | Scene, ViewLayer | Updating Primitive Offsets
Fra:1 Mem:15.69M (Peak 18.31M) | Time:00:00.00 | Mem:1.21M, Peak:1.21M | Scene, ViewLayer | Updating Images
Fra:1 Mem:15.69M (Peak 18.31M) | Time:00:00.00 | Mem:1.21M, Peak:1.21M | Scene, ViewLayer | Updating Camera Volume
Fra:1 Mem:15.69M (Peak 18.31M) | Time:00:00.00 | Mem:1.21M, Peak:1.21M | Scene, ViewLayer | Updating Lookup Tables
Fra:1 Mem:15.69M (Peak 18.31M) | Time:00:00.00 | Mem:1.29M, Peak:1.29M | Scene, ViewLayer | Updating Lights
Fra:1 Mem:15.69M (Peak 18.31M) | Time:00:00.00 | Mem:1.29M, Peak:1.29M | Scene, ViewLayer | Updating Lights | Computing tree
Fra:1 Mem:15.69M (Peak 18.31M) | Time:00:00.00 | Mem:1.29M, Peak:1.29M | Scene, ViewLayer | Updating Integrator
Fra:1 Mem:15.69M (Peak 18.31M) | Time:00:00.00 | Mem:1.29M, Peak:1.29M | Scene, ViewLayer | Updating Film
Fra:1 Mem:15.70M (Peak 18.31M) | Time:00:00.00 | Mem:1.21M, Peak:1.29M | Scene, ViewLayer | Updating Lookup Tables
Fra:1 Mem:15.70M (Peak 18.31M) | Time:00:00.00 | Mem:1.30M, Peak:1.30M | Scene, ViewLayer | Updating Baking
Fra:1 Mem:15.70M (Peak 18.31M) | Time:00:00.00 | Mem:1.30M, Peak:1.30M | Scene, ViewLayer | Updating Device | Writing constant memory
Fra:1 Mem:15.70M (Peak 18.31M) | Time:00:00.00 | Mem:1.30M, Peak:1.30M | Scene, ViewLayer | Loading denoising kernels (may take a few minutes the first time)
Fra:1 Mem:15.70M (Peak 18.31M) | Time:00:00.00 | Mem:1.30M, Peak:1.30M | Scene, ViewLayer | Sample 0/32
Fra:1 Mem:21.80M (Peak 21.80M) | Time:00:00.00 | Remaining:00:00.09 | Mem:7.23M, Peak:7.23M | Scene, ViewLayer | Sample 1/32
Fra:1 Mem:24.30M (Peak 28.05M) | Time:00:00.23 | Mem:7.23M, Peak:7.23M | Scene, ViewLayer | Sample 32/32
Fra:1 Mem:24.30M (Peak 28.05M) | Time:00:00.23 | Mem:7.23M, Peak:7.23M | Scene, ViewLayer | Finished
Saved: '/Users/al/git/Starbase2/.local/character-frames/eva/left-0.png'
Time: 00:00.23 (Saving: 00:00.00)

Fra:1 Mem:17.48M (Peak 17.48M) | Time:00:00.00 | Mem:0.00M, Peak:0.00M | Scene, ViewLayer | Synchronizing object | Pressure torso
Fra:1 Mem:17.49M (Peak 17.50M) | Time:00:00.00 | Mem:0.00M, Peak:0.00M | Scene, ViewLayer | Synchronizing object | Knee plate
Fra:1 Mem:17.51M (Peak 17.51M) | Time:00:00.00 | Mem:0.00M, Peak:0.00M | Scene, ViewLayer | Synchronizing object | Shin
Fra:1 Mem:17.64M (Peak 17.64M) | Time:00:00.00 | Mem:0.00M, Peak:0.00M | Scene, ViewLayer | Synchronizing object | Toe plate
Fra:1 Mem:17.66M (Peak 17.66M) | Time:00:00.00 | Mem:0.00M, Peak:0.00M | Scene, ViewLayer | Synchronizing object | Boot trim
Fra:1 Mem:17.69M (Peak 17.69M) | Time:00:00.00 | Mem:0.00M, Peak:0.00M | Scene, ViewLayer | Synchronizing object | Upper sleeve
Fra:1 Mem:17.75M (Peak 17.75M) | Time:00:00.00 | Mem:0.00M, Peak:0.00M | Scene, ViewLayer | Synchronizing object | Shoulder shell
Fra:1 Mem:17.74M (Peak 17.75M) | Time:00:00.00 | Mem:0.00M, Peak:0.00M | Scene, ViewLayer | Synchronizing object | Mission stripe
Fra:1 Mem:17.69M (Peak 17.75M) | Time:00:00.00 | Mem:0.00M, Peak:0.00M | Scene, ViewLayer | Synchronizing object | Glove
Fra:1 Mem:17.73M (Peak 17.75M) | Time:00:00.00 | Mem:0.00M, Peak:0.00M | Scene, ViewLayer | Synchronizing object | Pressure fold
Fra:1 Mem:17.75M (Peak 17.75M) | Time:00:00.00 | Mem:0.00M, Peak:0.00M | Scene, ViewLayer | Synchronizing object | Pressure fold.001
Fra:1 Mem:17.76M (Peak 17.76M) | Time:00:00.00 | Mem:0.00M, Peak:0.00M | Scene, ViewLayer | Synchronizing object | Pressure fold.002
Fra:1 Mem:17.76M (Peak 17.76M) | Time:00:00.00 | Mem:0.00M, Peak:0.00M | Scene, ViewLayer | Synchronizing object | Thigh.001
Fra:1 Mem:17.82M (Peak 17.82M) | Time:00:00.00 | Mem:0.00M, Peak:0.00M | Scene, ViewLayer | Synchronizing object | Shin.001
Fra:1 Mem:17.83M (Peak 17.83M) | Time:00:00.00 | Mem:0.00M, Peak:0.00M | Scene, ViewLayer | Synchronizing object | Boot.001
Fra:1 Mem:17.82M (Peak 17.83M) | Time:00:00.00 | Mem:0.00M, Peak:0.00M | Scene, ViewLayer | Synchronizing object | Boot trim.001
Fra:1 Mem:17.83M (Peak 17.83M) | Time:00:00.00 | Mem:0.00M, Peak:0.00M | Scene, ViewLayer | Synchronizing object | Shoulder shell.001
Fra:1 Mem:17.84M (Peak 17.84M) | Time:00:00.00 | Mem:0.00M, Peak:0.00M | Scene, ViewLayer | Synchronizing object | Mission stripe.001
Fra:1 Mem:17.91M (Peak 17.91M) | Time:00:00.00 | Mem:0.00M, Peak:0.00M | Scene, ViewLayer | Synchronizing object | Elbow joint.001
Fra:1 Mem:17.93M (Peak 17.93M) | Time:00:00.00 | Mem:0.00M, Peak:0.00M | Scene, ViewLayer | Synchronizing object | Gauntlet.001
Fra:1 Mem:17.93M (Peak 17.93M) | Time:00:00.00 | Mem:0.00M, Peak:0.00M | Scene, ViewLayer | Synchronizing object | Glove.001
Fra:1 Mem:17.96M (Peak 17.96M) | Time:00:00.00 | Mem:0.00M, Peak:0.00M | Scene, ViewLayer | Synchronizing object | Wrist display.001
Fra:1 Mem:17.96M (Peak 17.96M) | Time:00:00.00 | Mem:0.00M, Peak:0.00M | Scene, ViewLayer | Synchronizing object | Pressure fold.004
Fra:1 Mem:17.97M (Peak 17.97M) | Time:00:00.00 | Mem:0.00M, Peak:0.00M | Scene, ViewLayer | Synchronizing object | Pressure fold.005
Fra:1 Mem:18.00M (Peak 18.00M) | Time:00:00.00 | Mem:0.00M, Peak:0.00M | Scene, ViewLayer | Synchronizing object | Pressure fold.006
Fra:1 Mem:18.01M (Peak 18.01M) | Time:00:00.00 | Mem:0.00M, Peak:0.00M | Scene, ViewLayer | Synchronizing object | Pressure fold.007
Fra:1 Mem:18.04M (Peak 18.04M) | Time:00:00.00 | Mem:0.00M, Peak:0.00M | Scene, ViewLayer | Synchronizing object | Pack inset
Fra:1 Mem:18.05M (Peak 18.05M) | Time:00:00.00 | Mem:0.00M, Peak:0.00M | Scene, ViewLayer | Synchronizing object | Oxygen cylinder
Fra:1 Mem:18.04M (Peak 18.05M) | Time:00:00.00 | Mem:0.00M, Peak:0.00M | Scene, ViewLayer | Synchronizing object | Neck seal
Fra:1 Mem:18.09M (Peak 18.09M) | Time:00:00.00 | Mem:0.00M, Peak:0.00M | Scene, ViewLayer | Synchronizing object | Helmet
Fra:1 Mem:18.10M (Peak 18.10M) | Time:00:00.00 | Mem:0.00M, Peak:0.00M | Scene, ViewLayer | Synchronizing object | Amber visor
Fra:1 Mem:18.14M (Peak 18.14M) | Time:00:00.00 | Mem:0.00M, Peak:0.00M | Scene, ViewLayer | Synchronizing object | Key
Fra:1 Mem:18.11M (Peak 18.14M) | Time:00:00.00 | Mem:0.00M, Peak:0.00M | Scene, ViewLayer | Synchronizing object | Control.002
Fra:1 Mem:18.11M (Peak 18.14M) | Time:00:00.00 | Mem:0.00M, Peak:0.00M | Scene, ViewLayer | Synchronizing object | Visor warm reflection
Fra:1 Mem:18.11M (Peak 18.14M) | Time:00:00.00 | Mem:0.00M, Peak:0.00M | Scene, ViewLayer | Synchronizing object | Control.001
Fra:1 Mem:18.13M (Peak 18.14M) | Time:00:00.00 | Mem:0.00M, Peak:0.00M | Scene, ViewLayer | Synchronizing object | Comms housing
Fra:1 Mem:18.14M (Peak 18.14M) | Time:00:00.00 | Mem:0.00M, Peak:0.00M | Scene, ViewLayer | Synchronizing object | Control
Fra:1 Mem:18.18M (Peak 18.18M) | Time:00:00.00 | Mem:0.00M, Peak:0.00M | Scene, ViewLayer | Synchronizing object | Comms housing.001
Fra:1 Mem:18.20M (Peak 18.20M) | Time:00:00.00 | Mem:0.00M, Peak:0.00M | Scene, ViewLayer | Synchronizing object | Display glass
Fra:1 Mem:18.23M (Peak 18.23M) | Time:00:00.00 | Mem:0.00M, Peak:0.00M | Scene, ViewLayer | Synchronizing object | Chest control unit
Fra:1 Mem:18.24M (Peak 18.24M) | Time:00:00.00 | Mem:0.00M, Peak:0.00M | Scene, ViewLayer | Synchronizing object | Telemetry display
Fra:1 Mem:18.31M (Peak 18.31M) | Time:00:00.00 | Mem:0.00M, Peak:0.00M | Scene, ViewLayer | Initializing
Fra:1 Mem:15.10M (Peak 18.31M) | Time:00:00.00 | Mem:0.00M, Peak:0.00M | Scene, ViewLayer | Waiting for render to start
Fra:1 Mem:15.10M (Peak 18.31M) | Time:00:00.00 | Mem:0.00M, Peak:0.00M | Scene, ViewLayer | Updating Scene
Fra:1 Mem:15.10M (Peak 18.31M) | Time:00:00.00 | Mem:0.00M, Peak:0.00M | Scene, ViewLayer | Updating Shaders
Fra:1 Mem:15.10M (Peak 18.31M) | Time:00:00.00 | Mem:0.00M, Peak:0.00M | Scene, ViewLayer | Loading render kernels (may take a few minutes the first time)
Fra:1 Mem:15.19M (Peak 18.31M) | Time:00:00.00 | Mem:0.01M, Peak:0.01M | Scene, ViewLayer | Updating Procedurals
Fra:1 Mem:15.19M (Peak 18.31M) | Time:00:00.00 | Mem:0.01M, Peak:0.01M | Scene, ViewLayer | Updating Background
Fra:1 Mem:15.19M (Peak 18.31M) | Time:00:00.00 | Mem:0.01M, Peak:0.01M | Scene, ViewLayer | Updating Camera
Fra:1 Mem:15.19M (Peak 18.31M) | Time:00:00.00 | Mem:0.01M, Peak:0.01M | Scene, ViewLayer | Updating Meshes Flags
Fra:1 Mem:15.19M (Peak 18.31M) | Time:00:00.00 | Mem:0.01M, Peak:0.01M | Scene, ViewLayer | Updating Objects
Fra:1 Mem:15.19M (Peak 18.31M) | Time:00:00.00 | Mem:0.01M, Peak:0.01M | Scene, ViewLayer | Updating Objects | Copying Transformations to device
Fra:1 Mem:15.20M (Peak 18.31M) | Time:00:00.00 | Mem:0.02M, Peak:0.02M | Scene, ViewLayer | Updating Particle Systems
Fra:1 Mem:15.20M (Peak 18.31M) | Time:00:00.00 | Mem:0.02M, Peak:0.02M | Scene, ViewLayer | Updating Particle Systems | Copying Particles to device
Fra:1 Mem:15.20M (Peak 18.31M) | Time:00:00.00 | Mem:0.02M, Peak:0.02M | Scene, ViewLayer | Updating Meshes
Fra:1 Mem:15.20M (Peak 18.31M) | Time:00:00.00 | Mem:0.02M, Peak:0.02M | Scene, ViewLayer | Updating Objects | Applying Static Transformations
Fra:1 Mem:15.20M (Peak 18.31M) | Time:00:00.00 | Mem:0.02M, Peak:0.02M | Scene, ViewLayer | Updating Mesh | Computing attributes
Fra:1 Mem:15.32M (Peak 18.31M) | Time:00:00.00 | Mem:0.02M, Peak:0.02M | Scene, ViewLayer | Updating Mesh | Copying Attributes to device
Fra:1 Mem:15.31M (Peak 18.31M) | Time:00:00.00 | Mem:0.13M, Peak:0.13M | Scene, ViewLayer | Updating Scene BVH | Building
Fra:1 Mem:15.31M (Peak 18.31M) | Time:00:00.00 | Mem:0.13M, Peak:0.13M | Scene, ViewLayer | Updating Scene BVH | Building BVH
Fra:1 Mem:15.31M (Peak 18.31M) | Time:00:00.00 | Mem:0.80M, Peak:1.12M | Scene, ViewLayer | Updating Scene BVH | Copying BVH to device
Fra:1 Mem:15.31M (Peak 18.31M) | Time:00:00.00 | Mem:0.80M, Peak:1.12M | Scene, ViewLayer | Updating Mesh | Computing normals
Fra:1 Mem:15.69M (Peak 18.31M) | Time:00:00.00 | Mem:0.80M, Peak:1.12M | Scene, ViewLayer | Updating Mesh | Copying Mesh to device
Fra:1 Mem:15.69M (Peak 18.31M) | Time:00:00.00 | Mem:1.18M, Peak:1.18M | Scene, ViewLayer | Updating Objects Flags
Fra:1 Mem:15.69M (Peak 18.31M) | Time:00:00.00 | Mem:1.18M, Peak:1.18M | Scene, ViewLayer | Updating Primitive Offsets
Fra:1 Mem:15.69M (Peak 18.31M) | Time:00:00.00 | Mem:1.18M, Peak:1.18M | Scene, ViewLayer | Updating Images
Fra:1 Mem:15.69M (Peak 18.31M) | Time:00:00.00 | Mem:1.18M, Peak:1.18M | Scene, ViewLayer | Updating Camera Volume
Fra:1 Mem:15.69M (Peak 18.31M) | Time:00:00.00 | Mem:1.18M, Peak:1.18M | Scene, ViewLayer | Updating Lookup Tables
Fra:1 Mem:15.69M (Peak 18.31M) | Time:00:00.00 | Mem:1.26M, Peak:1.26M | Scene, ViewLayer | Updating Lights
Fra:1 Mem:15.69M (Peak 18.31M) | Time:00:00.00 | Mem:1.26M, Peak:1.26M | Scene, ViewLayer | Updating Lights | Computing tree
Fra:1 Mem:15.69M (Peak 18.31M) | Time:00:00.00 | Mem:1.26M, Peak:1.26M | Scene, ViewLayer | Updating Integrator
Fra:1 Mem:15.69M (Peak 18.31M) | Time:00:00.00 | Mem:1.26M, Peak:1.26M | Scene, ViewLayer | Updating Film
Fra:1 Mem:15.70M (Peak 18.31M) | Time:00:00.00 | Mem:1.18M, Peak:1.26M | Scene, ViewLayer | Updating Lookup Tables
Fra:1 Mem:15.70M (Peak 18.31M) | Time:00:00.00 | Mem:1.26M, Peak:1.26M | Scene, ViewLayer | Updating Baking
Fra:1 Mem:15.70M (Peak 18.31M) | Time:00:00.00 | Mem:1.26M, Peak:1.26M | Scene, ViewLayer | Updating Device | Writing constant memory
Fra:1 Mem:15.70M (Peak 18.31M) | Time:00:00.00 | Mem:1.26M, Peak:1.26M | Scene, ViewLayer | Loading denoising kernels (may take a few minutes the first time)
Fra:1 Mem:15.70M (Peak 18.31M) | Time:00:00.00 | Mem:1.26M, Peak:1.26M | Scene, ViewLayer | Sample 0/32
Fra:1 Mem:21.80M (Peak 21.80M) | Time:00:00.00 | Remaining:00:00.11 | Mem:7.20M, Peak:7.20M | Scene, ViewLayer | Sample 1/32
Fra:1 Mem:24.30M (Peak 28.05M) | Time:00:00.24 | Mem:7.20M, Peak:7.20M | Scene, ViewLayer | Sample 32/32
Fra:1 Mem:24.30M (Peak 28.05M) | Time:00:00.24 | Mem:7.20M, Peak:7.20M | Scene, ViewLayer | Finished
Saved: '/Users/al/git/Starbase2/.local/character-frames/eva/left-1.png'
Time: 00:00.25 (Saving: 00:00.00)

Fra:1 Mem:17.48M (Peak 17.48M) | Time:00:00.00 | Mem:0.00M, Peak:0.00M | Scene, ViewLayer | Synchronizing object | Pressure torso
Fra:1 Mem:17.49M (Peak 17.49M) | Time:00:00.00 | Mem:0.00M, Peak:0.00M | Scene, ViewLayer | Synchronizing object | Knee plate
Fra:1 Mem:17.52M (Peak 17.52M) | Time:00:00.00 | Mem:0.00M, Peak:0.00M | Scene, ViewLayer | Synchronizing object | Shin
Fra:1 Mem:17.57M (Peak 17.57M) | Time:00:00.00 | Mem:0.00M, Peak:0.00M | Scene, ViewLayer | Synchronizing object | Boot
Fra:1 Mem:17.62M (Peak 17.62M) | Time:00:00.00 | Mem:0.00M, Peak:0.00M | Scene, ViewLayer | Synchronizing object | Toe plate
Fra:1 Mem:17.66M (Peak 17.66M) | Time:00:00.00 | Mem:0.00M, Peak:0.00M | Scene, ViewLayer | Synchronizing object | Boot trim
Fra:1 Mem:17.72M (Peak 17.72M) | Time:00:00.00 | Mem:0.00M, Peak:0.00M | Scene, ViewLayer | Synchronizing object | Upper sleeve
Fra:1 Mem:17.71M (Peak 17.72M) | Time:00:00.00 | Mem:0.00M, Peak:0.00M | Scene, ViewLayer | Synchronizing object | Mission stripe
Fra:1 Mem:17.67M (Peak 17.72M) | Time:00:00.00 | Mem:0.00M, Peak:0.00M | Scene, ViewLayer | Synchronizing object | Gauntlet
Fra:1 Mem:17.69M (Peak 17.72M) | Time:00:00.00 | Mem:0.00M, Peak:0.00M | Scene, ViewLayer | Synchronizing object | Wrist display
Fra:1 Mem:17.73M (Peak 17.73M) | Time:00:00.00 | Mem:0.00M, Peak:0.00M | Scene, ViewLayer | Synchronizing object | Pressure fold
Fra:1 Mem:17.74M (Peak 17.74M) | Time:00:00.00 | Mem:0.00M, Peak:0.00M | Scene, ViewLayer | Synchronizing object | Key
Fra:1 Mem:17.72M (Peak 17.74M) | Time:00:00.00 | Mem:0.00M, Peak:0.00M | Scene, ViewLayer | Synchronizing object | Pressure fold.002
Fra:1 Mem:17.74M (Peak 17.74M) | Time:00:00.00 | Mem:0.00M, Peak:0.00M | Scene, ViewLayer | Synchronizing object | Thigh.001
Fra:1 Mem:17.74M (Peak 17.74M) | Time:00:00.00 | Mem:0.00M, Peak:0.00M | Scene, ViewLayer | Synchronizing object | Knee plate.001
Fra:1 Mem:17.84M (Peak 17.84M) | Time:00:00.00 | Mem:0.00M, Peak:0.00M | Scene, ViewLayer | Synchronizing object | Control.002
Fra:1 Mem:17.84M (Peak 17.84M) | Time:00:00.00 | Mem:0.00M, Peak:0.00M | Scene, ViewLayer | Synchronizing object | Shin.001
Fra:1 Mem:17.82M (Peak 17.84M) | Time:00:00.00 | Mem:0.00M, Peak:0.00M | Scene, ViewLayer | Synchronizing object | Boot trim.001
Fra:1 Mem:17.83M (Peak 17.84M) | Time:00:00.00 | Mem:0.00M, Peak:0.00M | Scene, ViewLayer | Synchronizing object | Upper sleeve.001
Fra:1 Mem:17.85M (Peak 17.85M) | Time:00:00.00 | Mem:0.00M, Peak:0.00M | Scene, ViewLayer | Synchronizing object | Shoulder shell.001
Fra:1 Mem:17.87M (Peak 17.87M) | Time:00:00.00 | Mem:0.00M, Peak:0.00M | Scene, ViewLayer | Synchronizing object | Mission stripe.001
Fra:1 Mem:17.91M (Peak 17.91M) | Time:00:00.00 | Mem:0.00M, Peak:0.00M | Scene, ViewLayer | Synchronizing object | Elbow joint.001
Fra:1 Mem:17.96M (Peak 17.96M) | Time:00:00.00 | Mem:0.00M, Peak:0.00M | Scene, ViewLayer | Synchronizing object | Gauntlet.001
Fra:1 Mem:18.00M (Peak 18.00M) | Time:00:00.00 | Mem:0.00M, Peak:0.00M | Scene, ViewLayer | Synchronizing object | Control
Fra:1 Mem:17.98M (Peak 18.00M) | Time:00:00.00 | Mem:0.00M, Peak:0.00M | Scene, ViewLayer | Synchronizing object | Wrist display.001
Fra:1 Mem:18.03M (Peak 18.03M) | Time:00:00.00 | Mem:0.00M, Peak:0.00M | Scene, ViewLayer | Synchronizing object | Pressure fold.004
Fra:1 Mem:18.04M (Peak 18.04M) | Time:00:00.00 | Mem:0.00M, Peak:0.00M | Scene, ViewLayer | Synchronizing object | Pressure fold.005
Fra:1 Mem:18.07M (Peak 18.07M) | Time:00:00.00 | Mem:0.00M, Peak:0.00M | Scene, ViewLayer | Synchronizing object | Display glass
Fra:1 Mem:18.10M (Peak 18.10M) | Time:00:00.00 | Mem:0.00M, Peak:0.00M | Scene, ViewLayer | Synchronizing object | Pressure fold.007
Fra:1 Mem:18.13M (Peak 18.13M) | Time:00:00.00 | Mem:0.00M, Peak:0.00M | Scene, ViewLayer | Synchronizing object | Life support pack
Fra:1 Mem:18.15M (Peak 18.15M) | Time:00:00.00 | Mem:0.00M, Peak:0.00M | Scene, ViewLayer | Synchronizing object | Oxygen cylinder
Fra:1 Mem:18.17M (Peak 18.17M) | Time:00:00.00 | Mem:0.00M, Peak:0.00M | Scene, ViewLayer | Synchronizing object | Telemetry display
Fra:1 Mem:18.15M (Peak 18.17M) | Time:00:00.00 | Mem:0.00M, Peak:0.00M | Scene, ViewLayer | Synchronizing object | Visor seal
Fra:1 Mem:18.19M (Peak 18.19M) | Time:00:00.00 | Mem:0.00M, Peak:0.00M | Scene, ViewLayer | Synchronizing object | Amber visor
Fra:1 Mem:18.17M (Peak 18.19M) | Time:00:00.00 | Mem:0.00M, Peak:0.00M | Scene, ViewLayer | Synchronizing object | Comms housing
Fra:1 Mem:18.18M (Peak 18.19M) | Time:00:00.00 | Mem:0.00M, Peak:0.00M | Scene, ViewLayer | Synchronizing object | Chest control unit
Fra:1 Mem:18.31M (Peak 18.31M) | Time:00:00.00 | Mem:0.00M, Peak:0.00M | Scene, ViewLayer | Initializing
Fra:1 Mem:15.10M (Peak 18.31M) | Time:00:00.00 | Mem:0.00M, Peak:0.00M | Scene, ViewLayer | Waiting for render to start
Fra:1 Mem:15.10M (Peak 18.31M) | Time:00:00.00 | Mem:0.00M, Peak:0.00M | Scene, ViewLayer | Updating Scene
Fra:1 Mem:15.10M (Peak 18.31M) | Time:00:00.00 | Mem:0.00M, Peak:0.00M | Scene, ViewLayer | Updating Shaders
Fra:1 Mem:15.10M (Peak 18.31M) | Time:00:00.00 | Mem:0.00M, Peak:0.00M | Scene, ViewLayer | Loading render kernels (may take a few minutes the first time)
Fra:1 Mem:15.19M (Peak 18.31M) | Time:00:00.00 | Mem:0.01M, Peak:0.01M | Scene, ViewLayer | Updating Procedurals
Fra:1 Mem:15.19M (Peak 18.31M) | Time:00:00.00 | Mem:0.01M, Peak:0.01M | Scene, ViewLayer | Updating Background
Fra:1 Mem:15.19M (Peak 18.31M) | Time:00:00.00 | Mem:0.01M, Peak:0.01M | Scene, ViewLayer | Updating Camera
Fra:1 Mem:15.19M (Peak 18.31M) | Time:00:00.00 | Mem:0.01M, Peak:0.01M | Scene, ViewLayer | Updating Meshes Flags
Fra:1 Mem:15.19M (Peak 18.31M) | Time:00:00.00 | Mem:0.01M, Peak:0.01M | Scene, ViewLayer | Updating Objects
Fra:1 Mem:15.19M (Peak 18.31M) | Time:00:00.00 | Mem:0.01M, Peak:0.01M | Scene, ViewLayer | Updating Objects | Copying Transformations to device
Fra:1 Mem:15.20M (Peak 18.31M) | Time:00:00.00 | Mem:0.02M, Peak:0.02M | Scene, ViewLayer | Updating Particle Systems
Fra:1 Mem:15.20M (Peak 18.31M) | Time:00:00.00 | Mem:0.02M, Peak:0.02M | Scene, ViewLayer | Updating Particle Systems | Copying Particles to device
Fra:1 Mem:15.20M (Peak 18.31M) | Time:00:00.00 | Mem:0.02M, Peak:0.02M | Scene, ViewLayer | Updating Meshes
Fra:1 Mem:15.20M (Peak 18.31M) | Time:00:00.00 | Mem:0.02M, Peak:0.02M | Scene, ViewLayer | Updating Objects | Applying Static Transformations
Fra:1 Mem:15.20M (Peak 18.31M) | Time:00:00.00 | Mem:0.02M, Peak:0.02M | Scene, ViewLayer | Updating Mesh | Computing attributes
Fra:1 Mem:15.32M (Peak 18.31M) | Time:00:00.00 | Mem:0.02M, Peak:0.02M | Scene, ViewLayer | Updating Mesh | Copying Attributes to device
Fra:1 Mem:15.31M (Peak 18.31M) | Time:00:00.00 | Mem:0.13M, Peak:0.13M | Scene, ViewLayer | Updating Scene BVH | Building
Fra:1 Mem:15.31M (Peak 18.31M) | Time:00:00.00 | Mem:0.13M, Peak:0.13M | Scene, ViewLayer | Updating Scene BVH | Building BVH
Fra:1 Mem:15.31M (Peak 18.31M) | Time:00:00.00 | Mem:0.45M, Peak:0.45M | Scene, ViewLayer | Updating Scene BVH | Building BVH 0%
Fra:1 Mem:15.31M (Peak 18.31M) | Time:00:00.00 | Mem:0.80M, Peak:1.12M | Scene, ViewLayer | Updating Scene BVH | Copying BVH to device
Fra:1 Mem:15.31M (Peak 18.31M) | Time:00:00.00 | Mem:0.80M, Peak:1.12M | Scene, ViewLayer | Updating Mesh | Computing normals
Fra:1 Mem:15.69M (Peak 18.31M) | Time:00:00.00 | Mem:0.80M, Peak:1.12M | Scene, ViewLayer | Updating Mesh | Copying Mesh to device
Fra:1 Mem:15.69M (Peak 18.31M) | Time:00:00.00 | Mem:1.18M, Peak:1.18M | Scene, ViewLayer | Updating Objects Flags
Fra:1 Mem:15.69M (Peak 18.31M) | Time:00:00.00 | Mem:1.18M, Peak:1.18M | Scene, ViewLayer | Updating Primitive Offsets
Fra:1 Mem:15.69M (Peak 18.31M) | Time:00:00.00 | Mem:1.18M, Peak:1.18M | Scene, ViewLayer | Updating Images
Fra:1 Mem:15.69M (Peak 18.31M) | Time:00:00.00 | Mem:1.18M, Peak:1.18M | Scene, ViewLayer | Updating Camera Volume
Fra:1 Mem:15.69M (Peak 18.31M) | Time:00:00.00 | Mem:1.18M, Peak:1.18M | Scene, ViewLayer | Updating Lookup Tables
Fra:1 Mem:15.69M (Peak 18.31M) | Time:00:00.00 | Mem:1.26M, Peak:1.26M | Scene, ViewLayer | Updating Lights
Fra:1 Mem:15.69M (Peak 18.31M) | Time:00:00.00 | Mem:1.26M, Peak:1.26M | Scene, ViewLayer | Updating Lights | Computing tree
Fra:1 Mem:15.69M (Peak 18.31M) | Time:00:00.00 | Mem:1.26M, Peak:1.26M | Scene, ViewLayer | Updating Integrator
Fra:1 Mem:15.69M (Peak 18.31M) | Time:00:00.00 | Mem:1.26M, Peak:1.26M | Scene, ViewLayer | Updating Film
Fra:1 Mem:15.70M (Peak 18.31M) | Time:00:00.00 | Mem:1.18M, Peak:1.26M | Scene, ViewLayer | Updating Lookup Tables
Fra:1 Mem:15.70M (Peak 18.31M) | Time:00:00.00 | Mem:1.26M, Peak:1.26M | Scene, ViewLayer | Updating Baking
Fra:1 Mem:15.70M (Peak 18.31M) | Time:00:00.00 | Mem:1.26M, Peak:1.26M | Scene, ViewLayer | Updating Device | Writing constant memory
Fra:1 Mem:15.70M (Peak 18.31M) | Time:00:00.00 | Mem:1.26M, Peak:1.26M | Scene, ViewLayer | Loading denoising kernels (may take a few minutes the first time)
Fra:1 Mem:15.70M (Peak 18.31M) | Time:00:00.00 | Mem:1.26M, Peak:1.26M | Scene, ViewLayer | Sample 0/32
Fra:1 Mem:21.80M (Peak 21.80M) | Time:00:00.00 | Remaining:00:00.10 | Mem:7.20M, Peak:7.20M | Scene, ViewLayer | Sample 1/32
Fra:1 Mem:24.30M (Peak 28.05M) | Time:00:00.24 | Mem:7.20M, Peak:7.20M | Scene, ViewLayer | Sample 32/32
Fra:1 Mem:24.30M (Peak 28.05M) | Time:00:00.24 | Mem:7.20M, Peak:7.20M | Scene, ViewLayer | Finished
Saved: '/Users/al/git/Starbase2/.local/character-frames/eva/left-2.png'
Time: 00:00.24 (Saving: 00:00.00)

Fra:1 Mem:17.48M (Peak 17.48M) | Time:00:00.00 | Mem:0.00M, Peak:0.00M | Scene, ViewLayer | Synchronizing object | Pressure torso
Fra:1 Mem:17.49M (Peak 17.49M) | Time:00:00.00 | Mem:0.00M, Peak:0.00M | Scene, ViewLayer | Synchronizing object | Belt pouch
Fra:1 Mem:17.50M (Peak 17.50M) | Time:00:00.00 | Mem:0.00M, Peak:0.00M | Scene, ViewLayer | Synchronizing object | Belt pouch.001
Fra:1 Mem:17.53M (Peak 17.53M) | Time:00:00.00 | Mem:0.00M, Peak:0.00M | Scene, ViewLayer | Synchronizing object | Shin
Fra:1 Mem:17.55M (Peak 17.55M) | Time:00:00.00 | Mem:0.00M, Peak:0.00M | Scene, ViewLayer | Synchronizing object | Boot
Fra:1 Mem:17.60M (Peak 17.60M) | Time:00:00.00 | Mem:0.00M, Peak:0.00M | Scene, ViewLayer | Synchronizing object | Toe plate
Fra:1 Mem:17.63M (Peak 17.63M) | Time:00:00.00 | Mem:0.00M, Peak:0.00M | Scene, ViewLayer | Synchronizing object | Upper sleeve
Fra:1 Mem:17.68M (Peak 17.68M) | Time:00:00.00 | Mem:0.00M, Peak:0.00M | Scene, ViewLayer | Synchronizing object | Shoulder shell
Fra:1 Mem:17.67M (Peak 17.68M) | Time:00:00.00 | Mem:0.00M, Peak:0.00M | Scene, ViewLayer | Synchronizing object | Elbow joint
Fra:1 Mem:17.67M (Peak 17.68M) | Time:00:00.00 | Mem:0.00M, Peak:0.00M | Scene, ViewLayer | Synchronizing object | Pressure fold
Fra:1 Mem:17.69M (Peak 17.69M) | Time:00:00.00 | Mem:0.00M, Peak:0.00M | Scene, ViewLayer | Synchronizing object | Pressure fold.001
Fra:1 Mem:17.77M (Peak 17.77M) | Time:00:00.00 | Mem:0.00M, Peak:0.00M | Scene, ViewLayer | Synchronizing object | Pressure fold.002
Fra:1 Mem:17.83M (Peak 17.83M) | Time:00:00.00 | Mem:0.00M, Peak:0.00M | Scene, ViewLayer | Synchronizing object | Pressure fold.003
Fra:1 Mem:17.83M (Peak 17.83M) | Time:00:00.00 | Mem:0.00M, Peak:0.00M | Scene, ViewLayer | Synchronizing object | Knee gasket.001
Fra:1 Mem:17.86M (Peak 17.86M) | Time:00:00.00 | Mem:0.00M, Peak:0.00M | Scene, ViewLayer | Synchronizing object | Shin.001
Fra:1 Mem:17.86M (Peak 17.86M) | Time:00:00.00 | Mem:0.00M, Peak:0.00M | Scene, ViewLayer | Synchronizing object | Boot.001
Fra:1 Mem:17.85M (Peak 17.86M) | Time:00:00.00 | Mem:0.00M, Peak:0.00M | Scene, ViewLayer | Synchronizing object | Toe plate.001
Fra:1 Mem:17.86M (Peak 17.86M) | Time:00:00.00 | Mem:0.00M, Peak:0.00M | Scene, ViewLayer | Synchronizing object | Control.002
Fra:1 Mem:17.88M (Peak 17.88M) | Time:00:00.00 | Mem:0.00M, Peak:0.00M | Scene, ViewLayer | Synchronizing object | Upper sleeve.001
Fra:1 Mem:17.86M (Peak 17.88M) | Time:00:00.00 | Mem:0.00M, Peak:0.00M | Scene, ViewLayer | Synchronizing object | Elbow joint.001
Fra:1 Mem:17.89M (Peak 17.89M) | Time:00:00.00 | Mem:0.00M, Peak:0.00M | Scene, ViewLayer | Synchronizing object | Gauntlet.001
Fra:1 Mem:17.91M (Peak 17.91M) | Time:00:00.00 | Mem:0.00M, Peak:0.00M | Scene, ViewLayer | Synchronizing object | Glove.001
Fra:1 Mem:17.97M (Peak 17.97M) | Time:00:00.00 | Mem:0.00M, Peak:0.00M | Scene, ViewLayer | Synchronizing object | Wrist display.001
Fra:1 Mem:17.98M (Peak 17.98M) | Time:00:00.00 | Mem:0.00M, Peak:0.00M | Scene, ViewLayer | Synchronizing object | Pressure fold.004
Fra:1 Mem:18.03M (Peak 18.03M) | Time:00:00.00 | Mem:0.00M, Peak:0.00M | Scene, ViewLayer | Synchronizing object | Pressure fold.005
Fra:1 Mem:18.02M (Peak 18.03M) | Time:00:00.00 | Mem:0.00M, Peak:0.00M | Scene, ViewLayer | Synchronizing object | Pressure fold.006
Fra:1 Mem:18.06M (Peak 18.06M) | Time:00:00.00 | Mem:0.00M, Peak:0.00M | Scene, ViewLayer | Synchronizing object | Pressure fold.007
Fra:1 Mem:18.06M (Peak 18.06M) | Time:00:00.00 | Mem:0.00M, Peak:0.00M | Scene, ViewLayer | Synchronizing object | Pack inset
Fra:1 Mem:18.07M (Peak 18.07M) | Time:00:00.00 | Mem:0.00M, Peak:0.00M | Scene, ViewLayer | Synchronizing object | Neck seal
Fra:1 Mem:18.09M (Peak 18.09M) | Time:00:00.00 | Mem:0.00M, Peak:0.00M | Scene, ViewLayer | Synchronizing object | Visor seal
Fra:1 Mem:18.15M (Peak 18.15M) | Time:00:00.00 | Mem:0.00M, Peak:0.00M | Scene, ViewLayer | Synchronizing object | Amber visor
Fra:1 Mem:18.18M (Peak 18.18M) | Time:00:00.00 | Mem:0.00M, Peak:0.00M | Scene, ViewLayer | Synchronizing object | Visor glint
Fra:1 Mem:18.20M (Peak 18.20M) | Time:00:00.00 | Mem:0.00M, Peak:0.00M | Scene, ViewLayer | Synchronizing object | Display glass
Fra:1 Mem:18.20M (Peak 18.20M) | Time:00:00.00 | Mem:0.00M, Peak:0.00M | Scene, ViewLayer | Synchronizing object | Telemetry display
Fra:1 Mem:18.31M (Peak 18.31M) | Time:00:00.00 | Mem:0.00M, Peak:0.00M | Scene, ViewLayer | Initializing
Fra:1 Mem:15.10M (Peak 18.31M) | Time:00:00.00 | Mem:0.00M, Peak:0.00M | Scene, ViewLayer | Waiting for render to start
Fra:1 Mem:15.10M (Peak 18.31M) | Time:00:00.00 | Mem:0.00M, Peak:0.00M | Scene, ViewLayer | Updating Scene
Fra:1 Mem:15.10M (Peak 18.31M) | Time:00:00.00 | Mem:0.00M, Peak:0.00M | Scene, ViewLayer | Updating Shaders
Fra:1 Mem:15.10M (Peak 18.31M) | Time:00:00.00 | Mem:0.00M, Peak:0.00M | Scene, ViewLayer | Loading render kernels (may take a few minutes the first time)
Fra:1 Mem:15.19M (Peak 18.31M) | Time:00:00.00 | Mem:0.01M, Peak:0.01M | Scene, ViewLayer | Updating Procedurals
Fra:1 Mem:15.19M (Peak 18.31M) | Time:00:00.00 | Mem:0.01M, Peak:0.01M | Scene, ViewLayer | Updating Background
Fra:1 Mem:15.19M (Peak 18.31M) | Time:00:00.00 | Mem:0.01M, Peak:0.01M | Scene, ViewLayer | Updating Camera
Fra:1 Mem:15.19M (Peak 18.31M) | Time:00:00.00 | Mem:0.01M, Peak:0.01M | Scene, ViewLayer | Updating Meshes Flags
Fra:1 Mem:15.19M (Peak 18.31M) | Time:00:00.00 | Mem:0.01M, Peak:0.01M | Scene, ViewLayer | Updating Objects
Fra:1 Mem:15.19M (Peak 18.31M) | Time:00:00.00 | Mem:0.01M, Peak:0.01M | Scene, ViewLayer | Updating Objects | Copying Transformations to device
Fra:1 Mem:15.20M (Peak 18.31M) | Time:00:00.00 | Mem:0.02M, Peak:0.02M | Scene, ViewLayer | Updating Particle Systems
Fra:1 Mem:15.20M (Peak 18.31M) | Time:00:00.00 | Mem:0.02M, Peak:0.02M | Scene, ViewLayer | Updating Particle Systems | Copying Particles to device
Fra:1 Mem:15.20M (Peak 18.31M) | Time:00:00.00 | Mem:0.02M, Peak:0.02M | Scene, ViewLayer | Updating Meshes
Fra:1 Mem:15.20M (Peak 18.31M) | Time:00:00.00 | Mem:0.02M, Peak:0.02M | Scene, ViewLayer | Updating Objects | Applying Static Transformations
Fra:1 Mem:15.20M (Peak 18.31M) | Time:00:00.00 | Mem:0.02M, Peak:0.02M | Scene, ViewLayer | Updating Mesh | Computing attributes
Fra:1 Mem:15.32M (Peak 18.31M) | Time:00:00.00 | Mem:0.02M, Peak:0.02M | Scene, ViewLayer | Updating Mesh | Copying Attributes to device
Fra:1 Mem:15.31M (Peak 18.31M) | Time:00:00.00 | Mem:0.13M, Peak:0.13M | Scene, ViewLayer | Updating Scene BVH | Building
Fra:1 Mem:15.31M (Peak 18.31M) | Time:00:00.00 | Mem:0.13M, Peak:0.13M | Scene, ViewLayer | Updating Scene BVH | Building BVH
Fra:1 Mem:15.31M (Peak 18.31M) | Time:00:00.00 | Mem:0.45M, Peak:0.45M | Scene, ViewLayer | Updating Scene BVH | Building BVH 0%
Fra:1 Mem:15.31M (Peak 18.31M) | Time:00:00.00 | Mem:0.80M, Peak:1.12M | Scene, ViewLayer | Updating Scene BVH | Copying BVH to device
Fra:1 Mem:15.31M (Peak 18.31M) | Time:00:00.00 | Mem:0.80M, Peak:1.12M | Scene, ViewLayer | Updating Mesh | Computing normals
Fra:1 Mem:15.69M (Peak 18.31M) | Time:00:00.00 | Mem:0.80M, Peak:1.12M | Scene, ViewLayer | Updating Mesh | Copying Mesh to device
Fra:1 Mem:15.69M (Peak 18.31M) | Time:00:00.00 | Mem:1.18M, Peak:1.18M | Scene, ViewLayer | Updating Objects Flags
Fra:1 Mem:15.69M (Peak 18.31M) | Time:00:00.00 | Mem:1.18M, Peak:1.18M | Scene, ViewLayer | Updating Primitive Offsets
Fra:1 Mem:15.69M (Peak 18.31M) | Time:00:00.00 | Mem:1.18M, Peak:1.18M | Scene, ViewLayer | Updating Images
Fra:1 Mem:15.69M (Peak 18.31M) | Time:00:00.00 | Mem:1.18M, Peak:1.18M | Scene, ViewLayer | Updating Camera Volume
Fra:1 Mem:15.69M (Peak 18.31M) | Time:00:00.00 | Mem:1.18M, Peak:1.18M | Scene, ViewLayer | Updating Lookup Tables
Fra:1 Mem:15.69M (Peak 18.31M) | Time:00:00.00 | Mem:1.26M, Peak:1.26M | Scene, ViewLayer | Updating Lights
Fra:1 Mem:15.69M (Peak 18.31M) | Time:00:00.00 | Mem:1.26M, Peak:1.26M | Scene, ViewLayer | Updating Lights | Computing tree
Fra:1 Mem:15.69M (Peak 18.31M) | Time:00:00.00 | Mem:1.26M, Peak:1.26M | Scene, ViewLayer | Updating Integrator
Fra:1 Mem:15.69M (Peak 18.31M) | Time:00:00.00 | Mem:1.26M, Peak:1.26M | Scene, ViewLayer | Updating Film
Fra:1 Mem:15.70M (Peak 18.31M) | Time:00:00.00 | Mem:1.18M, Peak:1.26M | Scene, ViewLayer | Updating Lookup Tables
Fra:1 Mem:15.70M (Peak 18.31M) | Time:00:00.00 | Mem:1.26M, Peak:1.26M | Scene, ViewLayer | Updating Baking
Fra:1 Mem:15.70M (Peak 18.31M) | Time:00:00.00 | Mem:1.26M, Peak:1.26M | Scene, ViewLayer | Updating Device | Writing constant memory
Fra:1 Mem:15.70M (Peak 18.31M) | Time:00:00.00 | Mem:1.26M, Peak:1.26M | Scene, ViewLayer | Loading denoising kernels (may take a few minutes the first time)
Fra:1 Mem:15.70M (Peak 18.31M) | Time:00:00.00 | Mem:1.26M, Peak:1.26M | Scene, ViewLayer | Sample 0/32
Fra:1 Mem:21.80M (Peak 21.80M) | Time:00:00.00 | Remaining:00:00.09 | Mem:7.20M, Peak:7.20M | Scene, ViewLayer | Sample 1/32
Fra:1 Mem:24.30M (Peak 28.05M) | Time:00:00.23 | Mem:7.20M, Peak:7.20M | Scene, ViewLayer | Sample 32/32
Fra:1 Mem:24.30M (Peak 28.05M) | Time:00:00.23 | Mem:7.20M, Peak:7.20M | Scene, ViewLayer | Finished
Saved: '/Users/al/git/Starbase2/.local/character-frames/eva/left-3.png'
Time: 00:00.23 (Saving: 00:00.00)

Fra:1 Mem:17.48M (Peak 17.48M) | Time:00:00.00 | Mem:0.00M, Peak:0.00M | Scene, ViewLayer | Synchronizing object | Pressure torso
Fra:1 Mem:17.48M (Peak 17.48M) | Time:00:00.00 | Mem:0.00M, Peak:0.00M | Scene, ViewLayer | Synchronizing object | Knee gasket
Fra:1 Mem:17.51M (Peak 17.51M) | Time:00:00.00 | Mem:0.00M, Peak:0.00M | Scene, ViewLayer | Synchronizing object | Knee plate
Fra:1 Mem:17.52M (Peak 17.52M) | Time:00:00.00 | Mem:0.00M, Peak:0.00M | Scene, ViewLayer | Synchronizing object | Boot
Fra:1 Mem:17.63M (Peak 17.63M) | Time:00:00.00 | Mem:0.00M, Peak:0.00M | Scene, ViewLayer | Synchronizing object | Toe plate
Fra:1 Mem:17.66M (Peak 17.66M) | Time:00:00.00 | Mem:0.00M, Peak:0.00M | Scene, ViewLayer | Synchronizing object | Upper sleeve
Fra:1 Mem:17.71M (Peak 17.71M) | Time:00:00.00 | Mem:0.00M, Peak:0.00M | Scene, ViewLayer | Synchronizing object | Rim
Fra:1 Mem:17.72M (Peak 17.72M) | Time:00:00.00 | Mem:0.00M, Peak:0.00M | Scene, ViewLayer | Synchronizing object | Mission stripe
Fra:1 Mem:17.70M (Peak 17.72M) | Time:00:00.00 | Mem:0.00M, Peak:0.00M | Scene, ViewLayer | Synchronizing object | Gauntlet
Fra:1 Mem:17.69M (Peak 17.72M) | Time:00:00.00 | Mem:0.00M, Peak:0.00M | Scene, ViewLayer | Synchronizing object | Glove
Fra:1 Mem:17.74M (Peak 17.74M) | Time:00:00.00 | Mem:0.00M, Peak:0.00M | Scene, ViewLayer | Synchronizing object | Pressure fold
Fra:1 Mem:17.72M (Peak 17.74M) | Time:00:00.00 | Mem:0.00M, Peak:0.00M | Scene, ViewLayer | Synchronizing object | Pressure fold.002
Fra:1 Mem:17.73M (Peak 17.74M) | Time:00:00.00 | Mem:0.00M, Peak:0.00M | Scene, ViewLayer | Synchronizing object | Pressure fold.003
Fra:1 Mem:17.75M (Peak 17.75M) | Time:00:00.00 | Mem:0.00M, Peak:0.00M | Scene, ViewLayer | Synchronizing object | Thigh.001
Fra:1 Mem:17.77M (Peak 17.77M) | Time:00:00.00 | Mem:0.00M, Peak:0.00M | Scene, ViewLayer | Synchronizing object | Boot.001
Fra:1 Mem:17.83M (Peak 17.83M) | Time:00:00.00 | Mem:0.00M, Peak:0.00M | Scene, ViewLayer | Synchronizing object | Toe plate.001
Fra:1 Mem:17.86M (Peak 17.86M) | Time:00:00.00 | Mem:0.00M, Peak:0.00M | Scene, ViewLayer | Synchronizing object | Boot trim.001
Fra:1 Mem:17.88M (Peak 17.88M) | Time:00:00.00 | Mem:0.00M, Peak:0.00M | Scene, ViewLayer | Synchronizing object | Upper sleeve.001
Fra:1 Mem:17.91M (Peak 17.91M) | Time:00:00.00 | Mem:0.00M, Peak:0.00M | Scene, ViewLayer | Synchronizing object | Shoulder shell.001
Fra:1 Mem:17.90M (Peak 17.91M) | Time:00:00.00 | Mem:0.00M, Peak:0.00M | Scene, ViewLayer | Synchronizing object | Elbow joint.001
Fra:1 Mem:17.92M (Peak 17.92M) | Time:00:00.00 | Mem:0.00M, Peak:0.00M | Scene, ViewLayer | Synchronizing object | Glove.001
Fra:1 Mem:17.94M (Peak 17.94M) | Time:00:00.00 | Mem:0.00M, Peak:0.00M | Scene, ViewLayer | Synchronizing object | Wrist display.001
Fra:1 Mem:17.96M (Peak 17.96M) | Time:00:00.00 | Mem:0.00M, Peak:0.00M | Scene, ViewLayer | Synchronizing object | Pressure fold.004
Fra:1 Mem:17.99M (Peak 17.99M) | Time:00:00.00 | Mem:0.00M, Peak:0.00M | Scene, ViewLayer | Synchronizing object | Pressure fold.005
Fra:1 Mem:18.01M (Peak 18.01M) | Time:00:00.00 | Mem:0.00M, Peak:0.00M | Scene, ViewLayer | Synchronizing object | Pressure fold.007
Fra:1 Mem:18.01M (Peak 18.01M) | Time:00:00.00 | Mem:0.00M, Peak:0.00M | Scene, ViewLayer | Synchronizing object | Life support pack
Fra:1 Mem:18.03M (Peak 18.03M) | Time:00:00.00 | Mem:0.00M, Peak:0.00M | Scene, ViewLayer | Synchronizing object | Pack inset
Fra:1 Mem:18.07M (Peak 18.07M) | Time:00:00.00 | Mem:0.00M, Peak:0.00M | Scene, ViewLayer | Synchronizing object | Oxygen cylinder.001
Fra:1 Mem:18.11M (Peak 18.11M) | Time:00:00.00 | Mem:0.00M, Peak:0.00M | Scene, ViewLayer | Synchronizing object | Neck seal
Fra:1 Mem:18.10M (Peak 18.11M) | Time:00:00.00 | Mem:0.00M, Peak:0.00M | Scene, ViewLayer | Synchronizing object | Helmet
Fra:1 Mem:18.11M (Peak 18.11M) | Time:00:00.00 | Mem:0.00M, Peak:0.00M | Scene, ViewLayer | Synchronizing object | Visor seal
Fra:1 Mem:18.12M (Peak 18.12M) | Time:00:00.00 | Mem:0.00M, Peak:0.00M | Scene, ViewLayer | Synchronizing object | Comms housing
Fra:1 Mem:18.13M (Peak 18.13M) | Time:00:00.00 | Mem:0.00M, Peak:0.00M | Scene, ViewLayer | Synchronizing object | Chest control unit
Fra:1 Mem:18.14M (Peak 18.14M) | Time:00:00.00 | Mem:0.00M, Peak:0.00M | Scene, ViewLayer | Synchronizing object | Control.002
Fra:1 Mem:18.15M (Peak 18.15M) | Time:00:00.00 | Mem:0.00M, Peak:0.00M | Scene, ViewLayer | Synchronizing object | Telemetry display
Fra:1 Mem:18.17M (Peak 18.17M) | Time:00:00.00 | Mem:0.00M, Peak:0.00M | Scene, ViewLayer | Synchronizing object | Control.001
Fra:1 Mem:18.20M (Peak 18.20M) | Time:00:00.00 | Mem:0.00M, Peak:0.00M | Scene, ViewLayer | Synchronizing object | Display glass
Fra:1 Mem:18.21M (Peak 18.21M) | Time:00:00.00 | Mem:0.00M, Peak:0.00M | Scene, ViewLayer | Synchronizing object | Control
Fra:1 Mem:18.31M (Peak 18.31M) | Time:00:00.00 | Mem:0.00M, Peak:0.00M | Scene, ViewLayer | Initializing
Fra:1 Mem:15.10M (Peak 18.31M) | Time:00:00.00 | Mem:0.00M, Peak:0.00M | Scene, ViewLayer | Waiting for render to start
Fra:1 Mem:15.10M (Peak 18.31M) | Time:00:00.00 | Mem:0.00M, Peak:0.00M | Scene, ViewLayer | Updating Scene
Fra:1 Mem:15.10M (Peak 18.31M) | Time:00:00.00 | Mem:0.00M, Peak:0.00M | Scene, ViewLayer | Updating Shaders
Fra:1 Mem:15.10M (Peak 18.31M) | Time:00:00.00 | Mem:0.00M, Peak:0.00M | Scene, ViewLayer | Loading render kernels (may take a few minutes the first time)
Fra:1 Mem:15.19M (Peak 18.31M) | Time:00:00.00 | Mem:0.01M, Peak:0.01M | Scene, ViewLayer | Updating Procedurals
Fra:1 Mem:15.19M (Peak 18.31M) | Time:00:00.00 | Mem:0.01M, Peak:0.01M | Scene, ViewLayer | Updating Background
Fra:1 Mem:15.19M (Peak 18.31M) | Time:00:00.00 | Mem:0.01M, Peak:0.01M | Scene, ViewLayer | Updating Camera
Fra:1 Mem:15.19M (Peak 18.31M) | Time:00:00.00 | Mem:0.01M, Peak:0.01M | Scene, ViewLayer | Updating Meshes Flags
Fra:1 Mem:15.19M (Peak 18.31M) | Time:00:00.00 | Mem:0.01M, Peak:0.01M | Scene, ViewLayer | Updating Objects
Fra:1 Mem:15.19M (Peak 18.31M) | Time:00:00.00 | Mem:0.01M, Peak:0.01M | Scene, ViewLayer | Updating Objects | Copying Transformations to device
Fra:1 Mem:15.20M (Peak 18.31M) | Time:00:00.00 | Mem:0.02M, Peak:0.02M | Scene, ViewLayer | Updating Particle Systems
Fra:1 Mem:15.20M (Peak 18.31M) | Time:00:00.00 | Mem:0.02M, Peak:0.02M | Scene, ViewLayer | Updating Particle Systems | Copying Particles to device
Fra:1 Mem:15.20M (Peak 18.31M) | Time:00:00.00 | Mem:0.02M, Peak:0.02M | Scene, ViewLayer | Updating Meshes
Fra:1 Mem:15.20M (Peak 18.31M) | Time:00:00.00 | Mem:0.02M, Peak:0.02M | Scene, ViewLayer | Updating Objects | Applying Static Transformations
Fra:1 Mem:15.20M (Peak 18.31M) | Time:00:00.00 | Mem:0.02M, Peak:0.02M | Scene, ViewLayer | Updating Mesh | Computing attributes
Fra:1 Mem:15.32M (Peak 18.31M) | Time:00:00.00 | Mem:0.02M, Peak:0.02M | Scene, ViewLayer | Updating Mesh | Copying Attributes to device
Fra:1 Mem:15.31M (Peak 18.31M) | Time:00:00.00 | Mem:0.13M, Peak:0.13M | Scene, ViewLayer | Updating Scene BVH | Building
Fra:1 Mem:15.31M (Peak 18.31M) | Time:00:00.00 | Mem:0.13M, Peak:0.13M | Scene, ViewLayer | Updating Scene BVH | Building BVH
Fra:1 Mem:15.31M (Peak 18.31M) | Time:00:00.00 | Mem:0.83M, Peak:1.15M | Scene, ViewLayer | Updating Scene BVH | Copying BVH to device
Fra:1 Mem:15.31M (Peak 18.31M) | Time:00:00.00 | Mem:0.83M, Peak:1.15M | Scene, ViewLayer | Updating Mesh | Computing normals
Fra:1 Mem:15.69M (Peak 18.31M) | Time:00:00.00 | Mem:0.83M, Peak:1.15M | Scene, ViewLayer | Updating Mesh | Copying Mesh to device
Fra:1 Mem:15.69M (Peak 18.31M) | Time:00:00.00 | Mem:1.21M, Peak:1.21M | Scene, ViewLayer | Updating Objects Flags
Fra:1 Mem:15.69M (Peak 18.31M) | Time:00:00.00 | Mem:1.21M, Peak:1.21M | Scene, ViewLayer | Updating Primitive Offsets
Fra:1 Mem:15.69M (Peak 18.31M) | Time:00:00.00 | Mem:1.21M, Peak:1.21M | Scene, ViewLayer | Updating Images
Fra:1 Mem:15.69M (Peak 18.31M) | Time:00:00.00 | Mem:1.21M, Peak:1.21M | Scene, ViewLayer | Updating Camera Volume
Fra:1 Mem:15.69M (Peak 18.31M) | Time:00:00.00 | Mem:1.21M, Peak:1.21M | Scene, ViewLayer | Updating Lookup Tables
Fra:1 Mem:15.69M (Peak 18.31M) | Time:00:00.00 | Mem:1.29M, Peak:1.29M | Scene, ViewLayer | Updating Lights
Fra:1 Mem:15.69M (Peak 18.31M) | Time:00:00.00 | Mem:1.29M, Peak:1.29M | Scene, ViewLayer | Updating Lights | Computing tree
Fra:1 Mem:15.69M (Peak 18.31M) | Time:00:00.00 | Mem:1.29M, Peak:1.29M | Scene, ViewLayer | Updating Integrator
Fra:1 Mem:15.69M (Peak 18.31M) | Time:00:00.00 | Mem:1.29M, Peak:1.29M | Scene, ViewLayer | Updating Film
Fra:1 Mem:15.70M (Peak 18.31M) | Time:00:00.00 | Mem:1.21M, Peak:1.29M | Scene, ViewLayer | Updating Lookup Tables
Fra:1 Mem:15.70M (Peak 18.31M) | Time:00:00.00 | Mem:1.30M, Peak:1.30M | Scene, ViewLayer | Updating Baking
Fra:1 Mem:15.70M (Peak 18.31M) | Time:00:00.00 | Mem:1.30M, Peak:1.30M | Scene, ViewLayer | Updating Device | Writing constant memory
Fra:1 Mem:15.70M (Peak 18.31M) | Time:00:00.00 | Mem:1.30M, Peak:1.30M | Scene, ViewLayer | Loading denoising kernels (may take a few minutes the first time)
Fra:1 Mem:15.70M (Peak 18.31M) | Time:00:00.00 | Mem:1.30M, Peak:1.30M | Scene, ViewLayer | Sample 0/32
Fra:1 Mem:21.80M (Peak 21.80M) | Time:00:00.00 | Remaining:00:00.11 | Mem:7.23M, Peak:7.23M | Scene, ViewLayer | Sample 1/32
Fra:1 Mem:24.30M (Peak 28.05M) | Time:00:00.25 | Mem:7.23M, Peak:7.23M | Scene, ViewLayer | Sample 32/32
Fra:1 Mem:24.30M (Peak 28.05M) | Time:00:00.25 | Mem:7.23M, Peak:7.23M | Scene, ViewLayer | Finished
Saved: '/Users/al/git/Starbase2/.local/character-frames/eva/left-4.png'
Time: 00:00.26 (Saving: 00:00.00)

Fra:1 Mem:17.48M (Peak 17.48M) | Time:00:00.00 | Mem:0.00M, Peak:0.00M | Scene, ViewLayer | Synchronizing object | Pressure torso
Fra:1 Mem:17.49M (Peak 17.49M) | Time:00:00.00 | Mem:0.00M, Peak:0.00M | Scene, ViewLayer | Synchronizing object | Knee gasket
Fra:1 Mem:17.51M (Peak 17.51M) | Time:00:00.00 | Mem:0.00M, Peak:0.00M | Scene, ViewLayer | Synchronizing object | Knee plate
Fra:1 Mem:17.57M (Peak 17.57M) | Time:00:00.00 | Mem:0.00M, Peak:0.00M | Scene, ViewLayer | Synchronizing object | Shin
Fra:1 Mem:17.59M (Peak 17.59M) | Time:00:00.00 | Mem:0.00M, Peak:0.00M | Scene, ViewLayer | Synchronizing object | Toe plate
Fra:1 Mem:17.62M (Peak 17.62M) | Time:00:00.00 | Mem:0.00M, Peak:0.00M | Scene, ViewLayer | Synchronizing object | Boot trim
Fra:1 Mem:17.63M (Peak 17.63M) | Time:00:00.00 | Mem:0.00M, Peak:0.00M | Scene, ViewLayer | Synchronizing object | Rim
Fra:1 Mem:17.63M (Peak 17.63M) | Time:00:00.00 | Mem:0.00M, Peak:0.00M | Scene, ViewLayer | Synchronizing object | Elbow joint
Fra:1 Mem:17.63M (Peak 17.63M) | Time:00:00.00 | Mem:0.00M, Peak:0.00M | Scene, ViewLayer | Synchronizing object | Key
Fra:1 Mem:17.66M (Peak 17.66M) | Time:00:00.00 | Mem:0.00M, Peak:0.00M | Scene, ViewLayer | Synchronizing object | Gauntlet
Fra:1 Mem:17.73M (Peak 17.73M) | Time:00:00.00 | Mem:0.00M, Peak:0.00M | Scene, ViewLayer | Synchronizing object | Glove
Fra:1 Mem:17.74M (Peak 17.74M) | Time:00:00.00 | Mem:0.00M, Peak:0.00M | Scene, ViewLayer | Synchronizing object | Wrist display
Fra:1 Mem:17.72M (Peak 17.74M) | Time:00:00.00 | Mem:0.00M, Peak:0.00M | Scene, ViewLayer | Synchronizing object | Pressure fold
Fra:1 Mem:17.75M (Peak 17.75M) | Time:00:00.00 | Mem:0.00M, Peak:0.00M | Scene, ViewLayer | Synchronizing object | Pressure fold.001
Fra:1 Mem:17.77M (Peak 17.77M) | Time:00:00.00 | Mem:0.00M, Peak:0.00M | Scene, ViewLayer | Synchronizing object | Thigh.001
Fra:1 Mem:17.79M (Peak 17.79M) | Time:00:00.00 | Mem:0.00M, Peak:0.00M | Scene, ViewLayer | Synchronizing object | Knee plate.001
Fra:1 Mem:17.79M (Peak 17.79M) | Time:00:00.00 | Mem:0.00M, Peak:0.00M | Scene, ViewLayer | Synchronizing object | Shin.001
Fra:1 Mem:17.82M (Peak 17.82M) | Time:00:00.00 | Mem:0.00M, Peak:0.00M | Scene, ViewLayer | Synchronizing object | Boot.001
Fra:1 Mem:17.83M (Peak 17.83M) | Time:00:00.00 | Mem:0.00M, Peak:0.00M | Scene, ViewLayer | Synchronizing object | Toe plate.001
Fra:1 Mem:17.86M (Peak 17.86M) | Time:00:00.00 | Mem:0.00M, Peak:0.00M | Scene, ViewLayer | Synchronizing object | Boot trim.001
Fra:1 Mem:17.84M (Peak 17.86M) | Time:00:00.00 | Mem:0.00M, Peak:0.00M | Scene, ViewLayer | Synchronizing object | Shoulder shell.001
Fra:1 Mem:17.85M (Peak 17.86M) | Time:00:00.00 | Mem:0.00M, Peak:0.00M | Scene, ViewLayer | Synchronizing object | Mission stripe.001
Fra:1 Mem:17.87M (Peak 17.87M) | Time:00:00.00 | Mem:0.00M, Peak:0.00M | Scene, ViewLayer | Synchronizing object | Elbow joint.001
Fra:1 Mem:17.89M (Peak 17.89M) | Time:00:00.00 | Mem:0.00M, Peak:0.00M | Scene, ViewLayer | Synchronizing object | Gauntlet.001
Fra:1 Mem:17.91M (Peak 17.91M) | Time:00:00.00 | Mem:0.00M, Peak:0.00M | Scene, ViewLayer | Synchronizing object | Glove.001
Fra:1 Mem:17.95M (Peak 17.95M) | Time:00:00.00 | Mem:0.00M, Peak:0.00M | Scene, ViewLayer | Synchronizing object | Wrist display.001
Fra:1 Mem:17.98M (Peak 17.99M) | Time:00:00.00 | Mem:0.00M, Peak:0.00M | Scene, ViewLayer | Synchronizing object | Pressure fold.004
Fra:1 Mem:17.97M (Peak 17.99M) | Time:00:00.00 | Mem:0.00M, Peak:0.00M | Scene, ViewLayer | Synchronizing object | Control.002
Fra:1 Mem:17.98M (Peak 17.99M) | Time:00:00.00 | Mem:0.00M, Peak:0.00M | Scene, ViewLayer | Synchronizing object | Pressure fold.005
Fra:1 Mem:18.00M (Peak 18.00M) | Time:00:00.00 | Mem:0.00M, Peak:0.00M | Scene, ViewLayer | Synchronizing object | Pressure fold.006
Fra:1 Mem:18.02M (Peak 18.02M) | Time:00:00.00 | Mem:0.00M, Peak:0.00M | Scene, ViewLayer | Synchronizing object | Life support pack
Fra:1 Mem:18.04M (Peak 18.04M) | Time:00:00.00 | Mem:0.00M, Peak:0.00M | Scene, ViewLayer | Synchronizing object | Oxygen cylinder
Fra:1 Mem:18.04M (Peak 18.04M) | Time:00:00.00 | Mem:0.00M, Peak:0.00M | Scene, ViewLayer | Synchronizing object | Oxygen cylinder.001
Fra:1 Mem:18.07M (Peak 18.07M) | Time:00:00.00 | Mem:0.00M, Peak:0.00M | Scene, ViewLayer | Synchronizing object | Neck seal
Fra:1 Mem:18.07M (Peak 18.07M) | Time:00:00.00 | Mem:0.00M, Peak:0.00M | Scene, ViewLayer | Synchronizing object | Helmet
Fra:1 Mem:18.08M (Peak 18.08M) | Time:00:00.00 | Mem:0.00M, Peak:0.00M | Scene, ViewLayer | Synchronizing object | Visor seal
Fra:1 Mem:18.10M (Peak 18.10M) | Time:00:00.00 | Mem:0.00M, Peak:0.00M | Scene, ViewLayer | Synchronizing object | Control
Fra:1 Mem:18.11M (Peak 18.11M) | Time:00:00.00 | Mem:0.00M, Peak:0.00M | Scene, ViewLayer | Synchronizing object | Visor warm reflection
Fra:1 Mem:18.16M (Peak 18.16M) | Time:00:00.00 | Mem:0.00M, Peak:0.00M | Scene, ViewLayer | Synchronizing object | Visor glint
Fra:1 Mem:18.15M (Peak 18.16M) | Time:00:00.00 | Mem:0.00M, Peak:0.00M | Scene, ViewLayer | Synchronizing object | Comms housing
Fra:1 Mem:18.21M (Peak 18.21M) | Time:00:00.00 | Mem:0.00M, Peak:0.00M | Scene, ViewLayer | Synchronizing object | Comms housing.001
Fra:1 Mem:18.23M (Peak 18.23M) | Time:00:00.00 | Mem:0.00M, Peak:0.00M | Scene, ViewLayer | Synchronizing object | Chest control unit
Fra:1 Mem:18.29M (Peak 18.29M) | Time:00:00.00 | Mem:0.00M, Peak:0.00M | Scene, ViewLayer | Synchronizing object | Display glass
Fra:1 Mem:18.30M (Peak 18.30M) | Time:00:00.00 | Mem:0.00M, Peak:0.00M | Scene, ViewLayer | Synchronizing object | Telemetry display
Fra:1 Mem:18.31M (Peak 18.31M) | Time:00:00.00 | Mem:0.00M, Peak:0.00M | Scene, ViewLayer | Initializing
Fra:1 Mem:15.10M (Peak 18.31M) | Time:00:00.00 | Mem:0.00M, Peak:0.00M | Scene, ViewLayer | Waiting for render to start
Fra:1 Mem:15.10M (Peak 18.31M) | Time:00:00.00 | Mem:0.00M, Peak:0.00M | Scene, ViewLayer | Updating Scene
Fra:1 Mem:15.10M (Peak 18.31M) | Time:00:00.00 | Mem:0.00M, Peak:0.00M | Scene, ViewLayer | Updating Shaders
Fra:1 Mem:15.10M (Peak 18.31M) | Time:00:00.00 | Mem:0.00M, Peak:0.00M | Scene, ViewLayer | Loading render kernels (may take a few minutes the first time)
Fra:1 Mem:15.19M (Peak 18.31M) | Time:00:00.00 | Mem:0.01M, Peak:0.01M | Scene, ViewLayer | Updating Procedurals
Fra:1 Mem:15.19M (Peak 18.31M) | Time:00:00.00 | Mem:0.01M, Peak:0.01M | Scene, ViewLayer | Updating Background
Fra:1 Mem:15.19M (Peak 18.31M) | Time:00:00.00 | Mem:0.01M, Peak:0.01M | Scene, ViewLayer | Updating Camera
Fra:1 Mem:15.19M (Peak 18.31M) | Time:00:00.00 | Mem:0.01M, Peak:0.01M | Scene, ViewLayer | Updating Meshes Flags
Fra:1 Mem:15.19M (Peak 18.31M) | Time:00:00.00 | Mem:0.01M, Peak:0.01M | Scene, ViewLayer | Updating Objects
Fra:1 Mem:15.19M (Peak 18.31M) | Time:00:00.00 | Mem:0.01M, Peak:0.01M | Scene, ViewLayer | Updating Objects | Copying Transformations to device
Fra:1 Mem:15.20M (Peak 18.31M) | Time:00:00.00 | Mem:0.02M, Peak:0.02M | Scene, ViewLayer | Updating Particle Systems
Fra:1 Mem:15.20M (Peak 18.31M) | Time:00:00.00 | Mem:0.02M, Peak:0.02M | Scene, ViewLayer | Updating Particle Systems | Copying Particles to device
Fra:1 Mem:15.20M (Peak 18.31M) | Time:00:00.00 | Mem:0.02M, Peak:0.02M | Scene, ViewLayer | Updating Meshes
Fra:1 Mem:15.20M (Peak 18.31M) | Time:00:00.00 | Mem:0.02M, Peak:0.02M | Scene, ViewLayer | Updating Objects | Applying Static Transformations
Fra:1 Mem:15.20M (Peak 18.31M) | Time:00:00.00 | Mem:0.02M, Peak:0.02M | Scene, ViewLayer | Updating Mesh | Computing attributes
Fra:1 Mem:15.32M (Peak 18.31M) | Time:00:00.00 | Mem:0.02M, Peak:0.02M | Scene, ViewLayer | Updating Mesh | Copying Attributes to device
Fra:1 Mem:15.31M (Peak 18.31M) | Time:00:00.00 | Mem:0.13M, Peak:0.13M | Scene, ViewLayer | Updating Scene BVH | Building
Fra:1 Mem:15.31M (Peak 18.31M) | Time:00:00.00 | Mem:0.13M, Peak:0.13M | Scene, ViewLayer | Updating Scene BVH | Building BVH
Fra:1 Mem:15.31M (Peak 18.31M) | Time:00:00.00 | Mem:0.45M, Peak:0.45M | Scene, ViewLayer | Updating Scene BVH | Building BVH 0%
Fra:1 Mem:15.31M (Peak 18.31M) | Time:00:00.00 | Mem:0.80M, Peak:1.12M | Scene, ViewLayer | Updating Scene BVH | Copying BVH to device
Fra:1 Mem:15.31M (Peak 18.31M) | Time:00:00.00 | Mem:0.80M, Peak:1.12M | Scene, ViewLayer | Updating Mesh | Computing normals
Fra:1 Mem:15.69M (Peak 18.31M) | Time:00:00.00 | Mem:0.80M, Peak:1.12M | Scene, ViewLayer | Updating Mesh | Copying Mesh to device
Fra:1 Mem:15.69M (Peak 18.31M) | Time:00:00.00 | Mem:1.18M, Peak:1.18M | Scene, ViewLayer | Updating Objects Flags
Fra:1 Mem:15.69M (Peak 18.31M) | Time:00:00.00 | Mem:1.18M, Peak:1.18M | Scene, ViewLayer | Updating Primitive Offsets
Fra:1 Mem:15.69M (Peak 18.31M) | Time:00:00.00 | Mem:1.18M, Peak:1.18M | Scene, ViewLayer | Updating Images
Fra:1 Mem:15.69M (Peak 18.31M) | Time:00:00.00 | Mem:1.18M, Peak:1.18M | Scene, ViewLayer | Updating Camera Volume
Fra:1 Mem:15.69M (Peak 18.31M) | Time:00:00.00 | Mem:1.18M, Peak:1.18M | Scene, ViewLayer | Updating Lookup Tables
Fra:1 Mem:15.69M (Peak 18.31M) | Time:00:00.00 | Mem:1.26M, Peak:1.26M | Scene, ViewLayer | Updating Lights
Fra:1 Mem:15.69M (Peak 18.31M) | Time:00:00.00 | Mem:1.26M, Peak:1.26M | Scene, ViewLayer | Updating Lights | Computing tree
Fra:1 Mem:15.69M (Peak 18.31M) | Time:00:00.00 | Mem:1.26M, Peak:1.26M | Scene, ViewLayer | Updating Integrator
Fra:1 Mem:15.69M (Peak 18.31M) | Time:00:00.00 | Mem:1.26M, Peak:1.26M | Scene, ViewLayer | Updating Film
Fra:1 Mem:15.70M (Peak 18.31M) | Time:00:00.00 | Mem:1.18M, Peak:1.26M | Scene, ViewLayer | Updating Lookup Tables
Fra:1 Mem:15.70M (Peak 18.31M) | Time:00:00.00 | Mem:1.26M, Peak:1.26M | Scene, ViewLayer | Updating Baking
Fra:1 Mem:15.70M (Peak 18.31M) | Time:00:00.00 | Mem:1.26M, Peak:1.26M | Scene, ViewLayer | Updating Device | Writing constant memory
Fra:1 Mem:15.70M (Peak 18.31M) | Time:00:00.00 | Mem:1.26M, Peak:1.26M | Scene, ViewLayer | Loading denoising kernels (may take a few minutes the first time)
Fra:1 Mem:15.70M (Peak 18.31M) | Time:00:00.00 | Mem:1.26M, Peak:1.26M | Scene, ViewLayer | Sample 0/32
Fra:1 Mem:21.80M (Peak 21.80M) | Time:00:00.00 | Remaining:00:00.11 | Mem:7.20M, Peak:7.20M | Scene, ViewLayer | Sample 1/32
Fra:1 Mem:24.30M (Peak 28.05M) | Time:00:00.25 | Mem:7.20M, Peak:7.20M | Scene, ViewLayer | Sample 32/32
Fra:1 Mem:24.30M (Peak 28.05M) | Time:00:00.25 | Mem:7.20M, Peak:7.20M | Scene, ViewLayer | Finished
Saved: '/Users/al/git/Starbase2/.local/character-frames/eva/left-5.png'
Time: 00:00.25 (Saving: 00:00.00)

Fra:1 Mem:17.48M (Peak 17.48M) | Time:00:00.00 | Mem:0.00M, Peak:0.00M | Scene, ViewLayer | Synchronizing object | Pressure torso
Fra:1 Mem:17.49M (Peak 17.49M) | Time:00:00.00 | Mem:0.00M, Peak:0.00M | Scene, ViewLayer | Synchronizing object | Knee plate
Fra:1 Mem:17.51M (Peak 17.51M) | Time:00:00.00 | Mem:0.00M, Peak:0.00M | Scene, ViewLayer | Synchronizing object | Shin
Fra:1 Mem:17.63M (Peak 17.63M) | Time:00:00.00 | Mem:0.00M, Peak:0.00M | Scene, ViewLayer | Synchronizing object | Boot
Fra:1 Mem:17.63M (Peak 17.63M) | Time:00:00.00 | Mem:0.00M, Peak:0.00M | Scene, ViewLayer | Synchronizing object | Upper sleeve
Fra:1 Mem:17.67M (Peak 17.67M) | Time:00:00.00 | Mem:0.00M, Peak:0.00M | Scene, ViewLayer | Synchronizing object | Shoulder shell
Fra:1 Mem:17.71M (Peak 17.71M) | Time:00:00.00 | Mem:0.00M, Peak:0.00M | Scene, ViewLayer | Synchronizing object | Mission stripe
Fra:1 Mem:17.70M (Peak 17.71M) | Time:00:00.00 | Mem:0.00M, Peak:0.00M | Scene, ViewLayer | Synchronizing object | Rim
Fra:1 Mem:17.71M (Peak 17.71M) | Time:00:00.00 | Mem:0.00M, Peak:0.00M | Scene, ViewLayer | Synchronizing object | Elbow joint
Fra:1 Mem:17.75M (Peak 17.75M) | Time:00:00.00 | Mem:0.00M, Peak:0.00M | Scene, ViewLayer | Synchronizing object | Glove
Fra:1 Mem:17.74M (Peak 17.75M) | Time:00:00.00 | Mem:0.00M, Peak:0.00M | Scene, ViewLayer | Synchronizing object | Key
Fra:1 Mem:17.70M (Peak 17.75M) | Time:00:00.00 | Mem:0.00M, Peak:0.00M | Scene, ViewLayer | Synchronizing object | Control.002
Fra:1 Mem:17.70M (Peak 17.75M) | Time:00:00.00 | Mem:0.00M, Peak:0.00M | Scene, ViewLayer | Synchronizing object | Pressure fold.002
Fra:1 Mem:17.72M (Peak 17.75M) | Time:00:00.00 | Mem:0.00M, Peak:0.00M | Scene, ViewLayer | Synchronizing object | Control.001
Fra:1 Mem:17.76M (Peak 17.76M) | Time:00:00.00 | Mem:0.00M, Peak:0.00M | Scene, ViewLayer | Synchronizing object | Control
Fra:1 Mem:17.79M (Peak 17.79M) | Time:00:00.00 | Mem:0.00M, Peak:0.00M | Scene, ViewLayer | Synchronizing object | Display glass
Fra:1 Mem:17.81M (Peak 17.81M) | Time:00:00.00 | Mem:0.00M, Peak:0.00M | Scene, ViewLayer | Synchronizing object | Knee gasket.001
Fra:1 Mem:17.84M (Peak 17.84M) | Time:00:00.00 | Mem:0.00M, Peak:0.00M | Scene, ViewLayer | Synchronizing object | Knee plate.001
Fra:1 Mem:17.85M (Peak 17.85M) | Time:00:00.00 | Mem:0.00M, Peak:0.00M | Scene, ViewLayer | Synchronizing object | Shin.001
Fra:1 Mem:17.86M (Peak 17.86M) | Time:00:00.00 | Mem:0.00M, Peak:0.00M | Scene, ViewLayer | Synchronizing object | Toe plate.001
Fra:1 Mem:17.86M (Peak 17.86M) | Time:00:00.00 | Mem:0.00M, Peak:0.00M | Scene, ViewLayer | Synchronizing object | Boot trim.001
Fra:1 Mem:17.89M (Peak 17.89M) | Time:00:00.00 | Mem:0.00M, Peak:0.00M | Scene, ViewLayer | Synchronizing object | Upper sleeve.001
Fra:1 Mem:17.95M (Peak 17.95M) | Time:00:00.00 | Mem:0.00M, Peak:0.00M | Scene, ViewLayer | Synchronizing object | Shoulder shell.001
Fra:1 Mem:17.95M (Peak 17.95M) | Time:00:00.00 | Mem:0.00M, Peak:0.00M | Scene, ViewLayer | Synchronizing object | Mission stripe.001
Fra:1 Mem:17.94M (Peak 17.95M) | Time:00:00.00 | Mem:0.00M, Peak:0.00M | Scene, ViewLayer | Synchronizing object | Elbow joint.001
Fra:1 Mem:17.97M (Peak 17.97M) | Time:00:00.00 | Mem:0.00M, Peak:0.00M | Scene, ViewLayer | Synchronizing object | Glove.001
Fra:1 Mem:18.00M (Peak 18.00M) | Time:00:00.00 | Mem:0.00M, Peak:0.00M | Scene, ViewLayer | Synchronizing object | Wrist display.001
Fra:1 Mem:18.05M (Peak 18.05M) | Time:00:00.00 | Mem:0.00M, Peak:0.00M | Scene, ViewLayer | Synchronizing object | Pressure fold.004
Fra:1 Mem:18.06M (Peak 18.06M) | Time:00:00.00 | Mem:0.00M, Peak:0.00M | Scene, ViewLayer | Synchronizing object | Pressure fold.006
Fra:1 Mem:18.07M (Peak 18.07M) | Time:00:00.00 | Mem:0.00M, Peak:0.00M | Scene, ViewLayer | Synchronizing object | Pressure fold.007
Fra:1 Mem:18.09M (Peak 18.09M) | Time:00:00.00 | Mem:0.00M, Peak:0.00M | Scene, ViewLayer | Synchronizing object | Pack inset
Fra:1 Mem:18.10M (Peak 18.10M) | Time:00:00.00 | Mem:0.00M, Peak:0.00M | Scene, ViewLayer | Synchronizing object | Oxygen cylinder
Fra:1 Mem:18.12M (Peak 18.12M) | Time:00:00.00 | Mem:0.00M, Peak:0.00M | Scene, ViewLayer | Synchronizing object | Oxygen cylinder.001
Fra:1 Mem:18.18M (Peak 18.18M) | Time:00:00.00 | Mem:0.00M, Peak:0.00M | Scene, ViewLayer | Synchronizing object | Neck seal
Fra:1 Mem:18.18M (Peak 18.18M) | Time:00:00.00 | Mem:0.00M, Peak:0.00M | Scene, ViewLayer | Synchronizing object | Helmet
Fra:1 Mem:18.24M (Peak 18.24M) | Time:00:00.00 | Mem:0.00M, Peak:0.00M | Scene, ViewLayer | Synchronizing object | Visor seal
Fra:1 Mem:18.26M (Peak 18.27M) | Time:00:00.00 | Mem:0.00M, Peak:0.00M | Scene, ViewLayer | Synchronizing object | Visor glint
Fra:1 Mem:18.27M (Peak 18.27M) | Time:00:00.00 | Mem:0.00M, Peak:0.00M | Scene, ViewLayer | Synchronizing object | Chest control unit
Fra:1 Mem:18.31M (Peak 18.31M) | Time:00:00.00 | Mem:0.00M, Peak:0.00M | Scene, ViewLayer | Initializing
Fra:1 Mem:15.10M (Peak 18.31M) | Time:00:00.00 | Mem:0.00M, Peak:0.00M | Scene, ViewLayer | Waiting for render to start
Fra:1 Mem:15.10M (Peak 18.31M) | Time:00:00.00 | Mem:0.00M, Peak:0.00M | Scene, ViewLayer | Updating Scene
Fra:1 Mem:15.10M (Peak 18.31M) | Time:00:00.00 | Mem:0.00M, Peak:0.00M | Scene, ViewLayer | Updating Shaders
Fra:1 Mem:15.10M (Peak 18.31M) | Time:00:00.00 | Mem:0.00M, Peak:0.00M | Scene, ViewLayer | Loading render kernels (may take a few minutes the first time)
Fra:1 Mem:15.19M (Peak 18.31M) | Time:00:00.00 | Mem:0.01M, Peak:0.01M | Scene, ViewLayer | Updating Procedurals
Fra:1 Mem:15.19M (Peak 18.31M) | Time:00:00.00 | Mem:0.01M, Peak:0.01M | Scene, ViewLayer | Updating Background
Fra:1 Mem:15.19M (Peak 18.31M) | Time:00:00.00 | Mem:0.01M, Peak:0.01M | Scene, ViewLayer | Updating Camera
Fra:1 Mem:15.19M (Peak 18.31M) | Time:00:00.00 | Mem:0.01M, Peak:0.01M | Scene, ViewLayer | Updating Meshes Flags
Fra:1 Mem:15.19M (Peak 18.31M) | Time:00:00.00 | Mem:0.01M, Peak:0.01M | Scene, ViewLayer | Updating Objects
Fra:1 Mem:15.19M (Peak 18.31M) | Time:00:00.00 | Mem:0.01M, Peak:0.01M | Scene, ViewLayer | Updating Objects | Copying Transformations to device
Fra:1 Mem:15.20M (Peak 18.31M) | Time:00:00.00 | Mem:0.02M, Peak:0.02M | Scene, ViewLayer | Updating Particle Systems
Fra:1 Mem:15.20M (Peak 18.31M) | Time:00:00.00 | Mem:0.02M, Peak:0.02M | Scene, ViewLayer | Updating Particle Systems | Copying Particles to device
Fra:1 Mem:15.20M (Peak 18.31M) | Time:00:00.00 | Mem:0.02M, Peak:0.02M | Scene, ViewLayer | Updating Meshes
Fra:1 Mem:15.20M (Peak 18.31M) | Time:00:00.00 | Mem:0.02M, Peak:0.02M | Scene, ViewLayer | Updating Objects | Applying Static Transformations
Fra:1 Mem:15.20M (Peak 18.31M) | Time:00:00.00 | Mem:0.02M, Peak:0.02M | Scene, ViewLayer | Updating Mesh | Computing attributes
Fra:1 Mem:15.32M (Peak 18.31M) | Time:00:00.00 | Mem:0.02M, Peak:0.02M | Scene, ViewLayer | Updating Mesh | Copying Attributes to device
Fra:1 Mem:15.31M (Peak 18.31M) | Time:00:00.00 | Mem:0.13M, Peak:0.13M | Scene, ViewLayer | Updating Scene BVH | Building
Fra:1 Mem:15.31M (Peak 18.31M) | Time:00:00.00 | Mem:0.13M, Peak:0.13M | Scene, ViewLayer | Updating Scene BVH | Building BVH
Fra:1 Mem:15.31M (Peak 18.31M) | Time:00:00.00 | Mem:0.45M, Peak:0.45M | Scene, ViewLayer | Updating Scene BVH | Building BVH 0%
Fra:1 Mem:15.31M (Peak 18.31M) | Time:00:00.00 | Mem:0.83M, Peak:1.15M | Scene, ViewLayer | Updating Scene BVH | Copying BVH to device
Fra:1 Mem:15.31M (Peak 18.31M) | Time:00:00.00 | Mem:0.83M, Peak:1.15M | Scene, ViewLayer | Updating Mesh | Computing normals
Fra:1 Mem:15.69M (Peak 18.31M) | Time:00:00.00 | Mem:0.83M, Peak:1.15M | Scene, ViewLayer | Updating Mesh | Copying Mesh to device
Fra:1 Mem:15.69M (Peak 18.31M) | Time:00:00.00 | Mem:1.21M, Peak:1.21M | Scene, ViewLayer | Updating Objects Flags
Fra:1 Mem:15.69M (Peak 18.31M) | Time:00:00.00 | Mem:1.21M, Peak:1.21M | Scene, ViewLayer | Updating Primitive Offsets
Fra:1 Mem:15.69M (Peak 18.31M) | Time:00:00.00 | Mem:1.21M, Peak:1.21M | Scene, ViewLayer | Updating Images
Fra:1 Mem:15.69M (Peak 18.31M) | Time:00:00.00 | Mem:1.21M, Peak:1.21M | Scene, ViewLayer | Updating Camera Volume
Fra:1 Mem:15.69M (Peak 18.31M) | Time:00:00.00 | Mem:1.21M, Peak:1.21M | Scene, ViewLayer | Updating Lookup Tables
Fra:1 Mem:15.69M (Peak 18.31M) | Time:00:00.00 | Mem:1.29M, Peak:1.29M | Scene, ViewLayer | Updating Lights
Fra:1 Mem:15.69M (Peak 18.31M) | Time:00:00.00 | Mem:1.29M, Peak:1.29M | Scene, ViewLayer | Updating Lights | Computing tree
Fra:1 Mem:15.69M (Peak 18.31M) | Time:00:00.00 | Mem:1.29M, Peak:1.29M | Scene, ViewLayer | Updating Integrator
Fra:1 Mem:15.69M (Peak 18.31M) | Time:00:00.00 | Mem:1.29M, Peak:1.29M | Scene, ViewLayer | Updating Film
Fra:1 Mem:15.70M (Peak 18.31M) | Time:00:00.00 | Mem:1.21M, Peak:1.29M | Scene, ViewLayer | Updating Lookup Tables
Fra:1 Mem:15.70M (Peak 18.31M) | Time:00:00.00 | Mem:1.30M, Peak:1.30M | Scene, ViewLayer | Updating Baking
Fra:1 Mem:15.70M (Peak 18.31M) | Time:00:00.00 | Mem:1.30M, Peak:1.30M | Scene, ViewLayer | Updating Device | Writing constant memory
Fra:1 Mem:15.70M (Peak 18.31M) | Time:00:00.00 | Mem:1.30M, Peak:1.30M | Scene, ViewLayer | Loading denoising kernels (may take a few minutes the first time)
Fra:1 Mem:15.70M (Peak 18.31M) | Time:00:00.00 | Mem:1.30M, Peak:1.30M | Scene, ViewLayer | Sample 0/32
Fra:1 Mem:21.80M (Peak 21.80M) | Time:00:00.00 | Remaining:00:00.11 | Mem:7.23M, Peak:7.23M | Scene, ViewLayer | Sample 1/32
Fra:1 Mem:24.30M (Peak 28.05M) | Time:00:00.23 | Mem:7.23M, Peak:7.23M | Scene, ViewLayer | Sample 32/32
Fra:1 Mem:24.30M (Peak 28.05M) | Time:00:00.23 | Mem:7.23M, Peak:7.23M | Scene, ViewLayer | Finished
Saved: '/Users/al/git/Starbase2/.local/character-frames/eva/left-6.png'
Time: 00:00.24 (Saving: 00:00.00)

Fra:1 Mem:17.48M (Peak 17.48M) | Time:00:00.00 | Mem:0.00M, Peak:0.00M | Scene, ViewLayer | Synchronizing object | Pressure torso
Fra:1 Mem:17.48M (Peak 17.48M) | Time:00:00.00 | Mem:0.00M, Peak:0.00M | Scene, ViewLayer | Synchronizing object | Belt pouch.001
Fra:1 Mem:17.51M (Peak 17.51M) | Time:00:00.00 | Mem:0.00M, Peak:0.00M | Scene, ViewLayer | Synchronizing object | Thigh
Fra:1 Mem:17.54M (Peak 17.54M) | Time:00:00.00 | Mem:0.00M, Peak:0.00M | Scene, ViewLayer | Synchronizing object | Knee plate
Fra:1 Mem:17.54M (Peak 17.54M) | Time:00:00.00 | Mem:0.00M, Peak:0.00M | Scene, ViewLayer | Synchronizing object | Shin
Fra:1 Mem:17.58M (Peak 17.58M) | Time:00:00.00 | Mem:0.00M, Peak:0.00M | Scene, ViewLayer | Synchronizing object | Boot
Fra:1 Mem:17.59M (Peak 17.59M) | Time:00:00.00 | Mem:0.00M, Peak:0.00M | Scene, ViewLayer | Synchronizing object | Boot trim
Fra:1 Mem:17.64M (Peak 17.64M) | Time:00:00.00 | Mem:0.00M, Peak:0.00M | Scene, ViewLayer | Synchronizing object | Upper sleeve
Fra:1 Mem:17.67M (Peak 17.67M) | Time:00:00.00 | Mem:0.00M, Peak:0.00M | Scene, ViewLayer | Synchronizing object | Rim
Fra:1 Mem:17.69M (Peak 17.69M) | Time:00:00.00 | Mem:0.00M, Peak:0.00M | Scene, ViewLayer | Synchronizing object | Key
Fra:1 Mem:17.69M (Peak 17.69M) | Time:00:00.00 | Mem:0.00M, Peak:0.00M | Scene, ViewLayer | Synchronizing object | Mission stripe
Fra:1 Mem:17.70M (Peak 17.70M) | Time:00:00.00 | Mem:0.00M, Peak:0.00M | Scene, ViewLayer | Synchronizing object | Gauntlet
Fra:1 Mem:17.72M (Peak 17.72M) | Time:00:00.00 | Mem:0.00M, Peak:0.00M | Scene, ViewLayer | Synchronizing object | Glove
Fra:1 Mem:17.72M (Peak 17.72M) | Time:00:00.00 | Mem:0.00M, Peak:0.00M | Scene, ViewLayer | Synchronizing object | Wrist display
Fra:1 Mem:17.71M (Peak 17.72M) | Time:00:00.00 | Mem:0.00M, Peak:0.00M | Scene, ViewLayer | Synchronizing object | Pressure fold.001
Fra:1 Mem:17.74M (Peak 17.75M) | Time:00:00.00 | Mem:0.00M, Peak:0.00M | Scene, ViewLayer | Synchronizing object | Pressure fold.002
Fra:1 Mem:17.78M (Peak 17.78M) | Time:00:00.00 | Mem:0.00M, Peak:0.00M | Scene, ViewLayer | Synchronizing object | Pressure fold.003
Fra:1 Mem:17.82M (Peak 17.82M) | Time:00:00.00 | Mem:0.00M, Peak:0.00M | Scene, ViewLayer | Synchronizing object | Control.001
Fra:1 Mem:17.78M (Peak 17.82M) | Time:00:00.00 | Mem:0.00M, Peak:0.00M | Scene, ViewLayer | Synchronizing object | Knee plate.001
Fra:1 Mem:17.79M (Peak 17.82M) | Time:00:00.00 | Mem:0.00M, Peak:0.00M | Scene, ViewLayer | Synchronizing object | Shin.001
Fra:1 Mem:17.81M (Peak 17.82M) | Time:00:00.00 | Mem:0.00M, Peak:0.00M | Scene, ViewLayer | Synchronizing object | Control
Fra:1 Mem:17.84M (Peak 17.84M) | Time:00:00.00 | Mem:0.00M, Peak:0.00M | Scene, ViewLayer | Synchronizing object | Toe plate.001
Fra:1 Mem:17.88M (Peak 17.88M) | Time:00:00.00 | Mem:0.00M, Peak:0.00M | Scene, ViewLayer | Synchronizing object | Upper sleeve.001
Fra:1 Mem:17.89M (Peak 17.89M) | Time:00:00.00 | Mem:0.00M, Peak:0.00M | Scene, ViewLayer | Synchronizing object | Shoulder shell.001
Fra:1 Mem:17.89M (Peak 17.89M) | Time:00:00.00 | Mem:0.00M, Peak:0.00M | Scene, ViewLayer | Synchronizing object | Mission stripe.001
Fra:1 Mem:17.93M (Peak 17.93M) | Time:00:00.00 | Mem:0.00M, Peak:0.00M | Scene, ViewLayer | Synchronizing object | Gauntlet.001
Fra:1 Mem:17.94M (Peak 17.94M) | Time:00:00.00 | Mem:0.00M, Peak:0.00M | Scene, ViewLayer | Synchronizing object | Display glass
Fra:1 Mem:17.95M (Peak 17.95M) | Time:00:00.00 | Mem:0.00M, Peak:0.00M | Scene, ViewLayer | Synchronizing object | Glove.001
Fra:1 Mem:17.98M (Peak 17.98M) | Time:00:00.00 | Mem:0.00M, Peak:0.00M | Scene, ViewLayer | Synchronizing object | Pressure fold.004
Fra:1 Mem:18.00M (Peak 18.00M) | Time:00:00.00 | Mem:0.00M, Peak:0.00M | Scene, ViewLayer | Synchronizing object | Pressure fold.005
Fra:1 Mem:18.01M (Peak 18.01M) | Time:00:00.00 | Mem:0.00M, Peak:0.00M | Scene, ViewLayer | Synchronizing object | Pressure fold.006
Fra:1 Mem:18.04M (Peak 18.04M) | Time:00:00.00 | Mem:0.00M, Peak:0.00M | Scene, ViewLayer | Synchronizing object | Pressure fold.007
Fra:1 Mem:18.05M (Peak 18.05M) | Time:00:00.00 | Mem:0.00M, Peak:0.00M | Scene, ViewLayer | Synchronizing object | Life support pack
Fra:1 Mem:18.08M (Peak 18.08M) | Time:00:00.00 | Mem:0.00M, Peak:0.00M | Scene, ViewLayer | Synchronizing object | Pack inset
Fra:1 Mem:18.11M (Peak 18.11M) | Time:00:00.00 | Mem:0.00M, Peak:0.00M | Scene, ViewLayer | Synchronizing object | Oxygen cylinder
Fra:1 Mem:18.12M (Peak 18.12M) | Time:00:00.00 | Mem:0.00M, Peak:0.00M | Scene, ViewLayer | Synchronizing object | Oxygen cylinder.001
Fra:1 Mem:18.14M (Peak 18.14M) | Time:00:00.00 | Mem:0.00M, Peak:0.00M | Scene, ViewLayer | Synchronizing object | Neck seal
Fra:1 Mem:18.12M (Peak 18.14M) | Time:00:00.00 | Mem:0.00M, Peak:0.00M | Scene, ViewLayer | Synchronizing object | Visor seal
Fra:1 Mem:18.12M (Peak 18.14M) | Time:00:00.00 | Mem:0.00M, Peak:0.00M | Scene, ViewLayer | Synchronizing object | Visor warm reflection
Fra:1 Mem:18.16M (Peak 18.16M) | Time:00:00.00 | Mem:0.00M, Peak:0.00M | Scene, ViewLayer | Synchronizing object | Visor glint
Fra:1 Mem:18.18M (Peak 18.18M) | Time:00:00.00 | Mem:0.00M, Peak:0.00M | Scene, ViewLayer | Synchronizing object | Comms housing
Fra:1 Mem:18.19M (Peak 18.19M) | Time:00:00.00 | Mem:0.00M, Peak:0.00M | Scene, ViewLayer | Synchronizing object | Comms housing.001
Fra:1 Mem:18.23M (Peak 18.23M) | Time:00:00.00 | Mem:0.00M, Peak:0.00M | Scene, ViewLayer | Synchronizing object | Chest control unit
Fra:1 Mem:18.22M (Peak 18.23M) | Time:00:00.00 | Mem:0.00M, Peak:0.00M | Scene, ViewLayer | Synchronizing object | Telemetry display
Fra:1 Mem:18.31M (Peak 18.31M) | Time:00:00.00 | Mem:0.00M, Peak:0.00M | Scene, ViewLayer | Initializing
Fra:1 Mem:15.10M (Peak 18.31M) | Time:00:00.00 | Mem:0.00M, Peak:0.00M | Scene, ViewLayer | Waiting for render to start
Fra:1 Mem:15.10M (Peak 18.31M) | Time:00:00.00 | Mem:0.00M, Peak:0.00M | Scene, ViewLayer | Updating Scene
Fra:1 Mem:15.10M (Peak 18.31M) | Time:00:00.00 | Mem:0.00M, Peak:0.00M | Scene, ViewLayer | Updating Shaders
Fra:1 Mem:15.10M (Peak 18.31M) | Time:00:00.00 | Mem:0.00M, Peak:0.00M | Scene, ViewLayer | Loading render kernels (may take a few minutes the first time)
Fra:1 Mem:15.19M (Peak 18.31M) | Time:00:00.00 | Mem:0.01M, Peak:0.01M | Scene, ViewLayer | Updating Procedurals
Fra:1 Mem:15.19M (Peak 18.31M) | Time:00:00.00 | Mem:0.01M, Peak:0.01M | Scene, ViewLayer | Updating Background
Fra:1 Mem:15.19M (Peak 18.31M) | Time:00:00.00 | Mem:0.01M, Peak:0.01M | Scene, ViewLayer | Updating Camera
Fra:1 Mem:15.19M (Peak 18.31M) | Time:00:00.00 | Mem:0.01M, Peak:0.01M | Scene, ViewLayer | Updating Meshes Flags
Fra:1 Mem:15.19M (Peak 18.31M) | Time:00:00.00 | Mem:0.01M, Peak:0.01M | Scene, ViewLayer | Updating Objects
Fra:1 Mem:15.19M (Peak 18.31M) | Time:00:00.00 | Mem:0.01M, Peak:0.01M | Scene, ViewLayer | Updating Objects | Copying Transformations to device
Fra:1 Mem:15.20M (Peak 18.31M) | Time:00:00.00 | Mem:0.02M, Peak:0.02M | Scene, ViewLayer | Updating Particle Systems
Fra:1 Mem:15.20M (Peak 18.31M) | Time:00:00.00 | Mem:0.02M, Peak:0.02M | Scene, ViewLayer | Updating Particle Systems | Copying Particles to device
Fra:1 Mem:15.20M (Peak 18.31M) | Time:00:00.00 | Mem:0.02M, Peak:0.02M | Scene, ViewLayer | Updating Meshes
Fra:1 Mem:15.20M (Peak 18.31M) | Time:00:00.00 | Mem:0.02M, Peak:0.02M | Scene, ViewLayer | Updating Objects | Applying Static Transformations
Fra:1 Mem:15.20M (Peak 18.31M) | Time:00:00.00 | Mem:0.02M, Peak:0.02M | Scene, ViewLayer | Updating Mesh | Computing attributes
Fra:1 Mem:15.32M (Peak 18.31M) | Time:00:00.00 | Mem:0.02M, Peak:0.02M | Scene, ViewLayer | Updating Mesh | Copying Attributes to device
Fra:1 Mem:15.31M (Peak 18.31M) | Time:00:00.00 | Mem:0.13M, Peak:0.13M | Scene, ViewLayer | Updating Scene BVH | Building
Fra:1 Mem:15.31M (Peak 18.31M) | Time:00:00.00 | Mem:0.13M, Peak:0.13M | Scene, ViewLayer | Updating Scene BVH | Building BVH
Fra:1 Mem:15.31M (Peak 18.31M) | Time:00:00.00 | Mem:0.45M, Peak:0.45M | Scene, ViewLayer | Updating Scene BVH | Building BVH 0%
Fra:1 Mem:15.31M (Peak 18.31M) | Time:00:00.00 | Mem:0.80M, Peak:1.12M | Scene, ViewLayer | Updating Scene BVH | Copying BVH to device
Fra:1 Mem:15.31M (Peak 18.31M) | Time:00:00.00 | Mem:0.80M, Peak:1.12M | Scene, ViewLayer | Updating Mesh | Computing normals
Fra:1 Mem:15.69M (Peak 18.31M) | Time:00:00.00 | Mem:0.80M, Peak:1.12M | Scene, ViewLayer | Updating Mesh | Copying Mesh to device
Fra:1 Mem:15.69M (Peak 18.31M) | Time:00:00.00 | Mem:1.18M, Peak:1.18M | Scene, ViewLayer | Updating Objects Flags
Fra:1 Mem:15.69M (Peak 18.31M) | Time:00:00.00 | Mem:1.18M, Peak:1.18M | Scene, ViewLayer | Updating Primitive Offsets
Fra:1 Mem:15.69M (Peak 18.31M) | Time:00:00.00 | Mem:1.18M, Peak:1.18M | Scene, ViewLayer | Updating Images
Fra:1 Mem:15.69M (Peak 18.31M) | Time:00:00.00 | Mem:1.18M, Peak:1.18M | Scene, ViewLayer | Updating Camera Volume
Fra:1 Mem:15.69M (Peak 18.31M) | Time:00:00.00 | Mem:1.18M, Peak:1.18M | Scene, ViewLayer | Updating Lookup Tables
Fra:1 Mem:15.69M (Peak 18.31M) | Time:00:00.00 | Mem:1.26M, Peak:1.26M | Scene, ViewLayer | Updating Lights
Fra:1 Mem:15.69M (Peak 18.31M) | Time:00:00.00 | Mem:1.26M, Peak:1.26M | Scene, ViewLayer | Updating Lights | Computing tree
Fra:1 Mem:15.69M (Peak 18.31M) | Time:00:00.00 | Mem:1.26M, Peak:1.26M | Scene, ViewLayer | Updating Integrator
Fra:1 Mem:15.69M (Peak 18.31M) | Time:00:00.00 | Mem:1.26M, Peak:1.26M | Scene, ViewLayer | Updating Film
Fra:1 Mem:15.70M (Peak 18.31M) | Time:00:00.00 | Mem:1.18M, Peak:1.26M | Scene, ViewLayer | Updating Lookup Tables
Fra:1 Mem:15.70M (Peak 18.31M) | Time:00:00.00 | Mem:1.26M, Peak:1.26M | Scene, ViewLayer | Updating Baking
Fra:1 Mem:15.70M (Peak 18.31M) | Time:00:00.00 | Mem:1.26M, Peak:1.26M | Scene, ViewLayer | Updating Device | Writing constant memory
Fra:1 Mem:15.70M (Peak 18.31M) | Time:00:00.00 | Mem:1.26M, Peak:1.26M | Scene, ViewLayer | Loading denoising kernels (may take a few minutes the first time)
Fra:1 Mem:15.70M (Peak 18.31M) | Time:00:00.00 | Mem:1.26M, Peak:1.26M | Scene, ViewLayer | Sample 0/32
Fra:1 Mem:21.80M (Peak 21.80M) | Time:00:00.00 | Remaining:00:00.09 | Mem:7.20M, Peak:7.20M | Scene, ViewLayer | Sample 1/32
Fra:1 Mem:24.30M (Peak 28.05M) | Time:00:00.25 | Mem:7.20M, Peak:7.20M | Scene, ViewLayer | Sample 32/32
Fra:1 Mem:24.30M (Peak 28.05M) | Time:00:00.25 | Mem:7.20M, Peak:7.20M | Scene, ViewLayer | Finished
Saved: '/Users/al/git/Starbase2/.local/character-frames/eva/left-7.png'
Time: 00:00.25 (Saving: 00:00.00)

Fra:1 Mem:17.48M (Peak 17.48M) | Time:00:00.00 | Mem:0.00M, Peak:0.00M | Scene, ViewLayer | Synchronizing object | Utility belt
Fra:1 Mem:17.49M (Peak 17.49M) | Time:00:00.00 | Mem:0.00M, Peak:0.00M | Scene, ViewLayer | Synchronizing object | Knee plate
Fra:1 Mem:17.58M (Peak 17.58M) | Time:00:00.00 | Mem:0.00M, Peak:0.00M | Scene, ViewLayer | Synchronizing object | Shin
Fra:1 Mem:17.61M (Peak 17.61M) | Time:00:00.00 | Mem:0.00M, Peak:0.00M | Scene, ViewLayer | Synchronizing object | Boot
Fra:1 Mem:17.67M (Peak 17.67M) | Time:00:00.00 | Mem:0.00M, Peak:0.00M | Scene, ViewLayer | Synchronizing object | Toe plate
Fra:1 Mem:17.69M (Peak 17.69M) | Time:00:00.00 | Mem:0.00M, Peak:0.00M | Scene, ViewLayer | Synchronizing object | Boot trim
Fra:1 Mem:17.72M (Peak 17.72M) | Time:00:00.00 | Mem:0.00M, Peak:0.00M | Scene, ViewLayer | Synchronizing object | Upper sleeve
Fra:1 Mem:17.73M (Peak 17.73M) | Time:00:00.00 | Mem:0.00M, Peak:0.00M | Scene, ViewLayer | Synchronizing object | Rim
Fra:1 Mem:17.71M (Peak 17.73M) | Time:00:00.00 | Mem:0.00M, Peak:0.00M | Scene, ViewLayer | Synchronizing object | Shoulder shell
Fra:1 Mem:17.72M (Peak 17.73M) | Time:00:00.00 | Mem:0.00M, Peak:0.00M | Scene, ViewLayer | Synchronizing object | Glove
Fra:1 Mem:17.73M (Peak 17.73M) | Time:00:00.00 | Mem:0.00M, Peak:0.00M | Scene, ViewLayer | Synchronizing object | Pressure fold
Fra:1 Mem:17.76M (Peak 17.76M) | Time:00:00.00 | Mem:0.00M, Peak:0.00M | Scene, ViewLayer | Synchronizing object | Key
Fra:1 Mem:17.74M (Peak 17.76M) | Time:00:00.00 | Mem:0.00M, Peak:0.00M | Scene, ViewLayer | Synchronizing object | Pressure fold.003
Fra:1 Mem:17.73M (Peak 17.76M) | Time:00:00.00 | Mem:0.00M, Peak:0.00M | Scene, ViewLayer | Synchronizing object | Thigh.001
Fra:1 Mem:17.78M (Peak 17.78M) | Time:00:00.00 | Mem:0.00M, Peak:0.00M | Scene, ViewLayer | Synchronizing object | Knee plate.001
Fra:1 Mem:17.79M (Peak 17.79M) | Time:00:00.00 | Mem:0.00M, Peak:0.00M | Scene, ViewLayer | Synchronizing object | Shin.001
Fra:1 Mem:17.82M (Peak 17.82M) | Time:00:00.00 | Mem:0.00M, Peak:0.00M | Scene, ViewLayer | Synchronizing object | Boot.001
Fra:1 Mem:17.81M (Peak 17.82M) | Time:00:00.00 | Mem:0.00M, Peak:0.00M | Scene, ViewLayer | Synchronizing object | Boot trim.001
Fra:1 Mem:17.84M (Peak 17.84M) | Time:00:00.00 | Mem:0.00M, Peak:0.00M | Scene, ViewLayer | Synchronizing object | Control.002
Fra:1 Mem:17.86M (Peak 17.86M) | Time:00:00.00 | Mem:0.00M, Peak:0.00M | Scene, ViewLayer | Synchronizing object | Upper sleeve.001
Fra:1 Mem:17.94M (Peak 17.94M) | Time:00:00.00 | Mem:0.00M, Peak:0.00M | Scene, ViewLayer | Synchronizing object | Shoulder shell.001
Fra:1 Mem:17.95M (Peak 17.95M) | Time:00:00.00 | Mem:0.00M, Peak:0.00M | Scene, ViewLayer | Synchronizing object | Mission stripe.001
Fra:1 Mem:17.99M (Peak 18.00M) | Time:00:00.00 | Mem:0.00M, Peak:0.00M | Scene, ViewLayer | Synchronizing object | Elbow joint.001
Fra:1 Mem:18.00M (Peak 18.00M) | Time:00:00.00 | Mem:0.00M, Peak:0.00M | Scene, ViewLayer | Synchronizing object | Pressure fold.004
Fra:1 Mem:18.03M (Peak 18.03M) | Time:00:00.00 | Mem:0.00M, Peak:0.00M | Scene, ViewLayer | Synchronizing object | Pressure fold.005
Fra:1 Mem:18.05M (Peak 18.05M) | Time:00:00.00 | Mem:0.00M, Peak:0.00M | Scene, ViewLayer | Synchronizing object | Pressure fold.006
Fra:1 Mem:18.06M (Peak 18.06M) | Time:00:00.00 | Mem:0.00M, Peak:0.00M | Scene, ViewLayer | Synchronizing object | Pack inset
Fra:1 Mem:18.04M (Peak 18.06M) | Time:00:00.00 | Mem:0.00M, Peak:0.00M | Scene, ViewLayer | Synchronizing object | Oxygen cylinder
Fra:1 Mem:18.06M (Peak 18.06M) | Time:00:00.00 | Mem:0.00M, Peak:0.00M | Scene, ViewLayer | Synchronizing object | Display glass
Fra:1 Mem:18.16M (Peak 18.16M) | Time:00:00.00 | Mem:0.00M, Peak:0.00M | Scene, ViewLayer | Synchronizing object | Neck seal
Fra:1 Mem:18.15M (Peak 18.16M) | Time:00:00.00 | Mem:0.00M, Peak:0.00M | Scene, ViewLayer | Synchronizing object | Helmet
Fra:1 Mem:18.17M (Peak 18.17M) | Time:00:00.00 | Mem:0.00M, Peak:0.00M | Scene, ViewLayer | Synchronizing object | Amber visor
Fra:1 Mem:18.18M (Peak 18.18M) | Time:00:00.00 | Mem:0.00M, Peak:0.00M | Scene, ViewLayer | Synchronizing object | Visor warm reflection
Fra:1 Mem:18.21M (Peak 18.21M) | Time:00:00.00 | Mem:0.00M, Peak:0.00M | Scene, ViewLayer | Synchronizing object | Visor glint
Fra:1 Mem:18.20M (Peak 18.21M) | Time:00:00.00 | Mem:0.00M, Peak:0.00M | Scene, ViewLayer | Synchronizing object | Comms housing.001
Fra:1 Mem:18.23M (Peak 18.23M) | Time:00:00.00 | Mem:0.00M, Peak:0.00M | Scene, ViewLayer | Synchronizing object | Chest control unit
Fra:1 Mem:18.31M (Peak 18.31M) | Time:00:00.00 | Mem:0.00M, Peak:0.00M | Scene, ViewLayer | Initializing
Fra:1 Mem:15.10M (Peak 18.31M) | Time:00:00.00 | Mem:0.00M, Peak:0.00M | Scene, ViewLayer | Waiting for render to start
Fra:1 Mem:15.10M (Peak 18.31M) | Time:00:00.00 | Mem:0.00M, Peak:0.00M | Scene, ViewLayer | Updating Scene
Fra:1 Mem:15.10M (Peak 18.31M) | Time:00:00.00 | Mem:0.00M, Peak:0.00M | Scene, ViewLayer | Updating Shaders
Fra:1 Mem:15.10M (Peak 18.31M) | Time:00:00.00 | Mem:0.00M, Peak:0.00M | Scene, ViewLayer | Loading render kernels (may take a few minutes the first time)
Fra:1 Mem:15.19M (Peak 18.31M) | Time:00:00.00 | Mem:0.01M, Peak:0.01M | Scene, ViewLayer | Updating Procedurals
Fra:1 Mem:15.19M (Peak 18.31M) | Time:00:00.00 | Mem:0.01M, Peak:0.01M | Scene, ViewLayer | Updating Background
Fra:1 Mem:15.19M (Peak 18.31M) | Time:00:00.00 | Mem:0.01M, Peak:0.01M | Scene, ViewLayer | Updating Camera
Fra:1 Mem:15.19M (Peak 18.31M) | Time:00:00.00 | Mem:0.01M, Peak:0.01M | Scene, ViewLayer | Updating Meshes Flags
Fra:1 Mem:15.19M (Peak 18.31M) | Time:00:00.00 | Mem:0.01M, Peak:0.01M | Scene, ViewLayer | Updating Objects
Fra:1 Mem:15.19M (Peak 18.31M) | Time:00:00.00 | Mem:0.01M, Peak:0.01M | Scene, ViewLayer | Updating Objects | Copying Transformations to device
Fra:1 Mem:15.20M (Peak 18.31M) | Time:00:00.00 | Mem:0.02M, Peak:0.02M | Scene, ViewLayer | Updating Particle Systems
Fra:1 Mem:15.20M (Peak 18.31M) | Time:00:00.00 | Mem:0.02M, Peak:0.02M | Scene, ViewLayer | Updating Particle Systems | Copying Particles to device
Fra:1 Mem:15.20M (Peak 18.31M) | Time:00:00.00 | Mem:0.02M, Peak:0.02M | Scene, ViewLayer | Updating Meshes
Fra:1 Mem:15.20M (Peak 18.31M) | Time:00:00.00 | Mem:0.02M, Peak:0.02M | Scene, ViewLayer | Updating Objects | Applying Static Transformations
Fra:1 Mem:15.20M (Peak 18.31M) | Time:00:00.00 | Mem:0.02M, Peak:0.02M | Scene, ViewLayer | Updating Mesh | Computing attributes
Fra:1 Mem:15.32M (Peak 18.31M) | Time:00:00.00 | Mem:0.02M, Peak:0.02M | Scene, ViewLayer | Updating Mesh | Copying Attributes to device
Fra:1 Mem:15.31M (Peak 18.31M) | Time:00:00.00 | Mem:0.13M, Peak:0.13M | Scene, ViewLayer | Updating Scene BVH | Building
Fra:1 Mem:15.31M (Peak 18.31M) | Time:00:00.00 | Mem:0.13M, Peak:0.13M | Scene, ViewLayer | Updating Scene BVH | Building BVH
Fra:1 Mem:15.31M (Peak 18.31M) | Time:00:00.00 | Mem:0.45M, Peak:0.45M | Scene, ViewLayer | Updating Scene BVH | Building BVH 0%
Fra:1 Mem:15.31M (Peak 18.31M) | Time:00:00.00 | Mem:0.83M, Peak:1.15M | Scene, ViewLayer | Updating Scene BVH | Copying BVH to device
Fra:1 Mem:15.31M (Peak 18.31M) | Time:00:00.00 | Mem:0.83M, Peak:1.15M | Scene, ViewLayer | Updating Mesh | Computing normals
Fra:1 Mem:15.69M (Peak 18.31M) | Time:00:00.00 | Mem:0.83M, Peak:1.15M | Scene, ViewLayer | Updating Mesh | Copying Mesh to device
Fra:1 Mem:15.69M (Peak 18.31M) | Time:00:00.00 | Mem:1.21M, Peak:1.21M | Scene, ViewLayer | Updating Objects Flags
Fra:1 Mem:15.69M (Peak 18.31M) | Time:00:00.00 | Mem:1.21M, Peak:1.21M | Scene, ViewLayer | Updating Primitive Offsets
Fra:1 Mem:15.69M (Peak 18.31M) | Time:00:00.00 | Mem:1.21M, Peak:1.21M | Scene, ViewLayer | Updating Images
Fra:1 Mem:15.69M (Peak 18.31M) | Time:00:00.00 | Mem:1.21M, Peak:1.21M | Scene, ViewLayer | Updating Camera Volume
Fra:1 Mem:15.69M (Peak 18.31M) | Time:00:00.00 | Mem:1.21M, Peak:1.21M | Scene, ViewLayer | Updating Lookup Tables
Fra:1 Mem:15.69M (Peak 18.31M) | Time:00:00.00 | Mem:1.29M, Peak:1.29M | Scene, ViewLayer | Updating Lights
Fra:1 Mem:15.69M (Peak 18.31M) | Time:00:00.00 | Mem:1.29M, Peak:1.29M | Scene, ViewLayer | Updating Lights | Computing tree
Fra:1 Mem:15.69M (Peak 18.31M) | Time:00:00.00 | Mem:1.29M, Peak:1.29M | Scene, ViewLayer | Updating Integrator
Fra:1 Mem:15.69M (Peak 18.31M) | Time:00:00.00 | Mem:1.29M, Peak:1.29M | Scene, ViewLayer | Updating Film
Fra:1 Mem:15.70M (Peak 18.31M) | Time:00:00.00 | Mem:1.21M, Peak:1.29M | Scene, ViewLayer | Updating Lookup Tables
Fra:1 Mem:15.70M (Peak 18.31M) | Time:00:00.00 | Mem:1.30M, Peak:1.30M | Scene, ViewLayer | Updating Baking
Fra:1 Mem:15.70M (Peak 18.31M) | Time:00:00.00 | Mem:1.30M, Peak:1.30M | Scene, ViewLayer | Updating Device | Writing constant memory
Fra:1 Mem:15.70M (Peak 18.31M) | Time:00:00.00 | Mem:1.30M, Peak:1.30M | Scene, ViewLayer | Loading denoising kernels (may take a few minutes the first time)
Fra:1 Mem:15.70M (Peak 18.31M) | Time:00:00.00 | Mem:1.30M, Peak:1.30M | Scene, ViewLayer | Sample 0/32
Fra:1 Mem:21.80M (Peak 21.80M) | Time:00:00.00 | Remaining:00:00.11 | Mem:7.23M, Peak:7.23M | Scene, ViewLayer | Sample 1/32
Fra:1 Mem:24.30M (Peak 28.05M) | Time:00:00.24 | Mem:7.23M, Peak:7.23M | Scene, ViewLayer | Sample 32/32
Fra:1 Mem:24.30M (Peak 28.05M) | Time:00:00.24 | Mem:7.23M, Peak:7.23M | Scene, ViewLayer | Finished
Saved: '/Users/al/git/Starbase2/.local/character-frames/eva/left-8.png'
Time: 00:00.25 (Saving: 00:00.00)

Fra:1 Mem:17.48M (Peak 17.48M) | Time:00:00.00 | Mem:0.00M, Peak:0.00M | Scene, ViewLayer | Synchronizing object | Pressure torso
Fra:1 Mem:17.48M (Peak 17.48M) | Time:00:00.00 | Mem:0.00M, Peak:0.00M | Scene, ViewLayer | Synchronizing object | Belt pouch
Fra:1 Mem:17.50M (Peak 17.50M) | Time:00:00.00 | Mem:0.00M, Peak:0.00M | Scene, ViewLayer | Synchronizing object | Shin
Fra:1 Mem:17.64M (Peak 17.64M) | Time:00:00.00 | Mem:0.00M, Peak:0.00M | Scene, ViewLayer | Synchronizing object | Boot
Fra:1 Mem:17.66M (Peak 17.66M) | Time:00:00.00 | Mem:0.00M, Peak:0.00M | Scene, ViewLayer | Synchronizing object | Toe plate
Fra:1 Mem:17.69M (Peak 17.69M) | Time:00:00.00 | Mem:0.00M, Peak:0.00M | Scene, ViewLayer | Synchronizing object | Upper sleeve
Fra:1 Mem:17.69M (Peak 17.69M) | Time:00:00.00 | Mem:0.00M, Peak:0.00M | Scene, ViewLayer | Synchronizing object | Rim
Fra:1 Mem:17.70M (Peak 17.70M) | Time:00:00.00 | Mem:0.00M, Peak:0.00M | Scene, ViewLayer | Synchronizing object | Shoulder shell
Fra:1 Mem:17.72M (Peak 17.72M) | Time:00:00.00 | Mem:0.00M, Peak:0.00M | Scene, ViewLayer | Synchronizing object | Elbow joint
Fra:1 Mem:17.73M (Peak 17.73M) | Time:00:00.00 | Mem:0.00M, Peak:0.00M | Scene, ViewLayer | Synchronizing object | Gauntlet
Fra:1 Mem:17.74M (Peak 17.74M) | Time:00:00.00 | Mem:0.00M, Peak:0.00M | Scene, ViewLayer | Synchronizing object | Glove
Fra:1 Mem:17.77M (Peak 17.77M) | Time:00:00.00 | Mem:0.00M, Peak:0.00M | Scene, ViewLayer | Synchronizing object | Wrist display
Fra:1 Mem:17.75M (Peak 17.77M) | Time:00:00.00 | Mem:0.00M, Peak:0.00M | Scene, ViewLayer | Synchronizing object | Pressure fold.002
Fra:1 Mem:17.71M (Peak 17.77M) | Time:00:00.00 | Mem:0.00M, Peak:0.00M | Scene, ViewLayer | Synchronizing object | Pressure fold.003
Fra:1 Mem:17.75M (Peak 17.77M) | Time:00:00.00 | Mem:0.00M, Peak:0.00M | Scene, ViewLayer | Synchronizing object | Thigh.001
Fra:1 Mem:17.75M (Peak 17.77M) | Time:00:00.00 | Mem:0.00M, Peak:0.00M | Scene, ViewLayer | Synchronizing object | Knee gasket.001
Fra:1 Mem:17.78M (Peak 17.78M) | Time:00:00.00 | Mem:0.00M, Peak:0.00M | Scene, ViewLayer | Synchronizing object | Shin.001
Fra:1 Mem:17.82M (Peak 17.82M) | Time:00:00.00 | Mem:0.00M, Peak:0.00M | Scene, ViewLayer | Synchronizing object | Boot trim.001
Fra:1 Mem:17.83M (Peak 17.83M) | Time:00:00.00 | Mem:0.00M, Peak:0.00M | Scene, ViewLayer | Synchronizing object | Control.002
Fra:1 Mem:17.83M (Peak 17.83M) | Time:00:00.00 | Mem:0.00M, Peak:0.00M | Scene, ViewLayer | Synchronizing object | Upper sleeve.001
Fra:1 Mem:17.87M (Peak 17.87M) | Time:00:00.00 | Mem:0.00M, Peak:0.00M | Scene, ViewLayer | Synchronizing object | Shoulder shell.001
Fra:1 Mem:17.87M (Peak 17.87M) | Time:00:00.00 | Mem:0.00M, Peak:0.00M | Scene, ViewLayer | Synchronizing object | Mission stripe.001
Fra:1 Mem:17.91M (Peak 17.91M) | Time:00:00.00 | Mem:0.00M, Peak:0.00M | Scene, ViewLayer | Synchronizing object | Glove.001
Fra:1 Mem:17.98M (Peak 17.98M) | Time:00:00.00 | Mem:0.00M, Peak:0.00M | Scene, ViewLayer | Synchronizing object | Control.001
Fra:1 Mem:17.98M (Peak 17.98M) | Time:00:00.00 | Mem:0.00M, Peak:0.00M | Scene, ViewLayer | Synchronizing object | Control
Fra:1 Mem:18.01M (Peak 18.01M) | Time:00:00.00 | Mem:0.00M, Peak:0.00M | Scene, ViewLayer | Synchronizing object | Wrist display.001
Fra:1 Mem:18.06M (Peak 18.06M) | Time:00:00.00 | Mem:0.00M, Peak:0.00M | Scene, ViewLayer | Synchronizing object | Pressure fold.004
Fra:1 Mem:18.09M (Peak 18.09M) | Time:00:00.00 | Mem:0.00M, Peak:0.00M | Scene, ViewLayer | Synchronizing object | Pressure fold.005
Fra:1 Mem:18.11M (Peak 18.11M) | Time:00:00.00 | Mem:0.00M, Peak:0.00M | Scene, ViewLayer | Synchronizing object | Pressure fold.006
Fra:1 Mem:18.11M (Peak 18.11M) | Time:00:00.00 | Mem:0.00M, Peak:0.00M | Scene, ViewLayer | Synchronizing object | Pack inset
Fra:1 Mem:18.18M (Peak 18.18M) | Time:00:00.00 | Mem:0.00M, Peak:0.00M | Scene, ViewLayer | Synchronizing object | Telemetry display
Fra:1 Mem:18.16M (Peak 18.18M) | Time:00:00.00 | Mem:0.00M, Peak:0.00M | Scene, ViewLayer | Synchronizing object | Oxygen cylinder.001
Fra:1 Mem:18.21M (Peak 18.21M) | Time:00:00.00 | Mem:0.00M, Peak:0.00M | Scene, ViewLayer | Synchronizing object | Visor seal
Fra:1 Mem:18.22M (Peak 18.22M) | Time:00:00.00 | Mem:0.00M, Peak:0.00M | Scene, ViewLayer | Synchronizing object | Visor glint
Fra:1 Mem:18.24M (Peak 18.24M) | Time:00:00.00 | Mem:0.00M, Peak:0.00M | Scene, ViewLayer | Synchronizing object | Chest control unit
Fra:1 Mem:18.23M (Peak 18.24M) | Time:00:00.00 | Mem:0.00M, Peak:0.00M | Scene, ViewLayer | Synchronizing object | Comms housing.001
Fra:1 Mem:18.31M (Peak 18.31M) | Time:00:00.00 | Mem:0.00M, Peak:0.00M | Scene, ViewLayer | Initializing
Fra:1 Mem:15.10M (Peak 18.31M) | Time:00:00.00 | Mem:0.00M, Peak:0.00M | Scene, ViewLayer | Waiting for render to start
Fra:1 Mem:15.10M (Peak 18.31M) | Time:00:00.00 | Mem:0.00M, Peak:0.00M | Scene, ViewLayer | Updating Scene
Fra:1 Mem:15.10M (Peak 18.31M) | Time:00:00.00 | Mem:0.00M, Peak:0.00M | Scene, ViewLayer | Updating Shaders
Fra:1 Mem:15.10M (Peak 18.31M) | Time:00:00.00 | Mem:0.00M, Peak:0.00M | Scene, ViewLayer | Loading render kernels (may take a few minutes the first time)
Fra:1 Mem:15.19M (Peak 18.31M) | Time:00:00.00 | Mem:0.01M, Peak:0.01M | Scene, ViewLayer | Updating Procedurals
Fra:1 Mem:15.19M (Peak 18.31M) | Time:00:00.00 | Mem:0.01M, Peak:0.01M | Scene, ViewLayer | Updating Background
Fra:1 Mem:15.19M (Peak 18.31M) | Time:00:00.00 | Mem:0.01M, Peak:0.01M | Scene, ViewLayer | Updating Camera
Fra:1 Mem:15.19M (Peak 18.31M) | Time:00:00.00 | Mem:0.01M, Peak:0.01M | Scene, ViewLayer | Updating Meshes Flags
Fra:1 Mem:15.19M (Peak 18.31M) | Time:00:00.00 | Mem:0.01M, Peak:0.01M | Scene, ViewLayer | Updating Objects
Fra:1 Mem:15.19M (Peak 18.31M) | Time:00:00.00 | Mem:0.01M, Peak:0.01M | Scene, ViewLayer | Updating Objects | Copying Transformations to device
Fra:1 Mem:15.20M (Peak 18.31M) | Time:00:00.00 | Mem:0.02M, Peak:0.02M | Scene, ViewLayer | Updating Particle Systems
Fra:1 Mem:15.20M (Peak 18.31M) | Time:00:00.00 | Mem:0.02M, Peak:0.02M | Scene, ViewLayer | Updating Particle Systems | Copying Particles to device
Fra:1 Mem:15.20M (Peak 18.31M) | Time:00:00.00 | Mem:0.02M, Peak:0.02M | Scene, ViewLayer | Updating Meshes
Fra:1 Mem:15.20M (Peak 18.31M) | Time:00:00.00 | Mem:0.02M, Peak:0.02M | Scene, ViewLayer | Updating Objects | Applying Static Transformations
Fra:1 Mem:15.20M (Peak 18.31M) | Time:00:00.00 | Mem:0.02M, Peak:0.02M | Scene, ViewLayer | Updating Mesh | Computing attributes
Fra:1 Mem:15.32M (Peak 18.31M) | Time:00:00.00 | Mem:0.02M, Peak:0.02M | Scene, ViewLayer | Updating Mesh | Copying Attributes to device
Fra:1 Mem:15.31M (Peak 18.31M) | Time:00:00.00 | Mem:0.13M, Peak:0.13M | Scene, ViewLayer | Updating Scene BVH | Building
Fra:1 Mem:15.31M (Peak 18.31M) | Time:00:00.00 | Mem:0.13M, Peak:0.13M | Scene, ViewLayer | Updating Scene BVH | Building BVH
Fra:1 Mem:15.31M (Peak 18.31M) | Time:00:00.00 | Mem:0.45M, Peak:0.45M | Scene, ViewLayer | Updating Scene BVH | Building BVH 0%
Fra:1 Mem:15.31M (Peak 18.31M) | Time:00:00.00 | Mem:0.83M, Peak:1.15M | Scene, ViewLayer | Updating Scene BVH | Copying BVH to device
Fra:1 Mem:15.31M (Peak 18.31M) | Time:00:00.00 | Mem:0.83M, Peak:1.15M | Scene, ViewLayer | Updating Mesh | Computing normals
Fra:1 Mem:15.69M (Peak 18.31M) | Time:00:00.00 | Mem:0.83M, Peak:1.15M | Scene, ViewLayer | Updating Mesh | Copying Mesh to device
Fra:1 Mem:15.69M (Peak 18.31M) | Time:00:00.00 | Mem:1.21M, Peak:1.21M | Scene, ViewLayer | Updating Objects Flags
Fra:1 Mem:15.69M (Peak 18.31M) | Time:00:00.00 | Mem:1.21M, Peak:1.21M | Scene, ViewLayer | Updating Primitive Offsets
Fra:1 Mem:15.69M (Peak 18.31M) | Time:00:00.00 | Mem:1.21M, Peak:1.21M | Scene, ViewLayer | Updating Images
Fra:1 Mem:15.69M (Peak 18.31M) | Time:00:00.00 | Mem:1.21M, Peak:1.21M | Scene, ViewLayer | Updating Camera Volume
Fra:1 Mem:15.69M (Peak 18.31M) | Time:00:00.00 | Mem:1.21M, Peak:1.21M | Scene, ViewLayer | Updating Lookup Tables
Fra:1 Mem:15.69M (Peak 18.31M) | Time:00:00.00 | Mem:1.29M, Peak:1.29M | Scene, ViewLayer | Updating Lights
Fra:1 Mem:15.69M (Peak 18.31M) | Time:00:00.00 | Mem:1.29M, Peak:1.29M | Scene, ViewLayer | Updating Lights | Computing tree
Fra:1 Mem:15.69M (Peak 18.31M) | Time:00:00.00 | Mem:1.29M, Peak:1.29M | Scene, ViewLayer | Updating Integrator
Fra:1 Mem:15.69M (Peak 18.31M) | Time:00:00.00 | Mem:1.29M, Peak:1.29M | Scene, ViewLayer | Updating Film
Fra:1 Mem:15.70M (Peak 18.31M) | Time:00:00.00 | Mem:1.21M, Peak:1.29M | Scene, ViewLayer | Updating Lookup Tables
Fra:1 Mem:15.70M (Peak 18.31M) | Time:00:00.00 | Mem:1.30M, Peak:1.30M | Scene, ViewLayer | Updating Baking
Fra:1 Mem:15.70M (Peak 18.31M) | Time:00:00.00 | Mem:1.30M, Peak:1.30M | Scene, ViewLayer | Updating Device | Writing constant memory
Fra:1 Mem:15.70M (Peak 18.31M) | Time:00:00.00 | Mem:1.30M, Peak:1.30M | Scene, ViewLayer | Loading denoising kernels (may take a few minutes the first time)
Fra:1 Mem:15.70M (Peak 18.31M) | Time:00:00.00 | Mem:1.30M, Peak:1.30M | Scene, ViewLayer | Sample 0/32
Fra:1 Mem:21.80M (Peak 21.80M) | Time:00:00.00 | Remaining:00:00.09 | Mem:7.23M, Peak:7.23M | Scene, ViewLayer | Sample 1/32
Fra:1 Mem:24.30M (Peak 28.05M) | Time:00:00.23 | Mem:7.23M, Peak:7.23M | Scene, ViewLayer | Sample 32/32
Fra:1 Mem:24.30M (Peak 28.05M) | Time:00:00.23 | Mem:7.23M, Peak:7.23M | Scene, ViewLayer | Finished
Saved: '/Users/al/git/Starbase2/.local/character-frames/eva/right-0.png'
Time: 00:00.23 (Saving: 00:00.00)

Fra:1 Mem:17.48M (Peak 17.48M) | Time:00:00.00 | Mem:0.00M, Peak:0.00M | Scene, ViewLayer | Synchronizing object | Pressure torso
Fra:1 Mem:17.48M (Peak 17.48M) | Time:00:00.00 | Mem:0.00M, Peak:0.00M | Scene, ViewLayer | Synchronizing object | Knee plate
Fra:1 Mem:17.51M (Peak 17.51M) | Time:00:00.00 | Mem:0.00M, Peak:0.00M | Scene, ViewLayer | Synchronizing object | Shin
Fra:1 Mem:17.57M (Peak 17.57M) | Time:00:00.00 | Mem:0.00M, Peak:0.00M | Scene, ViewLayer | Synchronizing object | Boot
Fra:1 Mem:17.64M (Peak 17.65M) | Time:00:00.00 | Mem:0.00M, Peak:0.00M | Scene, ViewLayer | Synchronizing object | Toe plate
Fra:1 Mem:17.69M (Peak 17.69M) | Time:00:00.00 | Mem:0.00M, Peak:0.00M | Scene, ViewLayer | Synchronizing object | Boot trim
Fra:1 Mem:17.77M (Peak 17.77M) | Time:00:00.00 | Mem:0.00M, Peak:0.00M | Scene, ViewLayer | Synchronizing object | Upper sleeve
Fra:1 Mem:17.76M (Peak 17.77M) | Time:00:00.00 | Mem:0.00M, Peak:0.00M | Scene, ViewLayer | Synchronizing object | Rim
Fra:1 Mem:17.76M (Peak 17.77M) | Time:00:00.00 | Mem:0.00M, Peak:0.00M | Scene, ViewLayer | Synchronizing object | Key
Fra:1 Mem:17.73M (Peak 17.77M) | Time:00:00.00 | Mem:0.00M, Peak:0.00M | Scene, ViewLayer | Synchronizing object | Control.002
Fra:1 Mem:17.71M (Peak 17.77M) | Time:00:00.00 | Mem:0.00M, Peak:0.00M | Scene, ViewLayer | Synchronizing object | Gauntlet
Fra:1 Mem:17.75M (Peak 17.77M) | Time:00:00.00 | Mem:0.00M, Peak:0.00M | Scene, ViewLayer | Synchronizing object | Control.001
Fra:1 Mem:17.73M (Peak 17.77M) | Time:00:00.00 | Mem:0.00M, Peak:0.00M | Scene, ViewLayer | Synchronizing object | Pressure fold
Fra:1 Mem:17.74M (Peak 17.77M) | Time:00:00.00 | Mem:0.00M, Peak:0.00M | Scene, ViewLayer | Synchronizing object | Pressure fold.002
Fra:1 Mem:17.78M (Peak 17.78M) | Time:00:00.00 | Mem:0.00M, Peak:0.00M | Scene, ViewLayer | Synchronizing object | Pressure fold.003
Fra:1 Mem:17.77M (Peak 17.78M) | Time:00:00.00 | Mem:0.00M, Peak:0.00M | Scene, ViewLayer | Synchronizing object | Knee gasket.001
Fra:1 Mem:17.80M (Peak 17.80M) | Time:00:00.00 | Mem:0.00M, Peak:0.00M | Scene, ViewLayer | Synchronizing object | Knee plate.001
Fra:1 Mem:17.84M (Peak 17.84M) | Time:00:00.00 | Mem:0.00M, Peak:0.00M | Scene, ViewLayer | Synchronizing object | Shin.001
Fra:1 Mem:17.87M (Peak 17.87M) | Time:00:00.00 | Mem:0.00M, Peak:0.00M | Scene, ViewLayer | Synchronizing object | Boot.001
Fra:1 Mem:17.88M (Peak 17.88M) | Time:00:00.00 | Mem:0.00M, Peak:0.00M | Scene, ViewLayer | Synchronizing object | Shoulder shell.001
Fra:1 Mem:17.91M (Peak 17.91M) | Time:00:00.00 | Mem:0.00M, Peak:0.00M | Scene, ViewLayer | Synchronizing object | Mission stripe.001
Fra:1 Mem:17.92M (Peak 17.92M) | Time:00:00.00 | Mem:0.00M, Peak:0.00M | Scene, ViewLayer | Synchronizing object | Elbow joint.001
Fra:1 Mem:17.93M (Peak 17.93M) | Time:00:00.00 | Mem:0.00M, Peak:0.00M | Scene, ViewLayer | Synchronizing object | Gauntlet.001
Fra:1 Mem:17.96M (Peak 17.96M) | Time:00:00.00 | Mem:0.00M, Peak:0.00M | Scene, ViewLayer | Synchronizing object | Glove.001
Fra:1 Mem:17.97M (Peak 17.97M) | Time:00:00.00 | Mem:0.00M, Peak:0.00M | Scene, ViewLayer | Synchronizing object | Wrist display.001
Fra:1 Mem:18.00M (Peak 18.00M) | Time:00:00.00 | Mem:0.00M, Peak:0.00M | Scene, ViewLayer | Synchronizing object | Pressure fold.004
Fra:1 Mem:18.05M (Peak 18.05M) | Time:00:00.00 | Mem:0.00M, Peak:0.00M | Scene, ViewLayer | Synchronizing object | Pressure fold.005
Fra:1 Mem:18.03M (Peak 18.05M) | Time:00:00.00 | Mem:0.00M, Peak:0.00M | Scene, ViewLayer | Synchronizing object | Pressure fold.006
Fra:1 Mem:18.07M (Peak 18.07M) | Time:00:00.00 | Mem:0.00M, Peak:0.00M | Scene, ViewLayer | Synchronizing object | Pressure fold.007
Fra:1 Mem:18.08M (Peak 18.08M) | Time:00:00.00 | Mem:0.00M, Peak:0.00M | Scene, ViewLayer | Synchronizing object | Life support pack
Fra:1 Mem:18.09M (Peak 18.09M) | Time:00:00.00 | Mem:0.00M, Peak:0.00M | Scene, ViewLayer | Synchronizing object | Oxygen cylinder.001
Fra:1 Mem:18.14M (Peak 18.14M) | Time:00:00.00 | Mem:0.00M, Peak:0.00M | Scene, ViewLayer | Synchronizing object | Neck seal
Fra:1 Mem:18.15M (Peak 18.15M) | Time:00:00.00 | Mem:0.00M, Peak:0.00M | Scene, ViewLayer | Synchronizing object | Visor warm reflection
Fra:1 Mem:18.15M (Peak 18.15M) | Time:00:00.00 | Mem:0.00M, Peak:0.00M | Scene, ViewLayer | Synchronizing object | Visor glint
Fra:1 Mem:18.21M (Peak 18.21M) | Time:00:00.00 | Mem:0.00M, Peak:0.00M | Scene, ViewLayer | Synchronizing object | Comms housing
Fra:1 Mem:18.26M (Peak 18.26M) | Time:00:00.00 | Mem:0.00M, Peak:0.00M | Scene, ViewLayer | Synchronizing object | Comms housing.001
Fra:1 Mem:18.31M (Peak 18.31M) | Time:00:00.00 | Mem:0.00M, Peak:0.00M | Scene, ViewLayer | Synchronizing object | Telemetry display
Fra:1 Mem:18.30M (Peak 18.31M) | Time:00:00.00 | Mem:0.00M, Peak:0.00M | Scene, ViewLayer | Synchronizing object | Chest control unit
Fra:1 Mem:18.31M (Peak 18.31M) | Time:00:00.00 | Mem:0.00M, Peak:0.00M | Scene, ViewLayer | Initializing
Fra:1 Mem:15.10M (Peak 18.31M) | Time:00:00.00 | Mem:0.00M, Peak:0.00M | Scene, ViewLayer | Waiting for render to start
Fra:1 Mem:15.10M (Peak 18.31M) | Time:00:00.00 | Mem:0.00M, Peak:0.00M | Scene, ViewLayer | Updating Scene
Fra:1 Mem:15.10M (Peak 18.31M) | Time:00:00.00 | Mem:0.00M, Peak:0.00M | Scene, ViewLayer | Updating Shaders
Fra:1 Mem:15.10M (Peak 18.31M) | Time:00:00.00 | Mem:0.00M, Peak:0.00M | Scene, ViewLayer | Loading render kernels (may take a few minutes the first time)
Fra:1 Mem:15.19M (Peak 18.31M) | Time:00:00.00 | Mem:0.01M, Peak:0.01M | Scene, ViewLayer | Updating Procedurals
Fra:1 Mem:15.19M (Peak 18.31M) | Time:00:00.00 | Mem:0.01M, Peak:0.01M | Scene, ViewLayer | Updating Background
Fra:1 Mem:15.19M (Peak 18.31M) | Time:00:00.00 | Mem:0.01M, Peak:0.01M | Scene, ViewLayer | Updating Camera
Fra:1 Mem:15.19M (Peak 18.31M) | Time:00:00.00 | Mem:0.01M, Peak:0.01M | Scene, ViewLayer | Updating Meshes Flags
Fra:1 Mem:15.19M (Peak 18.31M) | Time:00:00.00 | Mem:0.01M, Peak:0.01M | Scene, ViewLayer | Updating Objects
Fra:1 Mem:15.19M (Peak 18.31M) | Time:00:00.00 | Mem:0.01M, Peak:0.01M | Scene, ViewLayer | Updating Objects | Copying Transformations to device
Fra:1 Mem:15.20M (Peak 18.31M) | Time:00:00.00 | Mem:0.02M, Peak:0.02M | Scene, ViewLayer | Updating Particle Systems
Fra:1 Mem:15.20M (Peak 18.31M) | Time:00:00.00 | Mem:0.02M, Peak:0.02M | Scene, ViewLayer | Updating Particle Systems | Copying Particles to device
Fra:1 Mem:15.20M (Peak 18.31M) | Time:00:00.00 | Mem:0.02M, Peak:0.02M | Scene, ViewLayer | Updating Meshes
Fra:1 Mem:15.20M (Peak 18.31M) | Time:00:00.00 | Mem:0.02M, Peak:0.02M | Scene, ViewLayer | Updating Objects | Applying Static Transformations
Fra:1 Mem:15.20M (Peak 18.31M) | Time:00:00.00 | Mem:0.02M, Peak:0.02M | Scene, ViewLayer | Updating Mesh | Computing attributes
Fra:1 Mem:15.32M (Peak 18.31M) | Time:00:00.00 | Mem:0.02M, Peak:0.02M | Scene, ViewLayer | Updating Mesh | Copying Attributes to device
Fra:1 Mem:15.31M (Peak 18.31M) | Time:00:00.00 | Mem:0.13M, Peak:0.13M | Scene, ViewLayer | Updating Scene BVH | Building
Fra:1 Mem:15.31M (Peak 18.31M) | Time:00:00.00 | Mem:0.13M, Peak:0.13M | Scene, ViewLayer | Updating Scene BVH | Building BVH
Fra:1 Mem:15.31M (Peak 18.31M) | Time:00:00.00 | Mem:0.80M, Peak:1.12M | Scene, ViewLayer | Updating Scene BVH | Copying BVH to device
Fra:1 Mem:15.31M (Peak 18.31M) | Time:00:00.00 | Mem:0.80M, Peak:1.12M | Scene, ViewLayer | Updating Mesh | Computing normals
Fra:1 Mem:15.69M (Peak 18.31M) | Time:00:00.00 | Mem:0.80M, Peak:1.12M | Scene, ViewLayer | Updating Mesh | Copying Mesh to device
Fra:1 Mem:15.69M (Peak 18.31M) | Time:00:00.00 | Mem:1.18M, Peak:1.18M | Scene, ViewLayer | Updating Objects Flags
Fra:1 Mem:15.69M (Peak 18.31M) | Time:00:00.00 | Mem:1.18M, Peak:1.18M | Scene, ViewLayer | Updating Primitive Offsets
Fra:1 Mem:15.69M (Peak 18.31M) | Time:00:00.00 | Mem:1.18M, Peak:1.18M | Scene, ViewLayer | Updating Images
Fra:1 Mem:15.69M (Peak 18.31M) | Time:00:00.00 | Mem:1.18M, Peak:1.18M | Scene, ViewLayer | Updating Camera Volume
Fra:1 Mem:15.69M (Peak 18.31M) | Time:00:00.00 | Mem:1.18M, Peak:1.18M | Scene, ViewLayer | Updating Lookup Tables
Fra:1 Mem:15.69M (Peak 18.31M) | Time:00:00.00 | Mem:1.26M, Peak:1.26M | Scene, ViewLayer | Updating Lights
Fra:1 Mem:15.69M (Peak 18.31M) | Time:00:00.00 | Mem:1.26M, Peak:1.26M | Scene, ViewLayer | Updating Lights | Computing tree
Fra:1 Mem:15.69M (Peak 18.31M) | Time:00:00.00 | Mem:1.26M, Peak:1.26M | Scene, ViewLayer | Updating Integrator
Fra:1 Mem:15.69M (Peak 18.31M) | Time:00:00.00 | Mem:1.26M, Peak:1.26M | Scene, ViewLayer | Updating Film
Fra:1 Mem:15.70M (Peak 18.31M) | Time:00:00.00 | Mem:1.18M, Peak:1.26M | Scene, ViewLayer | Updating Lookup Tables
Fra:1 Mem:15.70M (Peak 18.31M) | Time:00:00.00 | Mem:1.26M, Peak:1.26M | Scene, ViewLayer | Updating Baking
Fra:1 Mem:15.70M (Peak 18.31M) | Time:00:00.00 | Mem:1.26M, Peak:1.26M | Scene, ViewLayer | Updating Device | Writing constant memory
Fra:1 Mem:15.70M (Peak 18.31M) | Time:00:00.00 | Mem:1.26M, Peak:1.26M | Scene, ViewLayer | Loading denoising kernels (may take a few minutes the first time)
Fra:1 Mem:15.70M (Peak 18.31M) | Time:00:00.00 | Mem:1.26M, Peak:1.26M | Scene, ViewLayer | Sample 0/32
Fra:1 Mem:21.80M (Peak 21.80M) | Time:00:00.00 | Remaining:00:00.10 | Mem:7.20M, Peak:7.20M | Scene, ViewLayer | Sample 1/32
Fra:1 Mem:24.30M (Peak 28.05M) | Time:00:00.24 | Mem:7.20M, Peak:7.20M | Scene, ViewLayer | Sample 32/32
Fra:1 Mem:24.30M (Peak 28.05M) | Time:00:00.24 | Mem:7.20M, Peak:7.20M | Scene, ViewLayer | Finished
Saved: '/Users/al/git/Starbase2/.local/character-frames/eva/right-1.png'
Time: 00:00.24 (Saving: 00:00.00)

Fra:1 Mem:17.48M (Peak 17.48M) | Time:00:00.00 | Mem:0.00M, Peak:0.00M | Scene, ViewLayer | Synchronizing object | Pressure torso
Fra:1 Mem:17.49M (Peak 17.49M) | Time:00:00.00 | Mem:0.00M, Peak:0.00M | Scene, ViewLayer | Synchronizing object | Knee plate
Fra:1 Mem:17.50M (Peak 17.50M) | Time:00:00.00 | Mem:0.00M, Peak:0.00M | Scene, ViewLayer | Synchronizing object | Shin
Fra:1 Mem:17.56M (Peak 17.56M) | Time:00:00.00 | Mem:0.00M, Peak:0.00M | Scene, ViewLayer | Synchronizing object | Boot
Fra:1 Mem:17.61M (Peak 17.61M) | Time:00:00.00 | Mem:0.00M, Peak:0.00M | Scene, ViewLayer | Synchronizing object | Toe plate
Fra:1 Mem:17.61M (Peak 17.61M) | Time:00:00.00 | Mem:0.00M, Peak:0.00M | Scene, ViewLayer | Synchronizing object | Boot trim
Fra:1 Mem:17.63M (Peak 17.63M) | Time:00:00.00 | Mem:0.00M, Peak:0.00M | Scene, ViewLayer | Synchronizing object | Upper sleeve
Fra:1 Mem:17.65M (Peak 17.65M) | Time:00:00.00 | Mem:0.00M, Peak:0.00M | Scene, ViewLayer | Synchronizing object | Shoulder shell
Fra:1 Mem:17.68M (Peak 17.68M) | Time:00:00.00 | Mem:0.00M, Peak:0.00M | Scene, ViewLayer | Synchronizing object | Elbow joint
Fra:1 Mem:17.67M (Peak 17.68M) | Time:00:00.00 | Mem:0.00M, Peak:0.00M | Scene, ViewLayer | Synchronizing object | Gauntlet
Fra:1 Mem:17.70M (Peak 17.70M) | Time:00:00.00 | Mem:0.00M, Peak:0.00M | Scene, ViewLayer | Synchronizing object | Glove
Fra:1 Mem:17.71M (Peak 17.71M) | Time:00:00.00 | Mem:0.00M, Peak:0.00M | Scene, ViewLayer | Synchronizing object | Wrist display
Fra:1 Mem:17.72M (Peak 17.72M) | Time:00:00.00 | Mem:0.00M, Peak:0.00M | Scene, ViewLayer | Synchronizing object | Key
Fra:1 Mem:17.71M (Peak 17.72M) | Time:00:00.00 | Mem:0.00M, Peak:0.00M | Scene, ViewLayer | Synchronizing object | Control.002
Fra:1 Mem:17.70M (Peak 17.72M) | Time:00:00.00 | Mem:0.00M, Peak:0.00M | Scene, ViewLayer | Synchronizing object | Pressure fold
Fra:1 Mem:17.73M (Peak 17.73M) | Time:00:00.00 | Mem:0.00M, Peak:0.00M | Scene, ViewLayer | Synchronizing object | Pressure fold.001
Fra:1 Mem:17.71M (Peak 17.73M) | Time:00:00.00 | Mem:0.00M, Peak:0.00M | Scene, ViewLayer | Synchronizing object | Control.001
Fra:1 Mem:17.75M (Peak 17.75M) | Time:00:00.00 | Mem:0.00M, Peak:0.00M | Scene, ViewLayer | Synchronizing object | Pressure fold.002
Fra:1 Mem:17.76M (Peak 17.76M) | Time:00:00.00 | Mem:0.00M, Peak:0.00M | Scene, ViewLayer | Synchronizing object | Pressure fold.003
Fra:1 Mem:17.77M (Peak 17.77M) | Time:00:00.00 | Mem:0.00M, Peak:0.00M | Scene, ViewLayer | Synchronizing object | Thigh.001
Fra:1 Mem:17.81M (Peak 17.81M) | Time:00:00.00 | Mem:0.00M, Peak:0.00M | Scene, ViewLayer | Synchronizing object | Knee gasket.001
Fra:1 Mem:17.82M (Peak 17.82M) | Time:00:00.00 | Mem:0.00M, Peak:0.00M | Scene, ViewLayer | Synchronizing object | Knee plate.001
Fra:1 Mem:17.83M (Peak 17.83M) | Time:00:00.00 | Mem:0.00M, Peak:0.00M | Scene, ViewLayer | Synchronizing object | Shin.001
Fra:1 Mem:17.84M (Peak 17.84M) | Time:00:00.00 | Mem:0.00M, Peak:0.00M | Scene, ViewLayer | Synchronizing object | Toe plate.001
Fra:1 Mem:17.85M (Peak 17.85M) | Time:00:00.00 | Mem:0.00M, Peak:0.00M | Scene, ViewLayer | Synchronizing object | Control
Fra:1 Mem:17.88M (Peak 17.88M) | Time:00:00.00 | Mem:0.00M, Peak:0.00M | Scene, ViewLayer | Synchronizing object | Upper sleeve.001
Fra:1 Mem:17.91M (Peak 17.91M) | Time:00:00.00 | Mem:0.00M, Peak:0.00M | Scene, ViewLayer | Synchronizing object | Display glass
Fra:1 Mem:17.92M (Peak 17.92M) | Time:00:00.00 | Mem:0.00M, Peak:0.00M | Scene, ViewLayer | Synchronizing object | Mission stripe.001
Fra:1 Mem:17.92M (Peak 17.92M) | Time:00:00.00 | Mem:0.00M, Peak:0.00M | Scene, ViewLayer | Synchronizing object | Elbow joint.001
Fra:1 Mem:17.97M (Peak 17.97M) | Time:00:00.00 | Mem:0.00M, Peak:0.00M | Scene, ViewLayer | Synchronizing object | Gauntlet.001
Fra:1 Mem:18.00M (Peak 18.00M) | Time:00:00.00 | Mem:0.00M, Peak:0.00M | Scene, ViewLayer | Synchronizing object | Glove.001
Fra:1 Mem:18.01M (Peak 18.01M) | Time:00:00.00 | Mem:0.00M, Peak:0.00M | Scene, ViewLayer | Synchronizing object | Wrist display.001
Fra:1 Mem:18.03M (Peak 18.03M) | Time:00:00.00 | Mem:0.00M, Peak:0.00M | Scene, ViewLayer | Synchronizing object | Pressure fold.005
Fra:1 Mem:18.01M (Peak 18.03M) | Time:00:00.00 | Mem:0.00M, Peak:0.00M | Scene, ViewLayer | Synchronizing object | Pressure fold.006
Fra:1 Mem:18.08M (Peak 18.08M) | Time:00:00.00 | Mem:0.00M, Peak:0.00M | Scene, ViewLayer | Synchronizing object | Pressure fold.007
Fra:1 Mem:18.06M (Peak 18.08M) | Time:00:00.00 | Mem:0.00M, Peak:0.00M | Scene, ViewLayer | Synchronizing object | Telemetry display
Fra:1 Mem:18.07M (Peak 18.08M) | Time:00:00.00 | Mem:0.00M, Peak:0.00M | Scene, ViewLayer | Synchronizing object | Oxygen cylinder.001
Fra:1 Mem:18.07M (Peak 18.08M) | Time:00:00.00 | Mem:0.00M, Peak:0.00M | Scene, ViewLayer | Synchronizing object | Neck seal
Fra:1 Mem:18.13M (Peak 18.13M) | Time:00:00.00 | Mem:0.00M, Peak:0.00M | Scene, ViewLayer | Synchronizing object | Helmet
Fra:1 Mem:18.14M (Peak 18.14M) | Time:00:00.00 | Mem:0.00M, Peak:0.00M | Scene, ViewLayer | Synchronizing object | Visor seal
Fra:1 Mem:18.18M (Peak 18.18M) | Time:00:00.00 | Mem:0.00M, Peak:0.00M | Scene, ViewLayer | Synchronizing object | Chest control unit
Fra:1 Mem:18.18M (Peak 18.18M) | Time:00:00.00 | Mem:0.00M, Peak:0.00M | Scene, ViewLayer | Synchronizing object | Amber visor
Fra:1 Mem:18.22M (Peak 18.22M) | Time:00:00.00 | Mem:0.00M, Peak:0.00M | Scene, ViewLayer | Synchronizing object | Visor warm reflection
Fra:1 Mem:18.20M (Peak 18.22M) | Time:00:00.00 | Mem:0.00M, Peak:0.00M | Scene, ViewLayer | Synchronizing object | Visor glint
Fra:1 Mem:18.24M (Peak 18.24M) | Time:00:00.00 | Mem:0.00M, Peak:0.00M | Scene, ViewLayer | Synchronizing object | Comms housing
Fra:1 Mem:18.22M (Peak 18.24M) | Time:00:00.00 | Mem:0.00M, Peak:0.00M | Scene, ViewLayer | Synchronizing object | Comms housing.001
Fra:1 Mem:18.31M (Peak 18.31M) | Time:00:00.00 | Mem:0.00M, Peak:0.00M | Scene, ViewLayer | Initializing
Fra:1 Mem:15.10M (Peak 18.31M) | Time:00:00.00 | Mem:0.00M, Peak:0.00M | Scene, ViewLayer | Waiting for render to start
Fra:1 Mem:15.10M (Peak 18.31M) | Time:00:00.00 | Mem:0.00M, Peak:0.00M | Scene, ViewLayer | Updating Scene
Fra:1 Mem:15.10M (Peak 18.31M) | Time:00:00.00 | Mem:0.00M, Peak:0.00M | Scene, ViewLayer | Updating Shaders
Fra:1 Mem:15.10M (Peak 18.31M) | Time:00:00.00 | Mem:0.00M, Peak:0.00M | Scene, ViewLayer | Loading render kernels (may take a few minutes the first time)
Fra:1 Mem:15.19M (Peak 18.31M) | Time:00:00.00 | Mem:0.01M, Peak:0.01M | Scene, ViewLayer | Updating Procedurals
Fra:1 Mem:15.19M (Peak 18.31M) | Time:00:00.00 | Mem:0.01M, Peak:0.01M | Scene, ViewLayer | Updating Background
Fra:1 Mem:15.19M (Peak 18.31M) | Time:00:00.00 | Mem:0.01M, Peak:0.01M | Scene, ViewLayer | Updating Camera
Fra:1 Mem:15.19M (Peak 18.31M) | Time:00:00.00 | Mem:0.01M, Peak:0.01M | Scene, ViewLayer | Updating Meshes Flags
Fra:1 Mem:15.19M (Peak 18.31M) | Time:00:00.00 | Mem:0.01M, Peak:0.01M | Scene, ViewLayer | Updating Objects
Fra:1 Mem:15.19M (Peak 18.31M) | Time:00:00.00 | Mem:0.01M, Peak:0.01M | Scene, ViewLayer | Updating Objects | Copying Transformations to device
Fra:1 Mem:15.20M (Peak 18.31M) | Time:00:00.00 | Mem:0.02M, Peak:0.02M | Scene, ViewLayer | Updating Particle Systems
Fra:1 Mem:15.20M (Peak 18.31M) | Time:00:00.00 | Mem:0.02M, Peak:0.02M | Scene, ViewLayer | Updating Particle Systems | Copying Particles to device
Fra:1 Mem:15.20M (Peak 18.31M) | Time:00:00.00 | Mem:0.02M, Peak:0.02M | Scene, ViewLayer | Updating Meshes
Fra:1 Mem:15.20M (Peak 18.31M) | Time:00:00.00 | Mem:0.02M, Peak:0.02M | Scene, ViewLayer | Updating Objects | Applying Static Transformations
Fra:1 Mem:15.20M (Peak 18.31M) | Time:00:00.00 | Mem:0.02M, Peak:0.02M | Scene, ViewLayer | Updating Mesh | Computing attributes
Fra:1 Mem:15.32M (Peak 18.31M) | Time:00:00.00 | Mem:0.02M, Peak:0.02M | Scene, ViewLayer | Updating Mesh | Copying Attributes to device
Fra:1 Mem:15.31M (Peak 18.31M) | Time:00:00.00 | Mem:0.13M, Peak:0.13M | Scene, ViewLayer | Updating Scene BVH | Building
Fra:1 Mem:15.31M (Peak 18.31M) | Time:00:00.00 | Mem:0.13M, Peak:0.13M | Scene, ViewLayer | Updating Scene BVH | Building BVH
Fra:1 Mem:15.31M (Peak 18.31M) | Time:00:00.00 | Mem:0.45M, Peak:0.45M | Scene, ViewLayer | Updating Scene BVH | Building BVH 0%
Fra:1 Mem:15.31M (Peak 18.31M) | Time:00:00.00 | Mem:0.80M, Peak:1.12M | Scene, ViewLayer | Updating Scene BVH | Copying BVH to device
Fra:1 Mem:15.31M (Peak 18.31M) | Time:00:00.00 | Mem:0.80M, Peak:1.12M | Scene, ViewLayer | Updating Mesh | Computing normals
Fra:1 Mem:15.69M (Peak 18.31M) | Time:00:00.00 | Mem:0.80M, Peak:1.12M | Scene, ViewLayer | Updating Mesh | Copying Mesh to device
Fra:1 Mem:15.69M (Peak 18.31M) | Time:00:00.00 | Mem:1.18M, Peak:1.18M | Scene, ViewLayer | Updating Objects Flags
Fra:1 Mem:15.69M (Peak 18.31M) | Time:00:00.00 | Mem:1.18M, Peak:1.18M | Scene, ViewLayer | Updating Primitive Offsets
Fra:1 Mem:15.69M (Peak 18.31M) | Time:00:00.00 | Mem:1.18M, Peak:1.18M | Scene, ViewLayer | Updating Images
Fra:1 Mem:15.69M (Peak 18.31M) | Time:00:00.00 | Mem:1.18M, Peak:1.18M | Scene, ViewLayer | Updating Camera Volume
Fra:1 Mem:15.69M (Peak 18.31M) | Time:00:00.00 | Mem:1.18M, Peak:1.18M | Scene, ViewLayer | Updating Lookup Tables
Fra:1 Mem:15.69M (Peak 18.31M) | Time:00:00.00 | Mem:1.26M, Peak:1.26M | Scene, ViewLayer | Updating Lights
Fra:1 Mem:15.69M (Peak 18.31M) | Time:00:00.00 | Mem:1.26M, Peak:1.26M | Scene, ViewLayer | Updating Lights | Computing tree
Fra:1 Mem:15.69M (Peak 18.31M) | Time:00:00.00 | Mem:1.26M, Peak:1.26M | Scene, ViewLayer | Updating Integrator
Fra:1 Mem:15.69M (Peak 18.31M) | Time:00:00.00 | Mem:1.26M, Peak:1.26M | Scene, ViewLayer | Updating Film
Fra:1 Mem:15.70M (Peak 18.31M) | Time:00:00.00 | Mem:1.18M, Peak:1.26M | Scene, ViewLayer | Updating Lookup Tables
Fra:1 Mem:15.70M (Peak 18.31M) | Time:00:00.00 | Mem:1.26M, Peak:1.26M | Scene, ViewLayer | Updating Baking
Fra:1 Mem:15.70M (Peak 18.31M) | Time:00:00.00 | Mem:1.26M, Peak:1.26M | Scene, ViewLayer | Updating Device | Writing constant memory
Fra:1 Mem:15.70M (Peak 18.31M) | Time:00:00.00 | Mem:1.26M, Peak:1.26M | Scene, ViewLayer | Loading denoising kernels (may take a few minutes the first time)
Fra:1 Mem:15.70M (Peak 18.31M) | Time:00:00.00 | Mem:1.26M, Peak:1.26M | Scene, ViewLayer | Sample 0/32
Fra:1 Mem:21.80M (Peak 21.80M) | Time:00:00.00 | Remaining:00:00.09 | Mem:7.20M, Peak:7.20M | Scene, ViewLayer | Sample 1/32
Fra:1 Mem:24.30M (Peak 28.05M) | Time:00:00.23 | Mem:7.20M, Peak:7.20M | Scene, ViewLayer | Sample 32/32
Fra:1 Mem:24.30M (Peak 28.05M) | Time:00:00.23 | Mem:7.20M, Peak:7.20M | Scene, ViewLayer | Finished
Saved: '/Users/al/git/Starbase2/.local/character-frames/eva/right-2.png'
Time: 00:00.24 (Saving: 00:00.00)

Fra:1 Mem:17.48M (Peak 17.48M) | Time:00:00.00 | Mem:0.00M, Peak:0.00M | Scene, ViewLayer | Synchronizing object | Pressure torso
Fra:1 Mem:17.50M (Peak 17.50M) | Time:00:00.00 | Mem:0.00M, Peak:0.00M | Scene, ViewLayer | Synchronizing object | Knee gasket
Fra:1 Mem:17.50M (Peak 17.50M) | Time:00:00.00 | Mem:0.00M, Peak:0.00M | Scene, ViewLayer | Synchronizing object | Knee plate
Fra:1 Mem:17.54M (Peak 17.54M) | Time:00:00.00 | Mem:0.00M, Peak:0.00M | Scene, ViewLayer | Synchronizing object | Shin
Fra:1 Mem:17.62M (Peak 17.62M) | Time:00:00.00 | Mem:0.00M, Peak:0.00M | Scene, ViewLayer | Synchronizing object | Boot
Fra:1 Mem:17.64M (Peak 17.64M) | Time:00:00.00 | Mem:0.00M, Peak:0.00M | Scene, ViewLayer | Synchronizing object | Toe plate
Fra:1 Mem:17.64M (Peak 17.64M) | Time:00:00.00 | Mem:0.00M, Peak:0.00M | Scene, ViewLayer | Synchronizing object | Rim
Fra:1 Mem:17.64M (Peak 17.64M) | Time:00:00.00 | Mem:0.00M, Peak:0.00M | Scene, ViewLayer | Synchronizing object | Key
Fra:1 Mem:17.64M (Peak 17.64M) | Time:00:00.00 | Mem:0.00M, Peak:0.00M | Scene, ViewLayer | Synchronizing object | Control.002
Fra:1 Mem:17.67M (Peak 17.67M) | Time:00:00.00 | Mem:0.00M, Peak:0.00M | Scene, ViewLayer | Synchronizing object | Shoulder shell
Fra:1 Mem:17.66M (Peak 17.67M) | Time:00:00.00 | Mem:0.00M, Peak:0.00M | Scene, ViewLayer | Synchronizing object | Control.001
Fra:1 Mem:17.68M (Peak 17.68M) | Time:00:00.00 | Mem:0.00M, Peak:0.00M | Scene, ViewLayer | Synchronizing object | Elbow joint
Fra:1 Mem:17.69M (Peak 17.69M) | Time:00:00.00 | Mem:0.00M, Peak:0.00M | Scene, ViewLayer | Synchronizing object | Wrist display
Fra:1 Mem:17.70M (Peak 17.70M) | Time:00:00.00 | Mem:0.00M, Peak:0.00M | Scene, ViewLayer | Synchronizing object | Pressure fold
Fra:1 Mem:17.75M (Peak 17.75M) | Time:00:00.00 | Mem:0.00M, Peak:0.00M | Scene, ViewLayer | Synchronizing object | Pressure fold.001
Fra:1 Mem:17.77M (Peak 17.77M) | Time:00:00.00 | Mem:0.00M, Peak:0.00M | Scene, ViewLayer | Synchronizing object | Pressure fold.002
Fra:1 Mem:17.78M (Peak 17.78M) | Time:00:00.00 | Mem:0.00M, Peak:0.00M | Scene, ViewLayer | Synchronizing object | Thigh.001
Fra:1 Mem:17.82M (Peak 17.82M) | Time:00:00.00 | Mem:0.00M, Peak:0.00M | Scene, ViewLayer | Synchronizing object | Knee gasket.001
Fra:1 Mem:17.84M (Peak 17.84M) | Time:00:00.00 | Mem:0.00M, Peak:0.00M | Scene, ViewLayer | Synchronizing object | Knee plate.001
Fra:1 Mem:17.85M (Peak 17.85M) | Time:00:00.00 | Mem:0.00M, Peak:0.00M | Scene, ViewLayer | Synchronizing object | Shin.001
Fra:1 Mem:17.87M (Peak 17.87M) | Time:00:00.00 | Mem:0.00M, Peak:0.00M | Scene, ViewLayer | Synchronizing object | Boot.001
Fra:1 Mem:17.88M (Peak 17.88M) | Time:00:00.00 | Mem:0.00M, Peak:0.00M | Scene, ViewLayer | Synchronizing object | Toe plate.001
Fra:1 Mem:17.89M (Peak 17.89M) | Time:00:00.00 | Mem:0.00M, Peak:0.00M | Scene, ViewLayer | Synchronizing object | Boot trim.001
Fra:1 Mem:17.92M (Peak 17.92M) | Time:00:00.00 | Mem:0.00M, Peak:0.00M | Scene, ViewLayer | Synchronizing object | Shoulder shell.001
Fra:1 Mem:17.92M (Peak 17.92M) | Time:00:00.00 | Mem:0.00M, Peak:0.00M | Scene, ViewLayer | Synchronizing object | Mission stripe.001
Fra:1 Mem:17.94M (Peak 17.94M) | Time:00:00.00 | Mem:0.00M, Peak:0.00M | Scene, ViewLayer | Synchronizing object | Elbow joint.001
Fra:1 Mem:17.99M (Peak 17.99M) | Time:00:00.00 | Mem:0.00M, Peak:0.00M | Scene, ViewLayer | Synchronizing object | Gauntlet.001
Fra:1 Mem:18.01M (Peak 18.01M) | Time:00:00.00 | Mem:0.00M, Peak:0.00M | Scene, ViewLayer | Synchronizing object | Glove.001
Fra:1 Mem:18.05M (Peak 18.05M) | Time:00:00.00 | Mem:0.00M, Peak:0.00M | Scene, ViewLayer | Synchronizing object | Wrist display.001
Fra:1 Mem:18.08M (Peak 18.08M) | Time:00:00.00 | Mem:0.00M, Peak:0.00M | Scene, ViewLayer | Synchronizing object | Pressure fold.004
Fra:1 Mem:18.08M (Peak 18.08M) | Time:00:00.00 | Mem:0.00M, Peak:0.00M | Scene, ViewLayer | Synchronizing object | Pressure fold.005
Fra:1 Mem:18.06M (Peak 18.08M) | Time:00:00.00 | Mem:0.00M, Peak:0.00M | Scene, ViewLayer | Synchronizing object | Life support pack
Fra:1 Mem:18.06M (Peak 18.08M) | Time:00:00.00 | Mem:0.00M, Peak:0.00M | Scene, ViewLayer | Synchronizing object | Pack inset
Fra:1 Mem:18.10M (Peak 18.10M) | Time:00:00.00 | Mem:0.00M, Peak:0.00M | Scene, ViewLayer | Synchronizing object | Oxygen cylinder
Fra:1 Mem:18.13M (Peak 18.13M) | Time:00:00.00 | Mem:0.00M, Peak:0.00M | Scene, ViewLayer | Synchronizing object | Oxygen cylinder.001
Fra:1 Mem:18.16M (Peak 18.16M) | Time:00:00.00 | Mem:0.00M, Peak:0.00M | Scene, ViewLayer | Synchronizing object | Neck seal
Fra:1 Mem:18.16M (Peak 18.16M) | Time:00:00.00 | Mem:0.00M, Peak:0.00M | Scene, ViewLayer | Synchronizing object | Helmet
Fra:1 Mem:18.15M (Peak 18.16M) | Time:00:00.00 | Mem:0.00M, Peak:0.00M | Scene, ViewLayer | Synchronizing object | Telemetry display
Fra:1 Mem:18.15M (Peak 18.16M) | Time:00:00.00 | Mem:0.00M, Peak:0.00M | Scene, ViewLayer | Synchronizing object | Amber visor
Fra:1 Mem:18.16M (Peak 18.16M) | Time:00:00.00 | Mem:0.00M, Peak:0.00M | Scene, ViewLayer | Synchronizing object | Visor glint
Fra:1 Mem:18.18M (Peak 18.18M) | Time:00:00.00 | Mem:0.00M, Peak:0.00M | Scene, ViewLayer | Synchronizing object | Comms housing.001
Fra:1 Mem:18.23M (Peak 18.23M) | Time:00:00.00 | Mem:0.00M, Peak:0.00M | Scene, ViewLayer | Synchronizing object | Chest control unit
Fra:1 Mem:18.31M (Peak 18.31M) | Time:00:00.00 | Mem:0.00M, Peak:0.00M | Scene, ViewLayer | Initializing
Fra:1 Mem:15.10M (Peak 18.31M) | Time:00:00.00 | Mem:0.00M, Peak:0.00M | Scene, ViewLayer | Waiting for render to start
Fra:1 Mem:15.10M (Peak 18.31M) | Time:00:00.00 | Mem:0.00M, Peak:0.00M | Scene, ViewLayer | Updating Scene
Fra:1 Mem:15.10M (Peak 18.31M) | Time:00:00.00 | Mem:0.00M, Peak:0.00M | Scene, ViewLayer | Updating Shaders
Fra:1 Mem:15.10M (Peak 18.31M) | Time:00:00.00 | Mem:0.00M, Peak:0.00M | Scene, ViewLayer | Loading render kernels (may take a few minutes the first time)
Fra:1 Mem:15.19M (Peak 18.31M) | Time:00:00.00 | Mem:0.01M, Peak:0.01M | Scene, ViewLayer | Updating Procedurals
Fra:1 Mem:15.19M (Peak 18.31M) | Time:00:00.00 | Mem:0.01M, Peak:0.01M | Scene, ViewLayer | Updating Background
Fra:1 Mem:15.19M (Peak 18.31M) | Time:00:00.00 | Mem:0.01M, Peak:0.01M | Scene, ViewLayer | Updating Camera
Fra:1 Mem:15.19M (Peak 18.31M) | Time:00:00.00 | Mem:0.01M, Peak:0.01M | Scene, ViewLayer | Updating Meshes Flags
Fra:1 Mem:15.19M (Peak 18.31M) | Time:00:00.00 | Mem:0.01M, Peak:0.01M | Scene, ViewLayer | Updating Objects
Fra:1 Mem:15.19M (Peak 18.31M) | Time:00:00.00 | Mem:0.01M, Peak:0.01M | Scene, ViewLayer | Updating Objects | Copying Transformations to device
Fra:1 Mem:15.20M (Peak 18.31M) | Time:00:00.00 | Mem:0.02M, Peak:0.02M | Scene, ViewLayer | Updating Particle Systems
Fra:1 Mem:15.20M (Peak 18.31M) | Time:00:00.00 | Mem:0.02M, Peak:0.02M | Scene, ViewLayer | Updating Particle Systems | Copying Particles to device
Fra:1 Mem:15.20M (Peak 18.31M) | Time:00:00.00 | Mem:0.02M, Peak:0.02M | Scene, ViewLayer | Updating Meshes
Fra:1 Mem:15.20M (Peak 18.31M) | Time:00:00.00 | Mem:0.02M, Peak:0.02M | Scene, ViewLayer | Updating Objects | Applying Static Transformations
Fra:1 Mem:15.20M (Peak 18.31M) | Time:00:00.00 | Mem:0.02M, Peak:0.02M | Scene, ViewLayer | Updating Mesh | Computing attributes
Fra:1 Mem:15.32M (Peak 18.31M) | Time:00:00.00 | Mem:0.02M, Peak:0.02M | Scene, ViewLayer | Updating Mesh | Copying Attributes to device
Fra:1 Mem:15.31M (Peak 18.31M) | Time:00:00.00 | Mem:0.13M, Peak:0.13M | Scene, ViewLayer | Updating Scene BVH | Building
Fra:1 Mem:15.31M (Peak 18.31M) | Time:00:00.00 | Mem:0.13M, Peak:0.13M | Scene, ViewLayer | Updating Scene BVH | Building BVH
Fra:1 Mem:15.31M (Peak 18.31M) | Time:00:00.00 | Mem:0.83M, Peak:1.15M | Scene, ViewLayer | Updating Scene BVH | Copying BVH to device
Fra:1 Mem:15.31M (Peak 18.31M) | Time:00:00.00 | Mem:0.83M, Peak:1.15M | Scene, ViewLayer | Updating Mesh | Computing normals
Fra:1 Mem:15.69M (Peak 18.31M) | Time:00:00.00 | Mem:0.83M, Peak:1.15M | Scene, ViewLayer | Updating Mesh | Copying Mesh to device
Fra:1 Mem:15.69M (Peak 18.31M) | Time:00:00.00 | Mem:1.21M, Peak:1.21M | Scene, ViewLayer | Updating Objects Flags
Fra:1 Mem:15.69M (Peak 18.31M) | Time:00:00.00 | Mem:1.21M, Peak:1.21M | Scene, ViewLayer | Updating Primitive Offsets
Fra:1 Mem:15.69M (Peak 18.31M) | Time:00:00.00 | Mem:1.21M, Peak:1.21M | Scene, ViewLayer | Updating Images
Fra:1 Mem:15.69M (Peak 18.31M) | Time:00:00.00 | Mem:1.21M, Peak:1.21M | Scene, ViewLayer | Updating Camera Volume
Fra:1 Mem:15.69M (Peak 18.31M) | Time:00:00.00 | Mem:1.21M, Peak:1.21M | Scene, ViewLayer | Updating Lookup Tables
Fra:1 Mem:15.69M (Peak 18.31M) | Time:00:00.00 | Mem:1.29M, Peak:1.29M | Scene, ViewLayer | Updating Lights
Fra:1 Mem:15.69M (Peak 18.31M) | Time:00:00.00 | Mem:1.29M, Peak:1.29M | Scene, ViewLayer | Updating Lights | Computing tree
Fra:1 Mem:15.69M (Peak 18.31M) | Time:00:00.00 | Mem:1.29M, Peak:1.29M | Scene, ViewLayer | Updating Integrator
Fra:1 Mem:15.69M (Peak 18.31M) | Time:00:00.00 | Mem:1.29M, Peak:1.29M | Scene, ViewLayer | Updating Film
Fra:1 Mem:15.70M (Peak 18.31M) | Time:00:00.00 | Mem:1.21M, Peak:1.29M | Scene, ViewLayer | Updating Lookup Tables
Fra:1 Mem:15.70M (Peak 18.31M) | Time:00:00.00 | Mem:1.30M, Peak:1.30M | Scene, ViewLayer | Updating Baking
Fra:1 Mem:15.70M (Peak 18.31M) | Time:00:00.00 | Mem:1.30M, Peak:1.30M | Scene, ViewLayer | Updating Device | Writing constant memory
Fra:1 Mem:15.70M (Peak 18.31M) | Time:00:00.00 | Mem:1.30M, Peak:1.30M | Scene, ViewLayer | Loading denoising kernels (may take a few minutes the first time)
Fra:1 Mem:15.70M (Peak 18.31M) | Time:00:00.00 | Mem:1.30M, Peak:1.30M | Scene, ViewLayer | Sample 0/32
Fra:1 Mem:21.80M (Peak 21.80M) | Time:00:00.00 | Remaining:00:00.09 | Mem:7.23M, Peak:7.23M | Scene, ViewLayer | Sample 1/32
Fra:1 Mem:24.30M (Peak 28.05M) | Time:00:00.24 | Mem:7.23M, Peak:7.23M | Scene, ViewLayer | Sample 32/32
Fra:1 Mem:24.30M (Peak 28.05M) | Time:00:00.24 | Mem:7.23M, Peak:7.23M | Scene, ViewLayer | Finished
Saved: '/Users/al/git/Starbase2/.local/character-frames/eva/right-3.png'
Time: 00:00.24 (Saving: 00:00.00)

Fra:1 Mem:17.48M (Peak 17.48M) | Time:00:00.00 | Mem:0.00M, Peak:0.00M | Scene, ViewLayer | Synchronizing object | Pressure torso
Fra:1 Mem:17.48M (Peak 17.48M) | Time:00:00.00 | Mem:0.00M, Peak:0.00M | Scene, ViewLayer | Synchronizing object | Thigh
Fra:1 Mem:17.50M (Peak 17.50M) | Time:00:00.00 | Mem:0.00M, Peak:0.00M | Scene, ViewLayer | Synchronizing object | Knee gasket
Fra:1 Mem:17.52M (Peak 17.52M) | Time:00:00.00 | Mem:0.00M, Peak:0.00M | Scene, ViewLayer | Synchronizing object | Knee plate
Fra:1 Mem:17.57M (Peak 17.57M) | Time:00:00.00 | Mem:0.00M, Peak:0.00M | Scene, ViewLayer | Synchronizing object | Shin
Fra:1 Mem:17.62M (Peak 17.62M) | Time:00:00.00 | Mem:0.00M, Peak:0.00M | Scene, ViewLayer | Synchronizing object | Boot
Fra:1 Mem:17.63M (Peak 17.63M) | Time:00:00.00 | Mem:0.00M, Peak:0.00M | Scene, ViewLayer | Synchronizing object | Toe plate
Fra:1 Mem:17.64M (Peak 17.64M) | Time:00:00.00 | Mem:0.00M, Peak:0.00M | Scene, ViewLayer | Synchronizing object | Boot trim
Fra:1 Mem:17.67M (Peak 17.67M) | Time:00:00.00 | Mem:0.00M, Peak:0.00M | Scene, ViewLayer | Synchronizing object | Rim
Fra:1 Mem:17.68M (Peak 17.68M) | Time:00:00.00 | Mem:0.00M, Peak:0.00M | Scene, ViewLayer | Synchronizing object | Shoulder shell
Fra:1 Mem:17.70M (Peak 17.70M) | Time:00:00.00 | Mem:0.00M, Peak:0.00M | Scene, ViewLayer | Synchronizing object | Mission stripe
Fra:1 Mem:17.68M (Peak 17.70M) | Time:00:00.00 | Mem:0.00M, Peak:0.00M | Scene, ViewLayer | Synchronizing object | Wrist display
Fra:1 Mem:17.70M (Peak 17.70M) | Time:00:00.00 | Mem:0.00M, Peak:0.00M | Scene, ViewLayer | Synchronizing object | Pressure fold.001
Fra:1 Mem:17.70M (Peak 17.70M) | Time:00:00.00 | Mem:0.00M, Peak:0.00M | Scene, ViewLayer | Synchronizing object | Key
Fra:1 Mem:17.70M (Peak 17.70M) | Time:00:00.00 | Mem:0.00M, Peak:0.00M | Scene, ViewLayer | Synchronizing object | Pressure fold.002
Fra:1 Mem:17.73M (Peak 17.73M) | Time:00:00.00 | Mem:0.00M, Peak:0.00M | Scene, ViewLayer | Synchronizing object | Pressure fold.003
Fra:1 Mem:17.78M (Peak 17.78M) | Time:00:00.00 | Mem:0.00M, Peak:0.00M | Scene, ViewLayer | Synchronizing object | Thigh.001
Fra:1 Mem:17.79M (Peak 17.79M) | Time:00:00.00 | Mem:0.00M, Peak:0.00M | Scene, ViewLayer | Synchronizing object | Knee gasket.001
Fra:1 Mem:17.80M (Peak 17.80M) | Time:00:00.00 | Mem:0.00M, Peak:0.00M | Scene, ViewLayer | Synchronizing object | Knee plate.001
Fra:1 Mem:17.78M (Peak 17.80M) | Time:00:00.00 | Mem:0.00M, Peak:0.00M | Scene, ViewLayer | Synchronizing object | Toe plate.001
Fra:1 Mem:17.85M (Peak 17.85M) | Time:00:00.00 | Mem:0.00M, Peak:0.00M | Scene, ViewLayer | Synchronizing object | Boot trim.001
Fra:1 Mem:17.89M (Peak 17.89M) | Time:00:00.00 | Mem:0.00M, Peak:0.00M | Scene, ViewLayer | Synchronizing object | Upper sleeve.001
Fra:1 Mem:17.89M (Peak 17.89M) | Time:00:00.00 | Mem:0.00M, Peak:0.00M | Scene, ViewLayer | Synchronizing object | Shoulder shell.001
Fra:1 Mem:17.89M (Peak 17.89M) | Time:00:00.00 | Mem:0.00M, Peak:0.00M | Scene, ViewLayer | Synchronizing object | Control.002
Fra:1 Mem:17.89M (Peak 17.89M) | Time:00:00.00 | Mem:0.00M, Peak:0.00M | Scene, ViewLayer | Synchronizing object | Mission stripe.001
Fra:1 Mem:17.92M (Peak 17.92M) | Time:00:00.00 | Mem:0.00M, Peak:0.00M | Scene, ViewLayer | Synchronizing object | Elbow joint.001
Fra:1 Mem:17.94M (Peak 17.94M) | Time:00:00.00 | Mem:0.00M, Peak:0.00M | Scene, ViewLayer | Synchronizing object | Glove.001
Fra:1 Mem:17.95M (Peak 17.95M) | Time:00:00.00 | Mem:0.00M, Peak:0.00M | Scene, ViewLayer | Synchronizing object | Wrist display.001
Fra:1 Mem:17.97M (Peak 17.97M) | Time:00:00.00 | Mem:0.00M, Peak:0.00M | Scene, ViewLayer | Synchronizing object | Pressure fold.004
Fra:1 Mem:17.97M (Peak 17.97M) | Time:00:00.00 | Mem:0.00M, Peak:0.00M | Scene, ViewLayer | Synchronizing object | Pressure fold.005
Fra:1 Mem:17.98M (Peak 17.98M) | Time:00:00.00 | Mem:0.00M, Peak:0.00M | Scene, ViewLayer | Synchronizing object | Pressure fold.006
Fra:1 Mem:18.03M (Peak 18.03M) | Time:00:00.00 | Mem:0.00M, Peak:0.00M | Scene, ViewLayer | Synchronizing object | Pressure fold.007
Fra:1 Mem:18.03M (Peak 18.03M) | Time:00:00.00 | Mem:0.00M, Peak:0.00M | Scene, ViewLayer | Synchronizing object | Pack inset
Fra:1 Mem:18.05M (Peak 18.05M) | Time:00:00.00 | Mem:0.00M, Peak:0.00M | Scene, ViewLayer | Synchronizing object | Oxygen cylinder
Fra:1 Mem:18.07M (Peak 18.07M) | Time:00:00.00 | Mem:0.00M, Peak:0.00M | Scene, ViewLayer | Synchronizing object | Oxygen cylinder.001
Fra:1 Mem:18.09M (Peak 18.09M) | Time:00:00.00 | Mem:0.00M, Peak:0.00M | Scene, ViewLayer | Synchronizing object | Control
Fra:1 Mem:18.09M (Peak 18.09M) | Time:00:00.00 | Mem:0.00M, Peak:0.00M | Scene, ViewLayer | Synchronizing object | Neck seal
Fra:1 Mem:18.12M (Peak 18.12M) | Time:00:00.00 | Mem:0.00M, Peak:0.00M | Scene, ViewLayer | Synchronizing object | Display glass
Fra:1 Mem:18.13M (Peak 18.13M) | Time:00:00.00 | Mem:0.00M, Peak:0.00M | Scene, ViewLayer | Synchronizing object | Amber visor
Fra:1 Mem:18.19M (Peak 18.19M) | Time:00:00.00 | Mem:0.00M, Peak:0.00M | Scene, ViewLayer | Synchronizing object | Visor warm reflection
Fra:1 Mem:18.17M (Peak 18.19M) | Time:00:00.00 | Mem:0.00M, Peak:0.00M | Scene, ViewLayer | Synchronizing object | Telemetry display
Fra:1 Mem:18.20M (Peak 18.20M) | Time:00:00.00 | Mem:0.00M, Peak:0.00M | Scene, ViewLayer | Synchronizing object | Visor glint
Fra:1 Mem:18.21M (Peak 18.21M) | Time:00:00.00 | Mem:0.00M, Peak:0.00M | Scene, ViewLayer | Synchronizing object | Comms housing
Fra:1 Mem:18.24M (Peak 18.24M) | Time:00:00.00 | Mem:0.00M, Peak:0.00M | Scene, ViewLayer | Synchronizing object | Comms housing.001
Fra:1 Mem:18.25M (Peak 18.25M) | Time:00:00.00 | Mem:0.00M, Peak:0.00M | Scene, ViewLayer | Synchronizing object | Chest control unit
Fra:1 Mem:18.31M (Peak 18.31M) | Time:00:00.00 | Mem:0.00M, Peak:0.00M | Scene, ViewLayer | Initializing
Fra:1 Mem:15.10M (Peak 18.31M) | Time:00:00.00 | Mem:0.00M, Peak:0.00M | Scene, ViewLayer | Waiting for render to start
Fra:1 Mem:15.10M (Peak 18.31M) | Time:00:00.00 | Mem:0.00M, Peak:0.00M | Scene, ViewLayer | Updating Scene
Fra:1 Mem:15.10M (Peak 18.31M) | Time:00:00.00 | Mem:0.00M, Peak:0.00M | Scene, ViewLayer | Updating Shaders
Fra:1 Mem:15.10M (Peak 18.31M) | Time:00:00.00 | Mem:0.00M, Peak:0.00M | Scene, ViewLayer | Loading render kernels (may take a few minutes the first time)
Fra:1 Mem:15.19M (Peak 18.31M) | Time:00:00.00 | Mem:0.01M, Peak:0.01M | Scene, ViewLayer | Updating Procedurals
Fra:1 Mem:15.19M (Peak 18.31M) | Time:00:00.00 | Mem:0.01M, Peak:0.01M | Scene, ViewLayer | Updating Background
Fra:1 Mem:15.19M (Peak 18.31M) | Time:00:00.00 | Mem:0.01M, Peak:0.01M | Scene, ViewLayer | Updating Camera
Fra:1 Mem:15.19M (Peak 18.31M) | Time:00:00.00 | Mem:0.01M, Peak:0.01M | Scene, ViewLayer | Updating Meshes Flags
Fra:1 Mem:15.19M (Peak 18.31M) | Time:00:00.00 | Mem:0.01M, Peak:0.01M | Scene, ViewLayer | Updating Objects
Fra:1 Mem:15.19M (Peak 18.31M) | Time:00:00.00 | Mem:0.01M, Peak:0.01M | Scene, ViewLayer | Updating Objects | Copying Transformations to device
Fra:1 Mem:15.20M (Peak 18.31M) | Time:00:00.00 | Mem:0.02M, Peak:0.02M | Scene, ViewLayer | Updating Particle Systems
Fra:1 Mem:15.20M (Peak 18.31M) | Time:00:00.00 | Mem:0.02M, Peak:0.02M | Scene, ViewLayer | Updating Particle Systems | Copying Particles to device
Fra:1 Mem:15.20M (Peak 18.31M) | Time:00:00.00 | Mem:0.02M, Peak:0.02M | Scene, ViewLayer | Updating Meshes
Fra:1 Mem:15.20M (Peak 18.31M) | Time:00:00.00 | Mem:0.02M, Peak:0.02M | Scene, ViewLayer | Updating Objects | Applying Static Transformations
Fra:1 Mem:15.20M (Peak 18.31M) | Time:00:00.00 | Mem:0.02M, Peak:0.02M | Scene, ViewLayer | Updating Mesh | Computing attributes
Fra:1 Mem:15.32M (Peak 18.31M) | Time:00:00.00 | Mem:0.02M, Peak:0.02M | Scene, ViewLayer | Updating Mesh | Copying Attributes to device
Fra:1 Mem:15.31M (Peak 18.31M) | Time:00:00.00 | Mem:0.13M, Peak:0.13M | Scene, ViewLayer | Updating Scene BVH | Building
Fra:1 Mem:15.31M (Peak 18.31M) | Time:00:00.00 | Mem:0.13M, Peak:0.13M | Scene, ViewLayer | Updating Scene BVH | Building BVH
Fra:1 Mem:15.31M (Peak 18.31M) | Time:00:00.00 | Mem:0.45M, Peak:0.45M | Scene, ViewLayer | Updating Scene BVH | Building BVH 0%
Fra:1 Mem:15.31M (Peak 18.31M) | Time:00:00.00 | Mem:0.80M, Peak:1.12M | Scene, ViewLayer | Updating Scene BVH | Copying BVH to device
Fra:1 Mem:15.31M (Peak 18.31M) | Time:00:00.00 | Mem:0.80M, Peak:1.12M | Scene, ViewLayer | Updating Mesh | Computing normals
Fra:1 Mem:15.69M (Peak 18.31M) | Time:00:00.00 | Mem:0.80M, Peak:1.12M | Scene, ViewLayer | Updating Mesh | Copying Mesh to device
Fra:1 Mem:15.69M (Peak 18.31M) | Time:00:00.00 | Mem:1.18M, Peak:1.18M | Scene, ViewLayer | Updating Objects Flags
Fra:1 Mem:15.69M (Peak 18.31M) | Time:00:00.00 | Mem:1.18M, Peak:1.18M | Scene, ViewLayer | Updating Primitive Offsets
Fra:1 Mem:15.69M (Peak 18.31M) | Time:00:00.00 | Mem:1.18M, Peak:1.18M | Scene, ViewLayer | Updating Images
Fra:1 Mem:15.69M (Peak 18.31M) | Time:00:00.00 | Mem:1.18M, Peak:1.18M | Scene, ViewLayer | Updating Camera Volume
Fra:1 Mem:15.69M (Peak 18.31M) | Time:00:00.00 | Mem:1.18M, Peak:1.18M | Scene, ViewLayer | Updating Lookup Tables
Fra:1 Mem:15.69M (Peak 18.31M) | Time:00:00.00 | Mem:1.26M, Peak:1.26M | Scene, ViewLayer | Updating Lights
Fra:1 Mem:15.69M (Peak 18.31M) | Time:00:00.00 | Mem:1.26M, Peak:1.26M | Scene, ViewLayer | Updating Lights | Computing tree
Fra:1 Mem:15.69M (Peak 18.31M) | Time:00:00.00 | Mem:1.26M, Peak:1.26M | Scene, ViewLayer | Updating Integrator
Fra:1 Mem:15.69M (Peak 18.31M) | Time:00:00.00 | Mem:1.26M, Peak:1.26M | Scene, ViewLayer | Updating Film
Fra:1 Mem:15.70M (Peak 18.31M) | Time:00:00.00 | Mem:1.18M, Peak:1.26M | Scene, ViewLayer | Updating Lookup Tables
Fra:1 Mem:15.70M (Peak 18.31M) | Time:00:00.00 | Mem:1.26M, Peak:1.26M | Scene, ViewLayer | Updating Baking
Fra:1 Mem:15.70M (Peak 18.31M) | Time:00:00.00 | Mem:1.26M, Peak:1.26M | Scene, ViewLayer | Updating Device | Writing constant memory
Fra:1 Mem:15.70M (Peak 18.31M) | Time:00:00.00 | Mem:1.26M, Peak:1.26M | Scene, ViewLayer | Loading denoising kernels (may take a few minutes the first time)
Fra:1 Mem:15.70M (Peak 18.31M) | Time:00:00.00 | Mem:1.26M, Peak:1.26M | Scene, ViewLayer | Sample 0/32
Fra:1 Mem:21.80M (Peak 21.80M) | Time:00:00.00 | Remaining:00:00.11 | Mem:7.20M, Peak:7.20M | Scene, ViewLayer | Sample 1/32
Fra:1 Mem:24.30M (Peak 28.05M) | Time:00:00.25 | Mem:7.20M, Peak:7.20M | Scene, ViewLayer | Sample 32/32
Fra:1 Mem:24.30M (Peak 28.05M) | Time:00:00.25 | Mem:7.20M, Peak:7.20M | Scene, ViewLayer | Finished
Saved: '/Users/al/git/Starbase2/.local/character-frames/eva/right-4.png'
Time: 00:00.25 (Saving: 00:00.00)

Fra:1 Mem:17.48M (Peak 17.48M) | Time:00:00.00 | Mem:0.00M, Peak:0.00M | Scene, ViewLayer | Synchronizing object | Waist undersuit
Fra:1 Mem:17.49M (Peak 17.49M) | Time:00:00.00 | Mem:0.00M, Peak:0.00M | Scene, ViewLayer | Synchronizing object | Knee gasket
Fra:1 Mem:17.50M (Peak 17.50M) | Time:00:00.00 | Mem:0.00M, Peak:0.00M | Scene, ViewLayer | Synchronizing object | Shin
Fra:1 Mem:17.54M (Peak 17.54M) | Time:00:00.00 | Mem:0.00M, Peak:0.00M | Scene, ViewLayer | Synchronizing object | Boot
Fra:1 Mem:17.63M (Peak 17.63M) | Time:00:00.00 | Mem:0.00M, Peak:0.00M | Scene, ViewLayer | Synchronizing object | Toe plate
Fra:1 Mem:17.67M (Peak 17.67M) | Time:00:00.00 | Mem:0.00M, Peak:0.00M | Scene, ViewLayer | Synchronizing object | Boot trim
Fra:1 Mem:17.68M (Peak 17.68M) | Time:00:00.00 | Mem:0.00M, Peak:0.00M | Scene, ViewLayer | Synchronizing object | Mission stripe
Fra:1 Mem:17.73M (Peak 17.73M) | Time:00:00.00 | Mem:0.00M, Peak:0.00M | Scene, ViewLayer | Synchronizing object | Rim
Fra:1 Mem:17.72M (Peak 17.73M) | Time:00:00.00 | Mem:0.00M, Peak:0.00M | Scene, ViewLayer | Synchronizing object | Gauntlet
Fra:1 Mem:17.75M (Peak 17.75M) | Time:00:00.00 | Mem:0.00M, Peak:0.00M | Scene, ViewLayer | Synchronizing object | Glove
Fra:1 Mem:17.75M (Peak 17.75M) | Time:00:00.00 | Mem:0.00M, Peak:0.00M | Scene, ViewLayer | Synchronizing object | Wrist display
Fra:1 Mem:17.76M (Peak 17.76M) | Time:00:00.00 | Mem:0.00M, Peak:0.00M | Scene, ViewLayer | Synchronizing object | Pressure fold
Fra:1 Mem:17.74M (Peak 17.76M) | Time:00:00.00 | Mem:0.00M, Peak:0.00M | Scene, ViewLayer | Synchronizing object | Pressure fold.002
Fra:1 Mem:17.75M (Peak 17.76M) | Time:00:00.00 | Mem:0.00M, Peak:0.00M | Scene, ViewLayer | Synchronizing object | Knee gasket.001
Fra:1 Mem:17.76M (Peak 17.76M) | Time:00:00.00 | Mem:0.00M, Peak:0.00M | Scene, ViewLayer | Synchronizing object | Knee plate.001
Fra:1 Mem:17.77M (Peak 17.77M) | Time:00:00.00 | Mem:0.00M, Peak:0.00M | Scene, ViewLayer | Synchronizing object | Shin.001
Fra:1 Mem:17.79M (Peak 17.79M) | Time:00:00.00 | Mem:0.00M, Peak:0.00M | Scene, ViewLayer | Synchronizing object | Boot.001
Fra:1 Mem:17.82M (Peak 17.82M) | Time:00:00.00 | Mem:0.00M, Peak:0.00M | Scene, ViewLayer | Synchronizing object | Toe plate.001
Fra:1 Mem:17.87M (Peak 17.87M) | Time:00:00.00 | Mem:0.00M, Peak:0.00M | Scene, ViewLayer | Synchronizing object | Boot trim.001
Fra:1 Mem:17.87M (Peak 17.87M) | Time:00:00.00 | Mem:0.00M, Peak:0.00M | Scene, ViewLayer | Synchronizing object | Upper sleeve.001
Fra:1 Mem:17.88M (Peak 17.88M) | Time:00:00.00 | Mem:0.00M, Peak:0.00M | Scene, ViewLayer | Synchronizing object | Shoulder shell.001
Fra:1 Mem:17.88M (Peak 17.88M) | Time:00:00.00 | Mem:0.00M, Peak:0.00M | Scene, ViewLayer | Synchronizing object | Elbow joint.001
Fra:1 Mem:17.90M (Peak 17.90M) | Time:00:00.00 | Mem:0.00M, Peak:0.00M | Scene, ViewLayer | Synchronizing object | Glove.001
Fra:1 Mem:17.90M (Peak 17.90M) | Time:00:00.00 | Mem:0.00M, Peak:0.00M | Scene, ViewLayer | Synchronizing object | Pressure fold.004
Fra:1 Mem:17.97M (Peak 17.97M) | Time:00:00.00 | Mem:0.00M, Peak:0.00M | Scene, ViewLayer | Synchronizing object | Pressure fold.005
Fra:1 Mem:17.96M (Peak 17.97M) | Time:00:00.00 | Mem:0.00M, Peak:0.00M | Scene, ViewLayer | Synchronizing object | Control.002
Fra:1 Mem:17.99M (Peak 17.99M) | Time:00:00.00 | Mem:0.00M, Peak:0.00M | Scene, ViewLayer | Synchronizing object | Control.001
Fra:1 Mem:18.00M (Peak 18.00M) | Time:00:00.00 | Mem:0.00M, Peak:0.00M | Scene, ViewLayer | Synchronizing object | Life support pack
Fra:1 Mem:18.13M (Peak 18.13M) | Time:00:00.00 | Mem:0.00M, Peak:0.00M | Scene, ViewLayer | Synchronizing object | Pack inset
Fra:1 Mem:18.10M (Peak 18.13M) | Time:00:00.00 | Mem:0.00M, Peak:0.00M | Scene, ViewLayer | Synchronizing object | Neck seal
Fra:1 Mem:18.13M (Peak 18.13M) | Time:00:00.00 | Mem:0.00M, Peak:0.00M | Scene, ViewLayer | Synchronizing object | Amber visor
Fra:1 Mem:18.15M (Peak 18.15M) | Time:00:00.00 | Mem:0.00M, Peak:0.00M | Scene, ViewLayer | Synchronizing object | Visor glint
Fra:1 Mem:18.14M (Peak 18.15M) | Time:00:00.00 | Mem:0.00M, Peak:0.00M | Scene, ViewLayer | Synchronizing object | Comms housing
Fra:1 Mem:18.15M (Peak 18.15M) | Time:00:00.00 | Mem:0.00M, Peak:0.00M | Scene, ViewLayer | Synchronizing object | Control
Fra:1 Mem:18.18M (Peak 18.18M) | Time:00:00.00 | Mem:0.00M, Peak:0.00M | Scene, ViewLayer | Synchronizing object | Comms housing.001
Fra:1 Mem:18.20M (Peak 18.20M) | Time:00:00.00 | Mem:0.00M, Peak:0.00M | Scene, ViewLayer | Synchronizing object | Display glass
Fra:1 Mem:18.22M (Peak 18.22M) | Time:00:00.00 | Mem:0.00M, Peak:0.00M | Scene, ViewLayer | Synchronizing object | Chest control unit
Fra:1 Mem:18.29M (Peak 18.29M) | Time:00:00.00 | Mem:0.00M, Peak:0.00M | Scene, ViewLayer | Synchronizing object | Telemetry display
Fra:1 Mem:18.31M (Peak 18.31M) | Time:00:00.00 | Mem:0.00M, Peak:0.00M | Scene, ViewLayer | Initializing
Fra:1 Mem:15.10M (Peak 18.31M) | Time:00:00.00 | Mem:0.00M, Peak:0.00M | Scene, ViewLayer | Waiting for render to start
Fra:1 Mem:15.10M (Peak 18.31M) | Time:00:00.00 | Mem:0.00M, Peak:0.00M | Scene, ViewLayer | Updating Scene
Fra:1 Mem:15.10M (Peak 18.31M) | Time:00:00.00 | Mem:0.00M, Peak:0.00M | Scene, ViewLayer | Updating Shaders
Fra:1 Mem:15.10M (Peak 18.31M) | Time:00:00.00 | Mem:0.00M, Peak:0.00M | Scene, ViewLayer | Loading render kernels (may take a few minutes the first time)
Fra:1 Mem:15.19M (Peak 18.31M) | Time:00:00.00 | Mem:0.01M, Peak:0.01M | Scene, ViewLayer | Updating Procedurals
Fra:1 Mem:15.19M (Peak 18.31M) | Time:00:00.00 | Mem:0.01M, Peak:0.01M | Scene, ViewLayer | Updating Background
Fra:1 Mem:15.19M (Peak 18.31M) | Time:00:00.00 | Mem:0.01M, Peak:0.01M | Scene, ViewLayer | Updating Camera
Fra:1 Mem:15.19M (Peak 18.31M) | Time:00:00.00 | Mem:0.01M, Peak:0.01M | Scene, ViewLayer | Updating Meshes Flags
Fra:1 Mem:15.19M (Peak 18.31M) | Time:00:00.00 | Mem:0.01M, Peak:0.01M | Scene, ViewLayer | Updating Objects
Fra:1 Mem:15.19M (Peak 18.31M) | Time:00:00.00 | Mem:0.01M, Peak:0.01M | Scene, ViewLayer | Updating Objects | Copying Transformations to device
Fra:1 Mem:15.20M (Peak 18.31M) | Time:00:00.00 | Mem:0.02M, Peak:0.02M | Scene, ViewLayer | Updating Particle Systems
Fra:1 Mem:15.20M (Peak 18.31M) | Time:00:00.00 | Mem:0.02M, Peak:0.02M | Scene, ViewLayer | Updating Particle Systems | Copying Particles to device
Fra:1 Mem:15.20M (Peak 18.31M) | Time:00:00.00 | Mem:0.02M, Peak:0.02M | Scene, ViewLayer | Updating Meshes
Fra:1 Mem:15.20M (Peak 18.31M) | Time:00:00.00 | Mem:0.02M, Peak:0.02M | Scene, ViewLayer | Updating Objects | Applying Static Transformations
Fra:1 Mem:15.20M (Peak 18.31M) | Time:00:00.00 | Mem:0.02M, Peak:0.02M | Scene, ViewLayer | Updating Mesh | Computing attributes
Fra:1 Mem:15.32M (Peak 18.31M) | Time:00:00.00 | Mem:0.02M, Peak:0.02M | Scene, ViewLayer | Updating Mesh | Copying Attributes to device
Fra:1 Mem:15.31M (Peak 18.31M) | Time:00:00.00 | Mem:0.13M, Peak:0.13M | Scene, ViewLayer | Updating Scene BVH | Building
Fra:1 Mem:15.31M (Peak 18.31M) | Time:00:00.00 | Mem:0.13M, Peak:0.13M | Scene, ViewLayer | Updating Scene BVH | Building BVH
Fra:1 Mem:15.31M (Peak 18.31M) | Time:00:00.00 | Mem:0.45M, Peak:0.45M | Scene, ViewLayer | Updating Scene BVH | Building BVH 0%
Fra:1 Mem:15.31M (Peak 18.31M) | Time:00:00.00 | Mem:0.83M, Peak:1.15M | Scene, ViewLayer | Updating Scene BVH | Copying BVH to device
Fra:1 Mem:15.31M (Peak 18.31M) | Time:00:00.00 | Mem:0.83M, Peak:1.15M | Scene, ViewLayer | Updating Mesh | Computing normals
Fra:1 Mem:15.69M (Peak 18.31M) | Time:00:00.00 | Mem:0.83M, Peak:1.15M | Scene, ViewLayer | Updating Mesh | Copying Mesh to device
Fra:1 Mem:15.69M (Peak 18.31M) | Time:00:00.00 | Mem:1.21M, Peak:1.21M | Scene, ViewLayer | Updating Objects Flags
Fra:1 Mem:15.69M (Peak 18.31M) | Time:00:00.00 | Mem:1.21M, Peak:1.21M | Scene, ViewLayer | Updating Primitive Offsets
Fra:1 Mem:15.69M (Peak 18.31M) | Time:00:00.00 | Mem:1.21M, Peak:1.21M | Scene, ViewLayer | Updating Images
Fra:1 Mem:15.69M (Peak 18.31M) | Time:00:00.00 | Mem:1.21M, Peak:1.21M | Scene, ViewLayer | Updating Camera Volume
Fra:1 Mem:15.69M (Peak 18.31M) | Time:00:00.00 | Mem:1.21M, Peak:1.21M | Scene, ViewLayer | Updating Lookup Tables
Fra:1 Mem:15.69M (Peak 18.31M) | Time:00:00.00 | Mem:1.29M, Peak:1.29M | Scene, ViewLayer | Updating Lights
Fra:1 Mem:15.69M (Peak 18.31M) | Time:00:00.00 | Mem:1.29M, Peak:1.29M | Scene, ViewLayer | Updating Lights | Computing tree
Fra:1 Mem:15.69M (Peak 18.31M) | Time:00:00.00 | Mem:1.29M, Peak:1.29M | Scene, ViewLayer | Updating Integrator
Fra:1 Mem:15.69M (Peak 18.31M) | Time:00:00.00 | Mem:1.29M, Peak:1.29M | Scene, ViewLayer | Updating Film
Fra:1 Mem:15.70M (Peak 18.31M) | Time:00:00.00 | Mem:1.21M, Peak:1.29M | Scene, ViewLayer | Updating Lookup Tables
Fra:1 Mem:15.70M (Peak 18.31M) | Time:00:00.00 | Mem:1.30M, Peak:1.30M | Scene, ViewLayer | Updating Baking
Fra:1 Mem:15.70M (Peak 18.31M) | Time:00:00.00 | Mem:1.30M, Peak:1.30M | Scene, ViewLayer | Updating Device | Writing constant memory
Fra:1 Mem:15.70M (Peak 18.31M) | Time:00:00.00 | Mem:1.30M, Peak:1.30M | Scene, ViewLayer | Loading denoising kernels (may take a few minutes the first time)
Fra:1 Mem:15.70M (Peak 18.31M) | Time:00:00.00 | Mem:1.30M, Peak:1.30M | Scene, ViewLayer | Sample 0/32
Fra:1 Mem:21.80M (Peak 21.80M) | Time:00:00.00 | Remaining:00:00.11 | Mem:7.23M, Peak:7.23M | Scene, ViewLayer | Sample 1/32
Fra:1 Mem:24.30M (Peak 28.05M) | Time:00:00.25 | Mem:7.23M, Peak:7.23M | Scene, ViewLayer | Sample 32/32
Fra:1 Mem:24.30M (Peak 28.05M) | Time:00:00.25 | Mem:7.23M, Peak:7.23M | Scene, ViewLayer | Finished
Saved: '/Users/al/git/Starbase2/.local/character-frames/eva/right-5.png'
Time: 00:00.25 (Saving: 00:00.00)

Fra:1 Mem:17.48M (Peak 17.48M) | Time:00:00.00 | Mem:0.00M, Peak:0.00M | Scene, ViewLayer | Synchronizing object | Pressure torso
Fra:1 Mem:17.48M (Peak 17.48M) | Time:00:00.00 | Mem:0.00M, Peak:0.00M | Scene, ViewLayer | Synchronizing object | Belt pouch
Fra:1 Mem:17.50M (Peak 17.50M) | Time:00:00.00 | Mem:0.00M, Peak:0.00M | Scene, ViewLayer | Synchronizing object | Knee gasket
Fra:1 Mem:17.53M (Peak 17.53M) | Time:00:00.00 | Mem:0.00M, Peak:0.00M | Scene, ViewLayer | Synchronizing object | Knee plate
Fra:1 Mem:17.53M (Peak 17.53M) | Time:00:00.00 | Mem:0.00M, Peak:0.00M | Scene, ViewLayer | Synchronizing object | Shin
Fra:1 Mem:17.57M (Peak 17.57M) | Time:00:00.00 | Mem:0.00M, Peak:0.00M | Scene, ViewLayer | Synchronizing object | Boot
Fra:1 Mem:17.64M (Peak 17.64M) | Time:00:00.00 | Mem:0.00M, Peak:0.00M | Scene, ViewLayer | Synchronizing object | Toe plate
Fra:1 Mem:17.64M (Peak 17.64M) | Time:00:00.00 | Mem:0.00M, Peak:0.00M | Scene, ViewLayer | Synchronizing object | Boot trim
Fra:1 Mem:17.67M (Peak 17.67M) | Time:00:00.00 | Mem:0.00M, Peak:0.00M | Scene, ViewLayer | Synchronizing object | Upper sleeve
Fra:1 Mem:17.65M (Peak 17.67M) | Time:00:00.00 | Mem:0.00M, Peak:0.00M | Scene, ViewLayer | Synchronizing object | Mission stripe
Fra:1 Mem:17.68M (Peak 17.68M) | Time:00:00.00 | Mem:0.00M, Peak:0.00M | Scene, ViewLayer | Synchronizing object | Elbow joint
Fra:1 Mem:17.74M (Peak 17.74M) | Time:00:00.00 | Mem:0.00M, Peak:0.00M | Scene, ViewLayer | Synchronizing object | Gauntlet
Fra:1 Mem:17.73M (Peak 17.74M) | Time:00:00.00 | Mem:0.00M, Peak:0.00M | Scene, ViewLayer | Synchronizing object | Glove
Fra:1 Mem:17.75M (Peak 17.75M) | Time:00:00.00 | Mem:0.00M, Peak:0.00M | Scene, ViewLayer | Synchronizing object | Pressure fold
Fra:1 Mem:17.74M (Peak 17.75M) | Time:00:00.00 | Mem:0.00M, Peak:0.00M | Scene, ViewLayer | Synchronizing object | Pressure fold.001
Fra:1 Mem:17.73M (Peak 17.75M) | Time:00:00.00 | Mem:0.00M, Peak:0.00M | Scene, ViewLayer | Synchronizing object | Thigh.001
Fra:1 Mem:17.75M (Peak 17.75M) | Time:00:00.00 | Mem:0.00M, Peak:0.00M | Scene, ViewLayer | Synchronizing object | Knee plate.001
Fra:1 Mem:17.78M (Peak 17.78M) | Time:00:00.00 | Mem:0.00M, Peak:0.00M | Scene, ViewLayer | Synchronizing object | Shin.001
Fra:1 Mem:17.82M (Peak 17.82M) | Time:00:00.00 | Mem:0.00M, Peak:0.00M | Scene, ViewLayer | Synchronizing object | Control.001
Fra:1 Mem:17.86M (Peak 17.86M) | Time:00:00.00 | Mem:0.00M, Peak:0.00M | Scene, ViewLayer | Synchronizing object | Boot.001
Fra:1 Mem:17.85M (Peak 17.86M) | Time:00:00.00 | Mem:0.00M, Peak:0.00M | Scene, ViewLayer | Synchronizing object | Control
Fra:1 Mem:17.87M (Peak 17.87M) | Time:00:00.00 | Mem:0.00M, Peak:0.00M | Scene, ViewLayer | Synchronizing object | Toe plate.001
Fra:1 Mem:17.89M (Peak 17.89M) | Time:00:00.00 | Mem:0.00M, Peak:0.00M | Scene, ViewLayer | Synchronizing object | Upper sleeve.001
Fra:1 Mem:17.92M (Peak 17.92M) | Time:00:00.00 | Mem:0.00M, Peak:0.00M | Scene, ViewLayer | Synchronizing object | Mission stripe.001
Fra:1 Mem:17.92M (Peak 17.92M) | Time:00:00.00 | Mem:0.00M, Peak:0.00M | Scene, ViewLayer | Synchronizing object | Elbow joint.001
Fra:1 Mem:17.96M (Peak 17.96M) | Time:00:00.00 | Mem:0.00M, Peak:0.00M | Scene, ViewLayer | Synchronizing object | Gauntlet.001
Fra:1 Mem:17.98M (Peak 17.98M) | Time:00:00.00 | Mem:0.00M, Peak:0.00M | Scene, ViewLayer | Synchronizing object | Glove.001
Fra:1 Mem:17.99M (Peak 17.99M) | Time:00:00.00 | Mem:0.00M, Peak:0.00M | Scene, ViewLayer | Synchronizing object | Wrist display.001
Fra:1 Mem:18.03M (Peak 18.03M) | Time:00:00.00 | Mem:0.00M, Peak:0.00M | Scene, ViewLayer | Synchronizing object | Pressure fold.004
Fra:1 Mem:18.03M (Peak 18.03M) | Time:00:00.00 | Mem:0.00M, Peak:0.00M | Scene, ViewLayer | Synchronizing object | Pressure fold.005
Fra:1 Mem:18.04M (Peak 18.04M) | Time:00:00.00 | Mem:0.00M, Peak:0.00M | Scene, ViewLayer | Synchronizing object | Pressure fold.007
Fra:1 Mem:18.07M (Peak 18.07M) | Time:00:00.00 | Mem:0.00M, Peak:0.00M | Scene, ViewLayer | Synchronizing object | Life support pack
Fra:1 Mem:18.08M (Peak 18.08M) | Time:00:00.00 | Mem:0.00M, Peak:0.00M | Scene, ViewLayer | Synchronizing object | Oxygen cylinder
Fra:1 Mem:18.09M (Peak 18.09M) | Time:00:00.00 | Mem:0.00M, Peak:0.00M | Scene, ViewLayer | Synchronizing object | Oxygen cylinder.001
Fra:1 Mem:18.10M (Peak 18.10M) | Time:00:00.00 | Mem:0.00M, Peak:0.00M | Scene, ViewLayer | Synchronizing object | Neck seal
Fra:1 Mem:18.11M (Peak 18.11M) | Time:00:00.00 | Mem:0.00M, Peak:0.00M | Scene, ViewLayer | Synchronizing object | Helmet
Fra:1 Mem:18.13M (Peak 18.13M) | Time:00:00.00 | Mem:0.00M, Peak:0.00M | Scene, ViewLayer | Synchronizing object | Amber visor
Fra:1 Mem:18.13M (Peak 18.13M) | Time:00:00.00 | Mem:0.00M, Peak:0.00M | Scene, ViewLayer | Synchronizing object | Visor warm reflection
Fra:1 Mem:18.15M (Peak 18.15M) | Time:00:00.00 | Mem:0.00M, Peak:0.00M | Scene, ViewLayer | Synchronizing object | Comms housing
Fra:1 Mem:18.16M (Peak 18.16M) | Time:00:00.00 | Mem:0.00M, Peak:0.00M | Scene, ViewLayer | Synchronizing object | Comms housing.001
Fra:1 Mem:18.24M (Peak 18.24M) | Time:00:00.00 | Mem:0.00M, Peak:0.00M | Scene, ViewLayer | Synchronizing object | Chest control unit
Fra:1 Mem:18.28M (Peak 18.28M) | Time:00:00.00 | Mem:0.00M, Peak:0.00M | Scene, ViewLayer | Synchronizing object | Telemetry display
Fra:1 Mem:18.31M (Peak 18.31M) | Time:00:00.00 | Mem:0.00M, Peak:0.00M | Scene, ViewLayer | Initializing
Fra:1 Mem:15.10M (Peak 18.31M) | Time:00:00.00 | Mem:0.00M, Peak:0.00M | Scene, ViewLayer | Waiting for render to start
Fra:1 Mem:15.10M (Peak 18.31M) | Time:00:00.00 | Mem:0.00M, Peak:0.00M | Scene, ViewLayer | Updating Scene
Fra:1 Mem:15.10M (Peak 18.31M) | Time:00:00.00 | Mem:0.00M, Peak:0.00M | Scene, ViewLayer | Updating Shaders
Fra:1 Mem:15.10M (Peak 18.31M) | Time:00:00.00 | Mem:0.00M, Peak:0.00M | Scene, ViewLayer | Loading render kernels (may take a few minutes the first time)
Fra:1 Mem:15.19M (Peak 18.31M) | Time:00:00.00 | Mem:0.01M, Peak:0.01M | Scene, ViewLayer | Updating Procedurals
Fra:1 Mem:15.19M (Peak 18.31M) | Time:00:00.00 | Mem:0.01M, Peak:0.01M | Scene, ViewLayer | Updating Background
Fra:1 Mem:15.19M (Peak 18.31M) | Time:00:00.00 | Mem:0.01M, Peak:0.01M | Scene, ViewLayer | Updating Camera
Fra:1 Mem:15.19M (Peak 18.31M) | Time:00:00.00 | Mem:0.01M, Peak:0.01M | Scene, ViewLayer | Updating Meshes Flags
Fra:1 Mem:15.19M (Peak 18.31M) | Time:00:00.00 | Mem:0.01M, Peak:0.01M | Scene, ViewLayer | Updating Objects
Fra:1 Mem:15.19M (Peak 18.31M) | Time:00:00.00 | Mem:0.01M, Peak:0.01M | Scene, ViewLayer | Updating Objects | Copying Transformations to device
Fra:1 Mem:15.20M (Peak 18.31M) | Time:00:00.00 | Mem:0.02M, Peak:0.02M | Scene, ViewLayer | Updating Particle Systems
Fra:1 Mem:15.20M (Peak 18.31M) | Time:00:00.00 | Mem:0.02M, Peak:0.02M | Scene, ViewLayer | Updating Particle Systems | Copying Particles to device
Fra:1 Mem:15.20M (Peak 18.31M) | Time:00:00.00 | Mem:0.02M, Peak:0.02M | Scene, ViewLayer | Updating Meshes
Fra:1 Mem:15.20M (Peak 18.31M) | Time:00:00.00 | Mem:0.02M, Peak:0.02M | Scene, ViewLayer | Updating Objects | Applying Static Transformations
Fra:1 Mem:15.20M (Peak 18.31M) | Time:00:00.00 | Mem:0.02M, Peak:0.02M | Scene, ViewLayer | Updating Mesh | Computing attributes
Fra:1 Mem:15.32M (Peak 18.31M) | Time:00:00.00 | Mem:0.02M, Peak:0.02M | Scene, ViewLayer | Updating Mesh | Copying Attributes to device
Fra:1 Mem:15.31M (Peak 18.31M) | Time:00:00.00 | Mem:0.13M, Peak:0.13M | Scene, ViewLayer | Updating Scene BVH | Building
Fra:1 Mem:15.31M (Peak 18.31M) | Time:00:00.00 | Mem:0.13M, Peak:0.13M | Scene, ViewLayer | Updating Scene BVH | Building BVH
Fra:1 Mem:15.31M (Peak 18.31M) | Time:00:00.00 | Mem:0.45M, Peak:0.45M | Scene, ViewLayer | Updating Scene BVH | Building BVH 0%
Fra:1 Mem:15.31M (Peak 18.31M) | Time:00:00.00 | Mem:0.83M, Peak:1.15M | Scene, ViewLayer | Updating Scene BVH | Copying BVH to device
Fra:1 Mem:15.31M (Peak 18.31M) | Time:00:00.00 | Mem:0.83M, Peak:1.15M | Scene, ViewLayer | Updating Mesh | Computing normals
Fra:1 Mem:15.69M (Peak 18.31M) | Time:00:00.00 | Mem:0.83M, Peak:1.15M | Scene, ViewLayer | Updating Mesh | Copying Mesh to device
Fra:1 Mem:15.69M (Peak 18.31M) | Time:00:00.00 | Mem:1.21M, Peak:1.21M | Scene, ViewLayer | Updating Objects Flags
Fra:1 Mem:15.69M (Peak 18.31M) | Time:00:00.00 | Mem:1.21M, Peak:1.21M | Scene, ViewLayer | Updating Primitive Offsets
Fra:1 Mem:15.69M (Peak 18.31M) | Time:00:00.00 | Mem:1.21M, Peak:1.21M | Scene, ViewLayer | Updating Images
Fra:1 Mem:15.69M (Peak 18.31M) | Time:00:00.00 | Mem:1.21M, Peak:1.21M | Scene, ViewLayer | Updating Camera Volume
Fra:1 Mem:15.69M (Peak 18.31M) | Time:00:00.00 | Mem:1.21M, Peak:1.21M | Scene, ViewLayer | Updating Lookup Tables
Fra:1 Mem:15.69M (Peak 18.31M) | Time:00:00.00 | Mem:1.29M, Peak:1.29M | Scene, ViewLayer | Updating Lights
Fra:1 Mem:15.69M (Peak 18.31M) | Time:00:00.00 | Mem:1.29M, Peak:1.29M | Scene, ViewLayer | Updating Lights | Computing tree
Fra:1 Mem:15.69M (Peak 18.31M) | Time:00:00.00 | Mem:1.29M, Peak:1.29M | Scene, ViewLayer | Updating Integrator
Fra:1 Mem:15.69M (Peak 18.31M) | Time:00:00.00 | Mem:1.29M, Peak:1.29M | Scene, ViewLayer | Updating Film
Fra:1 Mem:15.70M (Peak 18.31M) | Time:00:00.00 | Mem:1.21M, Peak:1.29M | Scene, ViewLayer | Updating Lookup Tables
Fra:1 Mem:15.70M (Peak 18.31M) | Time:00:00.00 | Mem:1.30M, Peak:1.30M | Scene, ViewLayer | Updating Baking
Fra:1 Mem:15.70M (Peak 18.31M) | Time:00:00.00 | Mem:1.30M, Peak:1.30M | Scene, ViewLayer | Updating Device | Writing constant memory
Fra:1 Mem:15.70M (Peak 18.31M) | Time:00:00.00 | Mem:1.30M, Peak:1.30M | Scene, ViewLayer | Loading denoising kernels (may take a few minutes the first time)
Fra:1 Mem:15.70M (Peak 18.31M) | Time:00:00.00 | Mem:1.30M, Peak:1.30M | Scene, ViewLayer | Sample 0/32
Fra:1 Mem:21.80M (Peak 21.80M) | Time:00:00.00 | Remaining:00:00.11 | Mem:7.23M, Peak:7.23M | Scene, ViewLayer | Sample 1/32
Fra:1 Mem:24.30M (Peak 28.05M) | Time:00:00.24 | Mem:7.23M, Peak:7.23M | Scene, ViewLayer | Sample 32/32
Fra:1 Mem:24.30M (Peak 28.05M) | Time:00:00.24 | Mem:7.23M, Peak:7.23M | Scene, ViewLayer | Finished
Saved: '/Users/al/git/Starbase2/.local/character-frames/eva/right-6.png'
Time: 00:00.24 (Saving: 00:00.00)

Fra:1 Mem:17.48M (Peak 17.48M) | Time:00:00.00 | Mem:0.00M, Peak:0.00M | Scene, ViewLayer | Synchronizing object | Pressure torso
Fra:1 Mem:17.49M (Peak 17.49M) | Time:00:00.00 | Mem:0.00M, Peak:0.00M | Scene, ViewLayer | Synchronizing object | Knee plate
Fra:1 Mem:17.52M (Peak 17.52M) | Time:00:00.00 | Mem:0.00M, Peak:0.00M | Scene, ViewLayer | Synchronizing object | Shin
Fra:1 Mem:17.57M (Peak 17.57M) | Time:00:00.00 | Mem:0.00M, Peak:0.00M | Scene, ViewLayer | Synchronizing object | Boot
Fra:1 Mem:17.62M (Peak 17.62M) | Time:00:00.00 | Mem:0.00M, Peak:0.00M | Scene, ViewLayer | Synchronizing object | Toe plate
Fra:1 Mem:17.69M (Peak 17.69M) | Time:00:00.00 | Mem:0.00M, Peak:0.00M | Scene, ViewLayer | Synchronizing object | Boot trim
Fra:1 Mem:17.72M (Peak 17.72M) | Time:00:00.00 | Mem:0.00M, Peak:0.00M | Scene, ViewLayer | Synchronizing object | Upper sleeve
Fra:1 Mem:17.77M (Peak 17.77M) | Time:00:00.00 | Mem:0.00M, Peak:0.00M | Scene, ViewLayer | Synchronizing object | Mission stripe
Fra:1 Mem:17.74M (Peak 17.77M) | Time:00:00.00 | Mem:0.00M, Peak:0.00M | Scene, ViewLayer | Synchronizing object | Elbow joint
Fra:1 Mem:17.72M (Peak 17.77M) | Time:00:00.00 | Mem:0.00M, Peak:0.00M | Scene, ViewLayer | Synchronizing object | Gauntlet
Fra:1 Mem:17.76M (Peak 17.77M) | Time:00:00.00 | Mem:0.00M, Peak:0.00M | Scene, ViewLayer | Synchronizing object | Wrist display
Fra:1 Mem:17.75M (Peak 17.77M) | Time:00:00.00 | Mem:0.00M, Peak:0.00M | Scene, ViewLayer | Synchronizing object | Pressure fold.001
Fra:1 Mem:17.76M (Peak 17.77M) | Time:00:00.00 | Mem:0.00M, Peak:0.00M | Scene, ViewLayer | Synchronizing object | Pressure fold.002
Fra:1 Mem:17.76M (Peak 17.77M) | Time:00:00.00 | Mem:0.00M, Peak:0.00M | Scene, ViewLayer | Synchronizing object | Pressure fold.003
Fra:1 Mem:17.77M (Peak 17.77M) | Time:00:00.00 | Mem:0.00M, Peak:0.00M | Scene, ViewLayer | Synchronizing object | Knee plate.001
Fra:1 Mem:17.79M (Peak 17.79M) | Time:00:00.00 | Mem:0.00M, Peak:0.00M | Scene, ViewLayer | Synchronizing object | Shin.001
Fra:1 Mem:17.80M (Peak 17.80M) | Time:00:00.00 | Mem:0.00M, Peak:0.00M | Scene, ViewLayer | Synchronizing object | Boot.001
Fra:1 Mem:17.81M (Peak 17.81M) | Time:00:00.00 | Mem:0.00M, Peak:0.00M | Scene, ViewLayer | Synchronizing object | Toe plate.001
Fra:1 Mem:17.85M (Peak 17.85M) | Time:00:00.00 | Mem:0.00M, Peak:0.00M | Scene, ViewLayer | Synchronizing object | Boot trim.001
Fra:1 Mem:17.87M (Peak 17.87M) | Time:00:00.00 | Mem:0.00M, Peak:0.00M | Scene, ViewLayer | Synchronizing object | Upper sleeve.001
Fra:1 Mem:17.88M (Peak 17.88M) | Time:00:00.00 | Mem:0.00M, Peak:0.00M | Scene, ViewLayer | Synchronizing object | Shoulder shell.001
Fra:1 Mem:17.89M (Peak 17.89M) | Time:00:00.00 | Mem:0.00M, Peak:0.00M | Scene, ViewLayer | Synchronizing object | Mission stripe.001
Fra:1 Mem:17.90M (Peak 17.90M) | Time:00:00.00 | Mem:0.00M, Peak:0.00M | Scene, ViewLayer | Synchronizing object | Glove.001
Fra:1 Mem:17.93M (Peak 17.93M) | Time:00:00.00 | Mem:0.00M, Peak:0.00M | Scene, ViewLayer | Synchronizing object | Control.002
Fra:1 Mem:17.92M (Peak 17.93M) | Time:00:00.00 | Mem:0.00M, Peak:0.00M | Scene, ViewLayer | Synchronizing object | Wrist display.001
Fra:1 Mem:17.95M (Peak 17.95M) | Time:00:00.00 | Mem:0.00M, Peak:0.00M | Scene, ViewLayer | Synchronizing object | Pressure fold.004
Fra:1 Mem:17.99M (Peak 17.99M) | Time:00:00.00 | Mem:0.00M, Peak:0.00M | Scene, ViewLayer | Synchronizing object | Pressure fold.005
Fra:1 Mem:18.00M (Peak 18.00M) | Time:00:00.00 | Mem:0.00M, Peak:0.00M | Scene, ViewLayer | Synchronizing object | Pressure fold.006
Fra:1 Mem:18.01M (Peak 18.01M) | Time:00:00.00 | Mem:0.00M, Peak:0.00M | Scene, ViewLayer | Synchronizing object | Pressure fold.007
Fra:1 Mem:18.03M (Peak 18.03M) | Time:00:00.00 | Mem:0.00M, Peak:0.00M | Scene, ViewLayer | Synchronizing object | Life support pack
Fra:1 Mem:18.03M (Peak 18.03M) | Time:00:00.00 | Mem:0.00M, Peak:0.00M | Scene, ViewLayer | Synchronizing object | Oxygen cylinder
Fra:1 Mem:18.06M (Peak 18.06M) | Time:00:00.00 | Mem:0.00M, Peak:0.00M | Scene, ViewLayer | Synchronizing object | Control.001
Fra:1 Mem:18.11M (Peak 18.11M) | Time:00:00.00 | Mem:0.00M, Peak:0.00M | Scene, ViewLayer | Synchronizing object | Helmet
Fra:1 Mem:18.11M (Peak 18.11M) | Time:00:00.00 | Mem:0.00M, Peak:0.00M | Scene, ViewLayer | Synchronizing object | Visor seal
Fra:1 Mem:18.14M (Peak 18.14M) | Time:00:00.00 | Mem:0.00M, Peak:0.00M | Scene, ViewLayer | Synchronizing object | Amber visor
Fra:1 Mem:18.15M (Peak 18.15M) | Time:00:00.00 | Mem:0.00M, Peak:0.00M | Scene, ViewLayer | Synchronizing object | Visor warm reflection
Fra:1 Mem:18.17M (Peak 18.17M) | Time:00:00.00 | Mem:0.00M, Peak:0.00M | Scene, ViewLayer | Synchronizing object | Visor glint
Fra:1 Mem:18.16M (Peak 18.17M) | Time:00:00.00 | Mem:0.00M, Peak:0.00M | Scene, ViewLayer | Synchronizing object | Comms housing
Fra:1 Mem:18.17M (Peak 18.17M) | Time:00:00.00 | Mem:0.00M, Peak:0.00M | Scene, ViewLayer | Synchronizing object | Chest control unit
Fra:1 Mem:18.18M (Peak 18.18M) | Time:00:00.00 | Mem:0.00M, Peak:0.00M | Scene, ViewLayer | Synchronizing object | Telemetry display
Fra:1 Mem:18.20M (Peak 18.20M) | Time:00:00.00 | Mem:0.00M, Peak:0.00M | Scene, ViewLayer | Synchronizing object | Display glass
Fra:1 Mem:18.23M (Peak 18.23M) | Time:00:00.00 | Mem:0.00M, Peak:0.00M | Scene, ViewLayer | Synchronizing object | Control
Fra:1 Mem:18.31M (Peak 18.31M) | Time:00:00.00 | Mem:0.00M, Peak:0.00M | Scene, ViewLayer | Initializing
Fra:1 Mem:15.10M (Peak 18.31M) | Time:00:00.00 | Mem:0.00M, Peak:0.00M | Scene, ViewLayer | Waiting for render to start
Fra:1 Mem:15.10M (Peak 18.31M) | Time:00:00.00 | Mem:0.00M, Peak:0.00M | Scene, ViewLayer | Updating Scene
Fra:1 Mem:15.10M (Peak 18.31M) | Time:00:00.00 | Mem:0.00M, Peak:0.00M | Scene, ViewLayer | Updating Shaders
Fra:1 Mem:15.10M (Peak 18.31M) | Time:00:00.00 | Mem:0.00M, Peak:0.00M | Scene, ViewLayer | Loading render kernels (may take a few minutes the first time)
Fra:1 Mem:15.19M (Peak 18.31M) | Time:00:00.00 | Mem:0.01M, Peak:0.01M | Scene, ViewLayer | Updating Procedurals
Fra:1 Mem:15.19M (Peak 18.31M) | Time:00:00.00 | Mem:0.01M, Peak:0.01M | Scene, ViewLayer | Updating Background
Fra:1 Mem:15.19M (Peak 18.31M) | Time:00:00.00 | Mem:0.01M, Peak:0.01M | Scene, ViewLayer | Updating Camera
Fra:1 Mem:15.19M (Peak 18.31M) | Time:00:00.00 | Mem:0.01M, Peak:0.01M | Scene, ViewLayer | Updating Meshes Flags
Fra:1 Mem:15.19M (Peak 18.31M) | Time:00:00.00 | Mem:0.01M, Peak:0.01M | Scene, ViewLayer | Updating Objects
Fra:1 Mem:15.19M (Peak 18.31M) | Time:00:00.00 | Mem:0.01M, Peak:0.01M | Scene, ViewLayer | Updating Objects | Copying Transformations to device
Fra:1 Mem:15.20M (Peak 18.31M) | Time:00:00.00 | Mem:0.02M, Peak:0.02M | Scene, ViewLayer | Updating Particle Systems
Fra:1 Mem:15.20M (Peak 18.31M) | Time:00:00.00 | Mem:0.02M, Peak:0.02M | Scene, ViewLayer | Updating Particle Systems | Copying Particles to device
Fra:1 Mem:15.20M (Peak 18.31M) | Time:00:00.00 | Mem:0.02M, Peak:0.02M | Scene, ViewLayer | Updating Meshes
Fra:1 Mem:15.20M (Peak 18.31M) | Time:00:00.00 | Mem:0.02M, Peak:0.02M | Scene, ViewLayer | Updating Objects | Applying Static Transformations
Fra:1 Mem:15.20M (Peak 18.31M) | Time:00:00.00 | Mem:0.02M, Peak:0.02M | Scene, ViewLayer | Updating Mesh | Computing attributes
Fra:1 Mem:15.32M (Peak 18.31M) | Time:00:00.00 | Mem:0.02M, Peak:0.02M | Scene, ViewLayer | Updating Mesh | Copying Attributes to device
Fra:1 Mem:15.31M (Peak 18.31M) | Time:00:00.00 | Mem:0.13M, Peak:0.13M | Scene, ViewLayer | Updating Scene BVH | Building
Fra:1 Mem:15.31M (Peak 18.31M) | Time:00:00.00 | Mem:0.13M, Peak:0.13M | Scene, ViewLayer | Updating Scene BVH | Building BVH
Fra:1 Mem:15.31M (Peak 18.31M) | Time:00:00.00 | Mem:0.45M, Peak:0.45M | Scene, ViewLayer | Updating Scene BVH | Building BVH 0%
Fra:1 Mem:15.31M (Peak 18.31M) | Time:00:00.00 | Mem:0.83M, Peak:1.15M | Scene, ViewLayer | Updating Scene BVH | Copying BVH to device
Fra:1 Mem:15.31M (Peak 18.31M) | Time:00:00.00 | Mem:0.83M, Peak:1.15M | Scene, ViewLayer | Updating Mesh | Computing normals
Fra:1 Mem:15.69M (Peak 18.31M) | Time:00:00.00 | Mem:0.83M, Peak:1.15M | Scene, ViewLayer | Updating Mesh | Copying Mesh to device
Fra:1 Mem:15.69M (Peak 18.31M) | Time:00:00.00 | Mem:1.21M, Peak:1.21M | Scene, ViewLayer | Updating Objects Flags
Fra:1 Mem:15.69M (Peak 18.31M) | Time:00:00.00 | Mem:1.21M, Peak:1.21M | Scene, ViewLayer | Updating Primitive Offsets
Fra:1 Mem:15.69M (Peak 18.31M) | Time:00:00.00 | Mem:1.21M, Peak:1.21M | Scene, ViewLayer | Updating Images
Fra:1 Mem:15.69M (Peak 18.31M) | Time:00:00.00 | Mem:1.21M, Peak:1.21M | Scene, ViewLayer | Updating Camera Volume
Fra:1 Mem:15.69M (Peak 18.31M) | Time:00:00.00 | Mem:1.21M, Peak:1.21M | Scene, ViewLayer | Updating Lookup Tables
Fra:1 Mem:15.69M (Peak 18.31M) | Time:00:00.00 | Mem:1.29M, Peak:1.29M | Scene, ViewLayer | Updating Lights
Fra:1 Mem:15.69M (Peak 18.31M) | Time:00:00.00 | Mem:1.29M, Peak:1.29M | Scene, ViewLayer | Updating Lights | Computing tree
Fra:1 Mem:15.69M (Peak 18.31M) | Time:00:00.00 | Mem:1.29M, Peak:1.29M | Scene, ViewLayer | Updating Integrator
Fra:1 Mem:15.69M (Peak 18.31M) | Time:00:00.00 | Mem:1.29M, Peak:1.29M | Scene, ViewLayer | Updating Film
Fra:1 Mem:15.70M (Peak 18.31M) | Time:00:00.00 | Mem:1.21M, Peak:1.29M | Scene, ViewLayer | Updating Lookup Tables
Fra:1 Mem:15.70M (Peak 18.31M) | Time:00:00.00 | Mem:1.30M, Peak:1.30M | Scene, ViewLayer | Updating Baking
Fra:1 Mem:15.70M (Peak 18.31M) | Time:00:00.00 | Mem:1.30M, Peak:1.30M | Scene, ViewLayer | Updating Device | Writing constant memory
Fra:1 Mem:15.70M (Peak 18.31M) | Time:00:00.00 | Mem:1.30M, Peak:1.30M | Scene, ViewLayer | Loading denoising kernels (may take a few minutes the first time)
Fra:1 Mem:15.70M (Peak 18.31M) | Time:00:00.00 | Mem:1.30M, Peak:1.30M | Scene, ViewLayer | Sample 0/32
Fra:1 Mem:21.80M (Peak 21.80M) | Time:00:00.00 | Remaining:00:00.09 | Mem:7.23M, Peak:7.23M | Scene, ViewLayer | Sample 1/32
Fra:1 Mem:24.30M (Peak 28.05M) | Time:00:00.23 | Mem:7.23M, Peak:7.23M | Scene, ViewLayer | Sample 32/32
Fra:1 Mem:24.30M (Peak 28.05M) | Time:00:00.23 | Mem:7.23M, Peak:7.23M | Scene, ViewLayer | Finished
Saved: '/Users/al/git/Starbase2/.local/character-frames/eva/right-7.png'
Time: 00:00.23 (Saving: 00:00.00)

Fra:1 Mem:17.48M (Peak 17.48M) | Time:00:00.00 | Mem:0.00M, Peak:0.00M | Scene, ViewLayer | Synchronizing object | Pressure torso
Fra:1 Mem:17.50M (Peak 17.50M) | Time:00:00.00 | Mem:0.00M, Peak:0.00M | Scene, ViewLayer | Synchronizing object | Knee plate
Fra:1 Mem:17.50M (Peak 17.50M) | Time:00:00.00 | Mem:0.00M, Peak:0.00M | Scene, ViewLayer | Synchronizing object | Shin
Fra:1 Mem:17.55M (Peak 17.55M) | Time:00:00.00 | Mem:0.00M, Peak:0.00M | Scene, ViewLayer | Synchronizing object | Boot
Fra:1 Mem:17.64M (Peak 17.64M) | Time:00:00.00 | Mem:0.00M, Peak:0.00M | Scene, ViewLayer | Synchronizing object | Toe plate
Fra:1 Mem:17.63M (Peak 17.64M) | Time:00:00.00 | Mem:0.00M, Peak:0.00M | Scene, ViewLayer | Synchronizing object | Boot trim
Fra:1 Mem:17.67M (Peak 17.67M) | Time:00:00.00 | Mem:0.00M, Peak:0.00M | Scene, ViewLayer | Synchronizing object | Upper sleeve
Fra:1 Mem:17.72M (Peak 17.72M) | Time:00:00.00 | Mem:0.00M, Peak:0.00M | Scene, ViewLayer | Synchronizing object | Mission stripe
Fra:1 Mem:17.71M (Peak 17.72M) | Time:00:00.00 | Mem:0.00M, Peak:0.00M | Scene, ViewLayer | Synchronizing object | Elbow joint
Fra:1 Mem:17.73M (Peak 17.73M) | Time:00:00.00 | Mem:0.00M, Peak:0.00M | Scene, ViewLayer | Synchronizing object | Glove
Fra:1 Mem:17.73M (Peak 17.73M) | Time:00:00.00 | Mem:0.00M, Peak:0.00M | Scene, ViewLayer | Synchronizing object | Pressure fold
Fra:1 Mem:17.74M (Peak 17.74M) | Time:00:00.00 | Mem:0.00M, Peak:0.00M | Scene, ViewLayer | Synchronizing object | Pressure fold.002
Fra:1 Mem:17.77M (Peak 17.77M) | Time:00:00.00 | Mem:0.00M, Peak:0.00M | Scene, ViewLayer | Synchronizing object | Knee gasket.001
Fra:1 Mem:17.75M (Peak 17.77M) | Time:00:00.00 | Mem:0.00M, Peak:0.00M | Scene, ViewLayer | Synchronizing object | Knee plate.001
Fra:1 Mem:17.75M (Peak 17.77M) | Time:00:00.00 | Mem:0.00M, Peak:0.00M | Scene, ViewLayer | Synchronizing object | Shin.001
Fra:1 Mem:17.82M (Peak 17.82M) | Time:00:00.00 | Mem:0.00M, Peak:0.00M | Scene, ViewLayer | Synchronizing object | Boot.001
Fra:1 Mem:17.82M (Peak 17.82M) | Time:00:00.00 | Mem:0.00M, Peak:0.00M | Scene, ViewLayer | Synchronizing object | Boot trim.001
Fra:1 Mem:17.83M (Peak 17.83M) | Time:00:00.00 | Mem:0.00M, Peak:0.00M | Scene, ViewLayer | Synchronizing object | Upper sleeve.001
Fra:1 Mem:17.89M (Peak 17.89M) | Time:00:00.00 | Mem:0.00M, Peak:0.00M | Scene, ViewLayer | Synchronizing object | Shoulder shell.001
Fra:1 Mem:17.90M (Peak 17.90M) | Time:00:00.00 | Mem:0.00M, Peak:0.00M | Scene, ViewLayer | Synchronizing object | Mission stripe.001
Fra:1 Mem:17.93M (Peak 17.93M) | Time:00:00.00 | Mem:0.00M, Peak:0.00M | Scene, ViewLayer | Synchronizing object | Elbow joint.001
Fra:1 Mem:17.94M (Peak 17.94M) | Time:00:00.00 | Mem:0.00M, Peak:0.00M | Scene, ViewLayer | Synchronizing object | Gauntlet.001
Fra:1 Mem:17.97M (Peak 17.97M) | Time:00:00.00 | Mem:0.00M, Peak:0.00M | Scene, ViewLayer | Synchronizing object | Control.002
Fra:1 Mem:18.00M (Peak 18.00M) | Time:00:00.00 | Mem:0.00M, Peak:0.00M | Scene, ViewLayer | Synchronizing object | Wrist display.001
Fra:1 Mem:18.01M (Peak 18.01M) | Time:00:00.00 | Mem:0.00M, Peak:0.00M | Scene, ViewLayer | Synchronizing object | Pressure fold.004
Fra:1 Mem:17.99M (Peak 18.01M) | Time:00:00.00 | Mem:0.00M, Peak:0.00M | Scene, ViewLayer | Synchronizing object | Pressure fold.005
Fra:1 Mem:18.02M (Peak 18.02M) | Time:00:00.00 | Mem:0.00M, Peak:0.00M | Scene, ViewLayer | Synchronizing object | Pressure fold.006
Fra:1 Mem:18.03M (Peak 18.03M) | Time:00:00.00 | Mem:0.00M, Peak:0.00M | Scene, ViewLayer | Synchronizing object | Life support pack
Fra:1 Mem:18.02M (Peak 18.03M) | Time:00:00.00 | Mem:0.00M, Peak:0.00M | Scene, ViewLayer | Synchronizing object | Oxygen cylinder
Fra:1 Mem:18.03M (Peak 18.03M) | Time:00:00.00 | Mem:0.00M, Peak:0.00M | Scene, ViewLayer | Synchronizing object | Oxygen cylinder.001
Fra:1 Mem:18.06M (Peak 18.06M) | Time:00:00.00 | Mem:0.00M, Peak:0.00M | Scene, ViewLayer | Synchronizing object | Neck seal
Fra:1 Mem:18.09M (Peak 18.09M) | Time:00:00.00 | Mem:0.00M, Peak:0.00M | Scene, ViewLayer | Synchronizing object | Helmet
Fra:1 Mem:18.09M (Peak 18.09M) | Time:00:00.00 | Mem:0.00M, Peak:0.00M | Scene, ViewLayer | Synchronizing object | Visor seal
Fra:1 Mem:18.11M (Peak 18.11M) | Time:00:00.00 | Mem:0.00M, Peak:0.00M | Scene, ViewLayer | Synchronizing object | Amber visor
Fra:1 Mem:18.15M (Peak 18.15M) | Time:00:00.00 | Mem:0.00M, Peak:0.00M | Scene, ViewLayer | Synchronizing object | Visor warm reflection
Fra:1 Mem:18.19M (Peak 18.19M) | Time:00:00.00 | Mem:0.00M, Peak:0.00M | Scene, ViewLayer | Synchronizing object | Control
Fra:1 Mem:18.18M (Peak 18.19M) | Time:00:00.00 | Mem:0.00M, Peak:0.00M | Scene, ViewLayer | Synchronizing object | Display glass
Fra:1 Mem:18.22M (Peak 18.22M) | Time:00:00.00 | Mem:0.00M, Peak:0.00M | Scene, ViewLayer | Synchronizing object | Comms housing
Fra:1 Mem:18.25M (Peak 18.25M) | Time:00:00.00 | Mem:0.00M, Peak:0.00M | Scene, ViewLayer | Synchronizing object | Chest control unit
Fra:1 Mem:18.25M (Peak 18.25M) | Time:00:00.00 | Mem:0.00M, Peak:0.00M | Scene, ViewLayer | Synchronizing object | Telemetry display
Fra:1 Mem:18.31M (Peak 18.31M) | Time:00:00.00 | Mem:0.00M, Peak:0.00M | Scene, ViewLayer | Initializing
Fra:1 Mem:15.10M (Peak 18.31M) | Time:00:00.00 | Mem:0.00M, Peak:0.00M | Scene, ViewLayer | Waiting for render to start
Fra:1 Mem:15.10M (Peak 18.31M) | Time:00:00.00 | Mem:0.00M, Peak:0.00M | Scene, ViewLayer | Updating Scene
Fra:1 Mem:15.10M (Peak 18.31M) | Time:00:00.00 | Mem:0.00M, Peak:0.00M | Scene, ViewLayer | Updating Shaders
Fra:1 Mem:15.10M (Peak 18.31M) | Time:00:00.00 | Mem:0.00M, Peak:0.00M | Scene, ViewLayer | Loading render kernels (may take a few minutes the first time)
Fra:1 Mem:15.19M (Peak 18.31M) | Time:00:00.00 | Mem:0.01M, Peak:0.01M | Scene, ViewLayer | Updating Procedurals
Fra:1 Mem:15.19M (Peak 18.31M) | Time:00:00.00 | Mem:0.01M, Peak:0.01M | Scene, ViewLayer | Updating Background
Fra:1 Mem:15.19M (Peak 18.31M) | Time:00:00.00 | Mem:0.01M, Peak:0.01M | Scene, ViewLayer | Updating Camera
Fra:1 Mem:15.19M (Peak 18.31M) | Time:00:00.00 | Mem:0.01M, Peak:0.01M | Scene, ViewLayer | Updating Meshes Flags
Fra:1 Mem:15.19M (Peak 18.31M) | Time:00:00.00 | Mem:0.01M, Peak:0.01M | Scene, ViewLayer | Updating Objects
Fra:1 Mem:15.19M (Peak 18.31M) | Time:00:00.00 | Mem:0.01M, Peak:0.01M | Scene, ViewLayer | Updating Objects | Copying Transformations to device
Fra:1 Mem:15.20M (Peak 18.31M) | Time:00:00.00 | Mem:0.02M, Peak:0.02M | Scene, ViewLayer | Updating Particle Systems
Fra:1 Mem:15.20M (Peak 18.31M) | Time:00:00.00 | Mem:0.02M, Peak:0.02M | Scene, ViewLayer | Updating Particle Systems | Copying Particles to device
Fra:1 Mem:15.20M (Peak 18.31M) | Time:00:00.00 | Mem:0.02M, Peak:0.02M | Scene, ViewLayer | Updating Meshes
Fra:1 Mem:15.20M (Peak 18.31M) | Time:00:00.00 | Mem:0.02M, Peak:0.02M | Scene, ViewLayer | Updating Objects | Applying Static Transformations
Fra:1 Mem:15.20M (Peak 18.31M) | Time:00:00.00 | Mem:0.02M, Peak:0.02M | Scene, ViewLayer | Updating Mesh | Computing attributes
Fra:1 Mem:15.32M (Peak 18.31M) | Time:00:00.00 | Mem:0.02M, Peak:0.02M | Scene, ViewLayer | Updating Mesh | Copying Attributes to device
Fra:1 Mem:15.31M (Peak 18.31M) | Time:00:00.00 | Mem:0.13M, Peak:0.13M | Scene, ViewLayer | Updating Scene BVH | Building
Fra:1 Mem:15.31M (Peak 18.31M) | Time:00:00.00 | Mem:0.13M, Peak:0.13M | Scene, ViewLayer | Updating Scene BVH | Building BVH
Fra:1 Mem:15.31M (Peak 18.31M) | Time:00:00.00 | Mem:0.83M, Peak:1.15M | Scene, ViewLayer | Updating Scene BVH | Copying BVH to device
Fra:1 Mem:15.31M (Peak 18.31M) | Time:00:00.00 | Mem:0.83M, Peak:1.15M | Scene, ViewLayer | Updating Mesh | Computing normals
Fra:1 Mem:15.69M (Peak 18.31M) | Time:00:00.00 | Mem:0.83M, Peak:1.15M | Scene, ViewLayer | Updating Mesh | Copying Mesh to device
Fra:1 Mem:15.69M (Peak 18.31M) | Time:00:00.00 | Mem:1.21M, Peak:1.21M | Scene, ViewLayer | Updating Objects Flags
Fra:1 Mem:15.69M (Peak 18.31M) | Time:00:00.00 | Mem:1.21M, Peak:1.21M | Scene, ViewLayer | Updating Primitive Offsets
Fra:1 Mem:15.69M (Peak 18.31M) | Time:00:00.00 | Mem:1.21M, Peak:1.21M | Scene, ViewLayer | Updating Images
Fra:1 Mem:15.69M (Peak 18.31M) | Time:00:00.00 | Mem:1.21M, Peak:1.21M | Scene, ViewLayer | Updating Camera Volume
Fra:1 Mem:15.69M (Peak 18.31M) | Time:00:00.00 | Mem:1.21M, Peak:1.21M | Scene, ViewLayer | Updating Lookup Tables
Fra:1 Mem:15.69M (Peak 18.31M) | Time:00:00.00 | Mem:1.29M, Peak:1.29M | Scene, ViewLayer | Updating Lights
Fra:1 Mem:15.69M (Peak 18.31M) | Time:00:00.00 | Mem:1.29M, Peak:1.29M | Scene, ViewLayer | Updating Lights | Computing tree
Fra:1 Mem:15.69M (Peak 18.31M) | Time:00:00.00 | Mem:1.29M, Peak:1.29M | Scene, ViewLayer | Updating Integrator
Fra:1 Mem:15.69M (Peak 18.31M) | Time:00:00.00 | Mem:1.29M, Peak:1.29M | Scene, ViewLayer | Updating Film
Fra:1 Mem:15.70M (Peak 18.31M) | Time:00:00.00 | Mem:1.21M, Peak:1.29M | Scene, ViewLayer | Updating Lookup Tables
Fra:1 Mem:15.70M (Peak 18.31M) | Time:00:00.00 | Mem:1.30M, Peak:1.30M | Scene, ViewLayer | Updating Baking
Fra:1 Mem:15.70M (Peak 18.31M) | Time:00:00.00 | Mem:1.30M, Peak:1.30M | Scene, ViewLayer | Updating Device | Writing constant memory
Fra:1 Mem:15.70M (Peak 18.31M) | Time:00:00.00 | Mem:1.30M, Peak:1.30M | Scene, ViewLayer | Loading denoising kernels (may take a few minutes the first time)
Fra:1 Mem:15.70M (Peak 18.31M) | Time:00:00.00 | Mem:1.30M, Peak:1.30M | Scene, ViewLayer | Sample 0/32
Fra:1 Mem:21.80M (Peak 21.80M) | Time:00:00.00 | Remaining:00:00.10 | Mem:7.23M, Peak:7.23M | Scene, ViewLayer | Sample 1/32
Fra:1 Mem:24.30M (Peak 28.05M) | Time:00:00.24 | Mem:7.23M, Peak:7.23M | Scene, ViewLayer | Sample 32/32
Fra:1 Mem:24.30M (Peak 28.05M) | Time:00:00.24 | Mem:7.23M, Peak:7.23M | Scene, ViewLayer | Finished
Saved: '/Users/al/git/Starbase2/.local/character-frames/eva/right-8.png'
Time: 00:00.24 (Saving: 00:00.00)

Info: Saved as "captain.blend"
Info: Saved as "eva.blend"

Blender quit
